libro,categoria_libro,banda_subgenero,razon,banda,banda_subg_texto,libro_titulo,banda_key,libro_key,banda_banda,subgenero_semilla,pais,popularidad_log,subg_Alternative Metal,subg_Alternative Rock,subg_Black Metal,subg_Blackened Death Metal,subg_Death Metal,subg_Deathcore,subg_Doom Metal / Stoner,subg_Emo / Alternative Rock,subg_Folk Metal,subg_Gothic Metal,subg_Gothic Rock,subg_Hard Rock / Rock clasico,subg_Heavy Metal,subg_Melodic Death Metal,subg_Metalcore,subg_Nu Metal,subg_Occult Rock,subg_Pop Punk,subg_Post-Hardcore,subg_Post-Metal / Atmospheric,subg_Power Metal,subg_Progressive Metal,subg_Punk Rock,subg_Symphonic Metal,tag_metal,tag_alternative_rock,tag_heavy_metal,tag_alternative_metal,tag_rock,tag_pop_punk,tag_hard_rock,tag_progressive_metal,tag_death_metal,tag_power_metal,tag_symphonic_metal,tag_gothic_metal,tag_doom_metal,tag_metalcore,tag_black_metal,tag_pop_rock,tag_nu_metal,tag_progressive_rock,tag_emo,tag_blues_rock,tag_finnish,tag_folk_metal,tag_melodic_death_metal,tag_gothic_rock,tag_deathcore,tag_djent,tag_emo_pop,tag_punk_rock,tag_indie_rock,tag_british,titulo_buscado,categoria_semilla,decada,cat_Alta fantasia / epica,cat_Cozy Fantasy / sobrenatural,cat_Dark Academia,cat_Distopia juvenil,cat_Fae Fantasy,cat_Fantasia clasica / juvenil,cat_Fantasia de cuento de hadas,cat_Fantasia oscura / gotica,cat_Fantasia urbana,cat_Gotico clasico / vampiros,cat_Grimdark,cat_Mitologia (nordica / celta / griega),cat_Romance historico / gotico,cat_Romance juvenil / coming-of-age,cat_Romantasy (fantasia romantica),tfidf_action,tfidf_adventure,tfidf_alex,tfidf_alice,tfidf_american,tfidf_ancient,tfidf_armies,tfidf_arrives,tfidf_arthur,tfidf_ash,tfidf_away,tfidf_baggins,tfidf_basgiath,tfidf_battle,tfidf_begins,tfidf_best,tfidf_betrayal,tfidf_bilbo,tfidf_black,tfidf_blood,tfidf_book,tfidf_born,tfidf_boy,tfidf_brings,tfidf_brother,tfidf_brutal,tfidf_called,tfidf_castle,tfidf_catch,tfidf_centuries,tfidf_changes,tfidf_characters,tfidf_childhood,tfidf_children,tfidf_circe,tfidf_city,tfidf_come,tfidf_comes,tfidf_company,tfidf_continues,tfidf_control,tfidf_course,tfidf_court,tfidf_cousin,tfidf_creatures,tfidf_crows,tfidf_danger,tfidf_dangerous,tfidf_daring,tfidf_dark,tfidf_darkness,tfidf_daughter,tfidf_day,tfidf_days,tfidf_dazzling,tfidf_dead,tfidf_deadly,tfidf_death,tfidf_decades,tfidf_decide,tfidf_deep,tfidf_demon,tfidf_desperate,tfidf_destroy,tfidf_determined,tfidf_die,tfidf_discovers,tfidf_doesn,tfidf_doom,tfidf_door,tfidf_dragon,tfidf_dragons,tfidf_drawn,tfidf_draws,tfidf_dreams,tfidf_easy,tfidf_edge,tfidf_elite,tfidf_elites,tfidf_empire,tfidf_end,tfidf_enemies,tfidf_enemy,tfidf_england,tfidf_enigmatic,tfidf_enter,tfidf_epic,tfidf_events,tfidf_evil,tfidf_extraordinary,tfidf_face,tfidf_faerie,tfidf_fairy,tfidf_family,tfidf_fantasy,tfidf_far,tfidf_fate,tfidf_father,tfidf_feyre,tfidf_fight,tfidf_film,tfidf_finally,tfidf_finds,tfidf_forever,tfidf_free,tfidf_fresh,tfidf_friend,tfidf_friends,tfidf_future,tfidf_gaiman,tfidf_game,tfidf_games,tfidf_girl,tfidf_god,tfidf_gods,tfidf_good,tfidf_gray,tfidf_great,tfidf_half,tfidf_hands,tfidf_head,tfidf_heart,tfidf_hearts,tfidf_help,tfidf_hes,tfidf_hidden,tfidf_high,tfidf_history,tfidf_hobbit,tfidf_home,tfidf_house,tfidf_human,tfidf_hunger,tfidf_husband,tfidf_imagination,tfidf_immortal,tfidf_impossible,tfidf_including,tfidf_iris,tfidf_journey,tfidf_just,tfidf_kill,tfidf_kind,tfidf_king,tfidf_kingdom,tfidf_kings,tfidf_knights,tfidf_know,tfidf_knowledge,tfidf_known,tfidf_knows,tfidf_kvothe,tfidf_land,tfidf_later,tfidf_lead,tfidf_learns,tfidf_leave,tfidf_left,tfidf_legend,tfidf_legendary,tfidf_lestat,tfidf_life,tfidf_like,tfidf_live,tfidf_lives,tfidf_london,tfidf_long,tfidf_lord,tfidf_lost,tfidf_louis,tfidf_love,tfidf_loves,tfidf_magic,tfidf_magical,tfidf_make,tfidf_makes,tfidf_making,tfidf_man,tfidf_mark,tfidf_master,tfidf_meets,tfidf_memory,tfidf_men,tfidf_modern,tfidf_monsters,tfidf_mother,tfidf_mysterious,tfidf_mythology,tfidf_named,tfidf_narnia,tfidf_nearly,tfidf_need,tfidf_new,tfidf_night,tfidf_ninth,tfidf_north,tfidf_novel,tfidf_novels,tfidf_nurse,tfidf_ocean,tfidf_old,tfidf_order,tfidf_ordinary,tfidf_original,tfidf_paedyn,tfidf_passion,tfidf_past,tfidf_people,tfidf_percy,tfidf_perilous,tfidf_person,tfidf_place,tfidf_play,tfidf_players,tfidf_plot,tfidf_possessed,tfidf_power,tfidf_powerful,tfidf_powers,tfidf_prince,tfidf_prison,tfidf_protect,tfidf_quest,tfidf_radiant,tfidf_raised,tfidf_readers,tfidf_real,tfidf_realized,tfidf_realizes,tfidf_red,tfidf_rescue,tfidf_return,tfidf_returned,tfidf_rich,tfidf_riders,tfidf_right,tfidf_ring,tfidf_roman,tfidf_ruler,tfidf_sacrifice,tfidf_save,tfidf_school,tfidf_second,tfidf_secret,tfidf_secrets,tfidf_seen,tfidf_series,tfidf_set,tfidf_seven,tfidf_shes,tfidf_sisters,tfidf_soon,tfidf_soul,tfidf_stolen,tfidf_stone,tfidf_stop,tfidf_stories,tfidf_story,tfidf_storytelling,tfidf_strange,tfidf_survive,tfidf_sword,tfidf_tale,tfidf_tales,tfidf_tamlin,tfidf_terrible,tfidf_terrifying,tfidf_thing,tfidf_thousand,tfidf_threatens,tfidf_throne,tfidf_time,tfidf_told,tfidf_translation,tfidf_trilogy,tfidf_true,tfidf_truth,tfidf_vampire,tfidf_vampires,tfidf_violet,tfidf_wall,tfidf_walls,tfidf_want,tfidf_war,tfidf_way,tfidf_ways,tfidf_white,tfidf_wise,tfidf_witch,tfidf_witches,tfidf_woman,tfidf_won,tfidf_words,tfidf_work,tfidf_world,tfidf_writing,tfidf_written,tfidf_year,tfidf_years,tfidf_young
Berserk — Kentaro Miura,Dark Fantasy,Lorna Shore — Deathcore,"Violencia, tragedia, demonios y una lucha brutal contra el destino.",Lorna Shore,Deathcore,Berserk,lorna shore,berserk,Lorna Shore,Deathcore,US,12.08665264577885,False,False,False,False,False,True,False,False,False,False,False,False,False,False,False,False,False,False,False,False,False,False,False,False,0,0,0,0,0,0,0,0,1,0,0,0,0,0,0,0,0,0,0,0,0,0,0,0,1,0,0,0,0,0,Berserk,Fantasia oscura / gotica,1990.0,False,False,False,False,False,False,False,True,False,False,False,False,False,False,False,0.0,0.0,0.0,0.0,0.0,0.0,0.0,0.0,0.0,0.0,0.0,0.0,0.0,0.0,0.0,0.0,0.0,0.0,0.3310488819005283,0.0,0.0,0.0,0.0,0.0,0.0,0.0,0.0,0.0,0.0,0.0,0.0,0.0,0.0,0.0,0.0,0.0,0.0,0.0,0.0,0.0,0.0,0.0,0.0,0.0,0.0,0.0,0.0,0.0,0.0,0.24015691395292654,0.3310488819005283,0.0,0.0,0.0,0.0,0.0,0.0,0.2635694166670603,0.0,0.0,0.0,0.0,0.0,0.0,0.0,0.0,0.0,0.0,0.0,0.0,0.0,0.0,0.0,0.3469608348893318,0.0,0.0,0.0,0.0,0.0,0.0,0.0,0.0,0.0,0.0,0.0,0.0,0.0,0.0,0.0,0.0,0.0,0.0,0.0,0.0,0.0,0.0,0.3175955173410349,0.0,0.0,0.0,0.0,0.0,0.0,0.0,0.0,0.0,0.0,0.0,0.0,0.0,0.0,0.0,0.0,0.0,0.0,0.0,0.0,0.0,0.0,0.0,0.0,0.0,0.0,0.0,0.0,0.0,0.0,0.0,0.0,0.0,0.0,0.0,0.0,0.0,0.0,0.0,0.0,0.0,0.0,0.0,0.0,0.0,0.0,0.0,0.0,0.0,0.0,0.0,0.0,0.0,0.0,0.0,0.0,0.0,0.0,0.0,0.0,0.0,0.0,0.0,0.0,0.0,0.0,0.0,0.0,0.0,0.0,0.0,0.0,0.0,0.0,0.0,0.0,0.0,0.0,0.0,0.0,0.0,0.0,0.0,0.0,0.0,0.0,0.0,0.0,0.0,0.0,0.0,0.0,0.0,0.0,0.0,0.0,0.0,0.0,0.0,0.0,0.0,0.0,0.0,0.0,0.0,0.0,0.0,0.0,0.0,0.0,0.0,0.0,0.0,0.0,0.0,0.0,0.0,0.0,0.0,0.0,0.0,0.0,0.0,0.0,0.0,0.0,0.0,0.0,0.0,0.0,0.0,0.0,0.0,0.0,0.0,0.0,0.0,0.0,0.0,0.0,0.0,0.0,0.3469608348893318,0.0,0.0,0.0,0.0,0.0,0.0,0.2864670263384536,0.0,0.0,0.0,0.0,0.0,0.0,0.0,0.0,0.0,0.0,0.0,0.0,0.0,0.0,0.3469608348893318,0.0,0.0,0.0,0.0,0.0,0.0,0.0,0.0,0.0,0.0,0.0,0.0,0.0,0.0,0.0,0.0,0.0,0.0,0.0,0.0,0.0,0.0,0.0,0.0,0.0,0.0,0.0,0.0,0.0,0.3310488819005283,0.0,0.0,0.0,0.0,0.0,0.0,0.0,0.0
El Señor de los Anillos — J. R. R. Tolkien,Fantasía Épica,Blind Guardian — Power Metal,"Tolkien, batallas, héroes y mitología; una combinación casi perfecta.",Blind Guardian,Power Metal,El Señor de los Anillos,blind guardian,el senor de los anillos,Blind Guardian,Power Metal,DE,11.065684782829349,False,False,False,False,False,False,False,False,False,False,False,False,False,False,False,False,False,False,False,False,True,False,False,False,1,0,0,0,0,0,0,1,0,1,0,0,0,0,0,0,0,0,0,0,0,0,0,0,0,0,0,0,0,0,El Senor de los Anillos,Alta fantasia / epica,1950.0,True,False,False,False,False,False,False,False,False,False,False,False,False,False,False,0.0,0.0,0.0,0.0,0.0,0.0725562499760223,0.0,0.0,0.0,0.0,0.0,0.2314859674592014,0.0,0.0,0.0,0.0,0.0,0.2314859674592014,0.0,0.0,0.0,0.0,0.0,0.0,0.0,0.0,0.0,0.0,0.0,0.0,0.0,0.0,0.0,0.0,0.0,0.0,0.0,0.0,0.0,0.0,0.0,0.0,0.0,0.10256424968911165,0.0,0.0,0.0,0.0,0.0,0.1419844040615768,0.0978605559136871,0.0,0.0,0.0,0.0,0.0,0.0,0.0,0.0,0.0,0.0978605559136871,0.0,0.0,0.0978605559136871,0.0,0.0,0.0,0.0,0.10256424968911165,0.0,0.0,0.0,0.0,0.0,0.0,0.0,0.0,0.0,0.0,0.0,0.0,0.0,0.0,0.0,0.0,0.0,0.0,0.0,0.08740000621952473,0.0,0.0,0.0,0.0,0.0,0.0,0.0,0.0,0.0,0.0,0.0,0.0,0.0,0.07422127217903567,0.0,0.0,0.0,0.0,0.0,0.0,0.0,0.0,0.0,0.0,0.0,0.0,0.0,0.0,0.0,0.0,0.08740000621952473,0.0,0.0,0.0,0.0,0.0,0.0,0.0,0.0,0.1083211056078495,0.08468182187319806,0.0,0.0,0.0,0.0,0.0,0.0,0.0,0.0,0.0,0.08222292503530608,0.0,0.0,0.0,0.0,0.0,0.0,0.0,0.0,0.0,0.0,0.0,0.0,0.0,0.0,0.0,0.0,0.10256424968911165,0.0,0.0,0.0,0.0,0.0,0.0,0.0,0.0,0.0,0.0,0.18087735558387177,0.07791311509287895,0.0,0.0,0.0,0.0,0.0,0.08222292503530608,0.0,0.0,0.0,0.0,0.0,0.0,0.0,0.0,0.0,0.0,0.0,0.0,0.0,0.0,0.0,0.0,0.0,0.0546738221601087,0.0,0.0,0.0,0.0,0.0,0.0,0.0,0.0,0.0,0.0,0.0,0.0,0.0,0.0,0.0,0.0,0.0978605559136871,0.0,0.0,0.0,0.0,0.0,0.0,0.13108132396451172,0.0,0.0,0.0,0.0,0.0,0.0,0.0,0.0,0.0,0.0,0.0978605559136871,0.0,0.0,0.0,0.0,0.0,0.0,0.0,0.0,0.8102008861072049,0.0,0.0,0.0,0.0,0.0,0.0,0.0,0.0,0.0,0.0,0.0,0.0,0.0,0.0,0.0,0.0,0.0,0.0,0.0,0.0,0.0,0.0,0.0,0.0,0.0,0.0,0.0,0.0,0.0,0.0,0.0,0.0,0.0,0.0,0.06104253813854662,0.09043867779193589,0.0,0.0,0.0,0.0,0.0,0.0,0.0,0.0,0.0,0.0,0.0,0.0,0.0,0.0,0.0,0.0,0.0,0.0,0.0,0.0,0.0,0.053109774214874804,0.0,0.0,0.0,0.0,0.06812270411328843
El Hobbit — J. R. R. Tolkien,Fantasía Épica,Rhapsody of Fire — Symphonic Power Metal,"Dragones, aventuras, tesoros y un viaje heroico.",Rhapsody of Fire,Symphonic Power Metal,El Hobbit,rhapsody of fire,el hobbit,Rhapsody of Fire,Power Metal,IT,10.234660056062438,False,False,False,False,False,False,False,False,False,False,False,False,False,False,False,False,False,False,False,False,True,False,False,False,0,0,0,0,0,0,0,0,0,1,1,0,0,0,0,0,0,0,0,0,0,0,0,0,0,0,0,0,0,0,El Hobbit,Alta fantasia / epica,1930.0,True,False,False,False,False,False,False,False,False,False,False,False,False,False,False,0.0,0.1321174018600261,0.0,0.0,0.0,0.0,0.16001689492390556,0.0,0.0,0.0,0.0,0.36115572281332686,0.0,0.12477887527890451,0.0,0.0,0.0,0.5417335842199903,0.0,0.0,0.0,0.0,0.0,0.0,0.0,0.0,0.0,0.0,0.0,0.0,0.0,0.0,0.0,0.14647373252624837,0.0,0.0,0.0,0.0,0.16899852557428346,0.0,0.0,0.0,0.0,0.0,0.0,0.0,0.0,0.0,0.0,0.0,0.0,0.0,0.0,0.0,0.0,0.0,0.0,0.0,0.0,0.0,0.0,0.0,0.0,0.0,0.0,0.0,0.0,0.0,0.0,0.0,0.29294746505249675,0.0,0.0,0.0,0.0,0.0,0.0,0.0,0.0,0.0,0.0,0.0,0.0,0.0,0.0,0.0,0.0,0.0,0.0,0.0,0.0,0.0,0.0,0.0,0.0,0.0,0.0,0.0,0.0,0.0,0.0,0.0,0.0,0.0,0.0,0.0,0.0,0.0,0.0,0.0,0.0,0.0,0.0,0.0,0.0,0.0,0.0,0.0,0.0,0.0,0.0,0.0,0.0,0.0,0.0,0.0,0.12155711945246091,0.0,0.5069955767228503,0.0,0.0,0.0,0.0,0.0,0.0,0.0,0.0,0.0,0.0,0.0,0.10845871804740503,0.0,0.0,0.0,0.0,0.0,0.0,0.0,0.0,0.0,0.0,0.0,0.0,0.0,0.0,0.0,0.0,0.0,0.0,0.0,0.0,0.0,0.0,0.0,0.0,0.0,0.0,0.0,0.0,0.0,0.0,0.0,0.0,0.0,0.0,0.0,0.0,0.0,0.0,0.0,0.0,0.0,0.0,0.0,0.0,0.0,0.0,0.0,0.0,0.0,0.0,0.0,0.0,0.0,0.0,0.0,0.0,0.0,0.0,0.0,0.0,0.0,0.0,0.0,0.0,0.0,0.0,0.0,0.0,0.15267836834278398,0.0,0.12155711945246091,0.0,0.0,0.0,0.0,0.0,0.0,0.0,0.0,0.0,0.0,0.14647373252624837,0.0,0.0,0.0,0.0,0.0,0.0,0.0,0.0,0.0,0.0,0.0,0.0,0.0,0.0,0.0,0.0,0.0,0.0,0.0,0.0,0.0,0.0,0.0,0.0,0.0,0.0,0.0,0.0,0.0,0.0,0.0,0.0,0.0,0.0,0.0,0.0,0.0,0.0,0.0,0.14109903251040398,0.0,0.0,0.0,0.0,0.0,0.0,0.0,0.0,0.0,0.0,0.0,0.0,0.0,0.0,0.0,0.0,0.0,0.0,0.0,0.0,0.0,0.0,0.0,0.0,0.0,0.0,0.0,0.0,0.0,0.0,0.0,0.0,0.0,0.1363582111112845,0.0,0.0,0.0
El Silmarillion — J. R. R. Tolkien,Alta Fantasía,Blind Guardian — Power Metal,"Dioses, guerras, tragedias y una mitología gigantesca.",Blind Guardian,Power Metal,El Silmarillion,blind guardian,el silmarillion,Blind Guardian,Power Metal,DE,11.065684782829349,False,False,False,False,False,False,False,False,False,False,False,False,False,False,False,False,False,False,False,False,True,False,False,False,1,0,0,0,0,0,0,1,0,1,0,0,0,0,0,0,0,0,0,0,0,0,0,0,0,0,0,0,0,0,El Silmarillion,Alta fantasia / epica,1970.0,True,False,False,False,False,False,False,False,False,False,False,False,False,False,False,0.0,0.0,0.0,0.0,0.0,0.0,0.0,0.0,0.0,0.0,0.0,0.0,0.0,0.0,0.0,0.0,0.0,0.0,0.0,0.0,0.0,0.0,0.0,0.0,0.0,0.0,0.0,0.0,0.0,0.0,0.0,0.0,0.0,0.0,0.0,0.0,0.0,0.0,0.0,0.0,0.0,0.0,0.0,0.0,0.0,0.0,0.0,0.0,0.0,0.0,0.0,0.0,0.0,0.0,0.0,0.0,0.0,0.0,0.0,0.0,0.0,0.0,0.0,0.0,0.0,0.0,0.0,0.0,0.0,0.0,0.0,0.0,0.0,0.0,0.0,0.0,0.0,0.0,0.0,0.0,0.0,0.0,0.0,0.0,0.0,0.0,0.0,0.0,0.0,0.0,0.0,0.0,0.0,0.0,0.0,0.0,0.0,0.0,0.0,0.0,0.0,0.0,0.0,0.0,0.0,0.0,0.0,0.0,0.0,0.0,0.0,0.0,0.0,0.0,0.0,0.0,0.0,0.0,0.0,0.0,0.0,0.0,0.0,0.0,0.0,0.0,0.0,0.0,0.5473498091994147,0.0,0.0,0.0,0.0,0.0,0.0,0.0,0.0,0.0,0.0,0.0,0.0,0.0,0.0,0.0,0.0,0.0,0.0,0.0,0.0,0.0,0.0,0.0,0.0,0.0,0.0,0.0,0.0,0.0,0.0,0.0,0.0,0.0,0.0,0.0,0.0,0.0,0.38403641170920033,0.0,0.0,0.0,0.0,0.0,0.0,0.0,0.0,0.0,0.0,0.0,0.0,0.0,0.0,0.0,0.0,0.0,0.0,0.0,0.0,0.0,0.0,0.0,0.0,0.0,0.27626847011585215,0.0,0.0,0.0,0.0,0.0,0.0,0.0,0.0,0.0,0.0,0.0,0.0,0.0,0.0,0.0,0.0,0.0,0.0,0.0,0.0,0.0,0.0,0.0,0.0,0.0,0.0,0.0,0.0,0.0,0.0,0.0,0.0,0.0,0.0,0.0,0.0,0.0,0.0,0.0,0.0,0.0,0.0,0.0,0.0,0.0,0.0,0.0,0.0,0.0,0.0,0.0,0.0,0.0,0.0,0.0,0.0,0.0,0.0,0.0,0.0,0.0,0.0,0.0,0.0,0.0,0.0,0.0,0.0,0.0,0.0,0.0,0.0,0.0,0.0,0.0,0.0,0.0,0.0,0.3084497837765821,0.0,0.0,0.0,0.0,0.0,0.0,0.0,0.0,0.0,0.0,0.0,0.0,0.0,0.0,0.0,0.0,0.0,0.0,0.0,0.0,0.0,0.41547491670571807,0.0,0.45698936283822716,0.0,0.0,0.0,0.0
Eragon — Christopher Paolini,Fantasía Épica,Rhapsody of Fire — Symphonic Power Metal,"Dragones, magia, caballeros y una aventura clásica.",Rhapsody of Fire,Symphonic Power Metal,Eragon,rhapsody of fire,eragon,Rhapsody of Fire,Power Metal,IT,10.234660056062438,False,False,False,False,False,False,False,False,False,False,False,False,False,False,False,False,False,False,False,False,True,False,False,False,0,0,0,0,0,0,0,0,0,1,1,0,0,0,0,0,0,0,0,0,0,0,0,0,0,0,0,0,0,0,Eragon,Alta fantasia / epica,2000.0,True,False,False,False,False,False,False,False,False,False,False,False,False,False,False,0.0,0.1217414636875735,0.0,0.0,0.0,0.10430932963380324,0.0,0.0,0.0,0.0,0.0,0.0,0.0,0.0,0.0,0.0,0.0,0.0,0.0,0.0,0.0,0.0,0.2699406185480387,0.13497030927401935,0.0,0.0,0.0,0.0,0.0,0.0,0.0,0.0,0.0,0.0,0.0,0.0,0.0,0.0,0.0,0.0,0.0,0.0,0.0,0.0,0.0,0.0,0.0,0.10670302211210964,0.0,0.10206080117848215,0.0,0.0,0.0,0.0,0.0,0.0,0.0,0.0,0.0,0.0,0.0,0.0,0.0,0.0,0.0,0.0,0.0,0.0,0.0,0.0,0.5398812370960774,0.0,0.0,0.0,0.0,0.0,0.0,0.0,0.0,0.3546194102009497,0.0,0.14068765941350866,0.0,0.0,0.0,0.0,0.0,0.0,0.1256492178380448,0.0,0.0,0.0,0.0,0.11820647006698325,0.0,0.0,0.13497030927401935,0.0,0.0,0.0,0.0,0.0,0.10670302211210964,0.0,0.0,0.0,0.0,0.0,0.0,0.0,0.0,0.0,0.0,0.0,0.0,0.0,0.0,0.0,0.0,0.1256492178380448,0.0,0.0,0.0,0.0,0.0,0.0,0.0,0.0,0.0,0.0,0.0,0.0,0.0,0.0,0.0,0.0,0.0,0.0,0.0,0.0,0.0,0.0,0.0,0.1092619235964347,0.0,0.0,0.0,0.0,0.0,0.0,0.11497927373592401,0.0,0.0,0.0,0.0,0.0,0.0,0.0,0.0,0.14068765941350866,0.0,0.08099463643452498,0.0,0.0,0.0,0.0,0.0,0.0,0.0,0.0,0.0,0.0,0.10206080117848215,0.0,0.0,0.0,0.0,0.0,0.0,0.0,0.0,0.0,0.0,0.0,0.0,0.0,0.0,0.0,0.0,0.0,0.14068765941350866,0.0,0.07860094395621858,0.0,0.0,0.0,0.0,0.0,0.0,0.0,0.21340604422421927,0.0,0.0,0.0,0.0,0.0,0.0,0.0,0.0,0.14068765941350866,0.0,0.0,0.0,0.0,0.0,0.0,0.09422348202097083,0.0,0.0,0.0,0.0,0.0,0.0,0.0,0.0,0.0,0.0,0.0,0.14744984936515818,0.0,0.0,0.0,0.0,0.0,0.15572610098897255,0.0,0.0,0.0,0.0,0.0,0.0,0.0,0.0,0.0,0.0,0.0,0.0,0.0,0.0,0.0,0.0,0.1300177153113879,0.0,0.0,0.28137531882701733,0.0,0.0,0.0,0.0,0.0,0.0,0.14744984936515818,0.0,0.0,0.0,0.0,0.0,0.0,0.0,0.0,0.0,0.0,0.0,0.0,0.0,0.0,0.0,0.0,0.0,0.0,0.0,0.0,0.0,0.0,0.0,0.0,0.0,0.0,0.0,0.0,0.0,0.0,0.0,0.0,0.15270483100179502,0.0,0.0,0.0,0.0,0.0
The Witcher — Andrzej Sapkowski,Dark Fantasy,Amon Amarth — Melodic Death Metal,"Monstruos, guerreros, folklore y un mundo medieval brutal.",Amon Amarth,Melodic Death Metal,The Witcher,amon amarth,the witcher,Amon Amarth,Melodic Death Metal,SE,11.018579961618187,False,False,False,False,False,False,False,False,False,False,False,False,False,True,False,False,False,False,False,False,False,False,False,False,1,0,0,0,0,0,0,0,1,0,0,0,0,0,0,0,0,0,0,0,0,0,1,0,0,0,0,0,0,0,The Witcher,Fantasia oscura / gotica,1990.0,False,False,False,False,False,False,False,True,False,False,False,False,False,False,False,0.0,0.0,0.0,0.0,0.0,0.0,0.0,0.0,0.0,0.0,0.0,0.0,0.0,0.0,0.0,0.0,0.0,0.0,0.0,0.0,0.0,0.0,0.0,0.0,0.0,0.0,0.0,0.0,0.0,0.0,0.0,0.0,0.0,0.0,0.0,0.0,0.0,0.0,0.0,0.0,0.0,0.0,0.0,0.0,0.0,0.0,0.0,0.0,0.0,0.0,0.0,0.0,0.0,0.0,0.0,0.0,0.0,0.0,0.0,0.0,0.0,0.0,0.0,0.0,0.0,0.0,0.0,0.0,0.0,0.0,0.0,0.0,0.0,0.0,0.0,0.0,0.0,0.0,0.0,0.0,0.0,0.0,0.0,0.0,0.0,0.0,0.0,0.0,0.0,0.0,0.0,0.0,0.0,0.0,0.0,0.0,0.0,0.0,0.0,0.0,0.0,0.0,0.0,0.0,0.0,0.0,0.0,0.0,0.0,0.0,0.0,0.0,0.0,0.0,0.0,0.0,0.0,0.0,0.0,0.0,0.0,0.0,0.0,0.0,0.0,0.0,0.0,0.0,0.0,0.0,0.0,0.0,0.0,0.0,0.0,0.0,0.0,0.0,0.0,0.0,0.0,0.0,0.0,0.0,0.0,0.0,0.0,0.0,0.0,0.0,0.0,0.0,0.0,0.0,0.0,0.0,0.0,0.0,0.0,0.0,0.0,0.0,0.0,0.0,0.0,0.0,0.0,0.0,0.0,0.0,0.0,0.0,0.0,0.0,0.0,0.0,0.0,0.0,0.0,0.0,0.0,0.0,0.0,0.0,0.0,0.0,0.0,0.0,0.0,0.0,0.0,0.0,0.0,0.0,0.0,0.0,0.0,0.0,0.0,0.0,0.0,0.0,0.0,0.0,0.0,0.0,0.0,0.0,0.0,0.0,0.0,0.0,0.0,0.0,0.0,0.0,0.0,0.0,0.0,0.0,0.0,0.0,0.0,0.0,0.0,0.0,0.0,0.0,0.0,0.0,0.0,0.0,0.0,0.0,0.0,0.0,0.0,0.0,0.0,0.0,0.0,0.0,0.0,0.0,0.0,0.0,0.0,0.0,0.0,0.0,0.0,0.0,0.0,0.0,0.0,0.0,0.0,0.0,0.0,0.0,0.0,0.0,0.0,0.0,0.0,0.0,0.0,0.0,0.0,0.0,0.0,0.0,0.0,0.0,0.0,0.0,0.0,0.0,0.0,0.0,0.0,0.0,0.0,0.0,0.0,0.0,0.0,0.0,0.0,0.0,0.0,0.0,0.0,0.0,0.0,0.0,0.0,0.0,0.0,0.0
Una corte de rosas y espinas — Sarah J. Maas,Romantasy,Pierce the Veil — Post-Hardcore,"Romance intenso, trauma, guerra y personajes emocionalmente complejos.",Pierce the Veil,Post-Hardcore,Una corte de rosas y espinas,pierce the veil,una corte de rosas y espinas,Pierce the Veil,Post-Hardcore,US,13.427962476995747,False,False,False,False,False,False,False,False,False,False,False,False,False,False,False,False,False,False,True,False,False,False,False,False,0,0,0,0,1,0,0,0,0,0,0,0,0,0,0,0,0,0,0,0,0,0,0,0,0,0,0,0,0,0,Una Corte de Rosas y Espinas,Romantasy (fantasia romantica),2010.0,False,False,False,False,False,False,False,False,False,False,False,False,False,False,True,0.0,0.0,0.0,0.0,0.0,0.11781054142786458,0.0,0.1524401054831972,0.0,0.0,0.0,0.0,0.0,0.0,0.0,0.0,0.0,0.0,0.0,0.0,0.0,0.0,0.0,0.0,0.0,0.0,0.0,0.0,0.0,0.0,0.0,0.0,0.0,0.0,0.0,0.0,0.0,0.0,0.0,0.0,0.0,0.0,0.0,0.0,0.0,0.0,0.0,0.12051405997094317,0.0,0.0,0.0,0.0,0.0,0.0,0.0,0.0,0.0,0.0,0.0,0.0,0.0,0.0,0.0,0.0,0.0,0.0,0.1588974772046969,0.0,0.16653492691546298,0.0,0.0,0.0,0.0,0.0,0.0,0.0,0.0,0.0,0.0,0.0,0.0,0.0,0.0,0.0,0.0,0.0,0.0,0.0,0.0,0.0,0.0,0.351764819817532,0.0,0.0,0.0,0.0,0.0,0.0,0.527647229726298,0.0,0.0,0.0,0.0,0.14191254450062782,0.0,0.0,0.0,0.0,0.0,0.0,0.0,0.0,0.0,0.0,0.0,0.0,0.0,0.0,0.0,0.0,0.0,0.0,0.0,0.0,0.0,0.0,0.0,0.0,0.0,0.13749899267501225,0.0,0.0,0.0,0.0,0.0,0.1588974772046969,0.0,0.0,0.0,0.0,0.0,0.0,0.0,0.0,0.0,0.0,0.0,0.0,0.0,0.0,0.1298615429642462,0.0,0.14191254450062782,0.0,0.0,0.0,0.0,0.0,0.0,0.0,0.0,0.0,0.0,0.0,0.0,0.0,0.0,0.0,0.0,0.0,0.0,0.0,0.0,0.14191254450062782,0.0,0.0,0.0,0.0,0.0,0.0,0.0,0.0,0.0,0.0,0.0,0.0,0.0,0.0,0.0,0.0,0.0,0.0,0.08877460718741388,0.0,0.0,0.0,0.0,0.0,0.0,0.0,0.12051405997094317,0.0,0.0,0.0,0.0,0.1524401054831972,0.0,0.0,0.0,0.0,0.0,0.0,0.0,0.0,0.0,0.0,0.0,0.0,0.0,0.0,0.0,0.0,0.0,0.0,0.0,0.0,0.0,0.0,0.0,0.0,0.0,0.0,0.0,0.0,0.0,0.16653492691546298,0.0,0.0,0.0,0.0,0.0,0.0,0.0,0.0,0.0,0.0,0.0,0.0,0.0,0.0,0.0,0.0,0.0,0.0,0.0,0.1524401054831972,0.0,0.0,0.0,0.0,0.0,0.0,0.0,0.0,0.351764819817532,0.0,0.1524401054831972,0.0,0.0,0.0,0.0,0.09911557544125853,0.1468464756683153,0.0,0.0,0.0,0.0,0.0,0.0,0.0,0.0,0.0,0.0,0.0,0.1265085540729707,0.0,0.0,0.0,0.0,0.0,0.0,0.0,0.0,0.0,0.25870512564115816,0.0,0.0,0.11781054142786458,0.0,0.0
Una corte de niebla y furia — Sarah J. Maas,Romantasy,Sleep Token — Alternative Metal,"Deseo, trauma, amor, transformación y una atmósfera oscura.",Sleep Token,Alternative Metal,Una corte de niebla y furia,sleep token,una corte de niebla y furia,Sleep Token,Alternative Metal,GB,13.81812214480076,True,False,False,False,False,False,False,False,False,False,False,False,False,False,False,False,False,False,False,False,False,False,False,False,0,0,0,1,0,0,0,1,0,0,0,0,0,0,0,0,0,0,0,0,0,0,0,0,0,1,0,0,0,0,Una corte de niebla y furia,Romantasy (fantasia romantica),2010.0,False,False,False,False,False,False,False,False,False,False,False,False,False,False,True,0.128246132778626,0.0,0.0,0.0,0.0,0.0,0.0,0.0,0.0,0.0,0.0,0.0,0.0,0.0,0.0,0.0,0.0,0.0,0.0,0.0,0.08281525097206541,0.0,0.0,0.12303438891859247,0.0,0.0,0.0,0.0,0.0,0.0,0.0,0.0,0.0,0.0,0.0,0.0,0.0,0.0,0.0,0.0,0.0,0.0,0.2839093394230124,0.0,0.0,0.0,0.0,0.0,0.0,0.09303518953967183,0.0,0.0,0.0,0.0,0.26882063485458446,0.0,0.0,0.0,0.0,0.128246132778626,0.0,0.0,0.0,0.0,0.0,0.0,0.0,0.0,0.0,0.0,0.0,0.0,0.0,0.0,0.0,0.0,0.0,0.0,0.0,0.0,0.0,0.0,0.0,0.0,0.0,0.0,0.0,0.0,0.11453759584574585,0.0,0.0,0.0,0.0,0.0,0.0,0.0,0.0,0.0,0.42586400913451855,0.0,0.0,0.0,0.09726688181974498,0.0,0.0,0.0,0.0,0.0,0.21550607521227147,0.0,0.0,0.0,0.0,0.0,0.0,0.0,0.0,0.0,0.0,0.0,0.0,0.10210503721449023,0.0,0.0,0.0,0.0,0.20421007442898045,0.0,0.0,0.0,0.0,0.12303438891859247,0.0,0.0,0.0,0.0,0.0,0.0,0.0,0.0,0.09110269717107876,0.0,0.0,0.0,0.0,0.0,0.0,0.0,0.0,0.0,0.0,0.0,0.0,0.0,0.0,0.0,0.0,0.0,0.0,0.0,0.0,0.07383198314507788,0.0,0.0,0.21550607521227147,0.0,0.0,0.1185197710368391,0.0,0.0,0.0,0.0,0.0,0.0,0.0,0.0,0.0,0.0,0.0,0.0,0.0,0.0,0.0,0.0,0.0,0.0,0.0,0.0,0.0,0.0,0.0,0.0,0.07164997368750492,0.12303438891859247,0.0,0.0,0.0,0.0,0.0,0.0,0.0,0.0,0.0,0.0,0.0,0.12303438891859247,0.0,0.2290751916914917,0.0,0.0,0.0,0.0,0.0,0.0,0.0,0.0,0.08589095331104522,0.0,0.12303438891859247,0.0,0.0,0.0,0.0,0.0,0.0,0.0,0.0,0.0,0.0,0.0,0.0,0.0,0.0,0.0,0.0,0.0,0.0,0.0,0.0,0.0,0.0995994902439254,0.0,0.09726688181974498,0.0,0.0,0.0,0.11097541875262515,0.0,0.0,0.0,0.0,0.0,0.128246132778626,0.0,0.0,0.0,0.0,0.0,0.128246132778626,0.0,0.0,0.0,0.0,0.0,0.42586400913451855,0.11453759584574585,0.0,0.0,0.0,0.0,0.0,0.07999616779374412,0.0,0.0,0.0,0.0,0.0,0.0,0.0,0.0,0.0,0.0,0.0,0.0,0.0,0.0,0.0,0.0,0.0,0.0,0.10481123410395893,0.0,0.0,0.0,0.06960029086500473,0.0,0.0,0.0,0.0,0.0
Una corte de alas y ruina — Sarah J. Maas,Romantasy,Bring Me The Horizon — Metalcore,"Guerra, sacrificio, alianzas y una energía explosiva.",Bring Me The Horizon,Metalcore,Una corte de alas y ruina,bring me the horizon,una corte de alas y ruina,Bring Me The Horizon,Metalcore,GB,13.146726179515642,False,False,False,False,False,False,False,False,False,False,False,False,False,False,True,False,False,False,False,False,False,False,False,False,0,1,0,1,0,0,0,0,0,0,0,0,0,1,0,1,0,0,0,0,0,0,0,0,1,0,0,0,0,0,Una corte de alas y ruina,Romantasy (fantasia romantica),2010.0,False,False,False,False,False,False,False,False,False,False,False,False,False,False,True,0.0,0.0,0.0,0.0,0.0,0.0,0.15088564708708976,0.0,0.0,0.0,0.0,0.0,0.0,0.0,0.0,0.0,0.0,0.0,0.0,0.0,0.09296632111860907,0.0,0.0,0.0,0.0,0.0,0.0,0.0,0.0,0.0,0.0,0.0,0.0,0.0,0.0,0.0,0.0,0.0,0.0,0.0,0.0,0.0,0.3187094950213333,0.0,0.0,0.0,0.0,0.0,0.0,0.0,0.0,0.0,0.0,0.0,0.15088564708708976,0.0,0.13811531541087643,0.0,0.0,0.14396588819297487,0.0,0.0,0.0,0.14396588819297487,0.13811531541087643,0.0,0.0,0.0,0.15088564708708976,0.0,0.0,0.0,0.0,0.0,0.0,0.0,0.0,0.0,0.0,0.0,0.0,0.0,0.0,0.0,0.0,0.0,0.0,0.0,0.0,0.0,0.0,0.0,0.0,0.0,0.0,0.0,0.0,0.0,0.6374189900426666,0.0,0.0,0.0,0.0,0.0,0.0,0.0,0.0,0.0,0.0,0.0,0.15935474751066664,0.0,0.0,0.0,0.0,0.0,0.0,0.0,0.0,0.0,0.0,0.0,0.0,0.0,0.0,0.0,0.11462055075715108,0.0,0.0,0.0,0.0,0.0,0.0,0.0,0.0,0.0,0.0,0.0,0.0,0.0,0.0,0.0,0.0,0.11180788664626336,0.0,0.0,0.0,0.0,0.0,0.0,0.0,0.0,0.0,0.0,0.0,0.0,0.0,0.0,0.0,0.0,0.0,0.0,0.0,0.0,0.0,0.0,0.0,0.0,0.0,0.0,0.0,0.0,0.0,0.0,0.0,0.0,0.0,0.0,0.0,0.0,0.0,0.0,0.0,0.0,0.0,0.0,0.0,0.0,0.0,0.0,0.0,0.0,0.1608649224336547,0.0,0.0,0.0,0.0,0.0,0.0,0.0,0.0,0.0,0.0,0.0,0.0,0.0,0.0,0.0,0.0,0.0,0.0,0.0,0.15088564708708976,0.0,0.0,0.0,0.0964190273285716,0.0,0.0,0.0,0.0,0.0,0.0,0.0,0.0,0.0,0.0,0.0,0.0,0.15088564708708976,0.0,0.0,0.15088564708708976,0.0,0.0,0.0,0.0,0.0,0.0,0.0,0.0,0.0,0.0,0.0,0.0,0.0,0.2491564366449533,0.0,0.0,0.0,0.0,0.0,0.0,0.0,0.0,0.0,0.0,0.0,0.0,0.0,0.0,0.0,0.0,0.0,0.15935474751066664,0.0,0.0,0.13811531541087643,0.0,0.14396588819297487,0.0,0.0,0.0,0.0,0.0,0.0,0.0,0.0,0.0,0.0,0.0,0.0,0.0,0.2183787180095698,0.0,0.0,0.0,0.0,0.0,0.0,0.0,0.0,0.0,0.0,0.07813153875108338,0.0,0.0,0.0,0.0,0.0
Trono de cristal — Sarah J. Maas,Romantasy,Within Temptation — Symphonic Metal,"Una asesina, magia, reinos y una protagonista destinada a algo mayor.",Within Temptation,Symphonic Metal,Trono de cristal,within temptation,trono de cristal,Within Temptation,Symphonic Metal,NL,10.625343659732527,False,False,False,False,False,False,False,False,False,False,False,False,False,False,False,False,False,False,False,False,False,False,False,True,1,0,0,0,0,0,0,0,0,0,1,1,0,0,0,0,0,0,0,0,0,0,0,0,0,0,0,0,0,0,Trono de Cristal,Romantasy (fantasia romantica),2010.0,False,False,False,False,False,False,False,False,False,False,False,False,False,False,True,0.0,0.0,0.0,0.0,0.0,0.0,0.0,0.0,0.0,0.0,0.0,0.0,0.0,0.0,0.0,0.0,0.0,0.0,0.0,0.0,0.11231686183852616,0.0,0.0,0.0,0.0,0.0,0.0,0.3850475084764019,0.0,0.0,0.0,0.0,0.0,0.0,0.0,0.0,0.3106795711399326,0.0,0.0,0.0,0.0,0.0,0.0,0.0,0.0,0.0,0.0,0.0,0.0,0.0,0.0,0.0,0.0,0.0,0.0,0.0,0.0,0.0,0.0,0.0,0.0,0.0,0.1668634255086458,0.0,0.0,0.0,0.0,0.0,0.0,0.0,0.0,0.0,0.0,0.0,0.0,0.0,0.0,0.0,0.0,0.0,0.0,0.0,0.0,0.0,0.0,0.19252375423820095,0.0,0.0,0.1553397855699663,0.0,0.0,0.0,0.0,0.0,0.0,0.0,0.0,0.0,0.0,0.32148109418079607,0.0,0.0,0.0,0.0,0.0,0.0,0.0,0.0,0.0,0.0,0.0,0.0,0.0,0.0,0.0,0.0,0.0,0.0,0.0,0.0,0.0,0.0,0.0,0.0,0.0,0.0,0.0,0.0,0.0,0.0,0.0,0.0,0.0,0.0,0.0,0.0,0.0,0.0,0.0,0.0,0.0,0.32148109418079607,0.0,0.1350802183608429,0.0,0.17393176990408363,0.0,0.0,0.0,0.0,0.0,0.0,0.1553397855699663,0.0,0.0,0.0,0.0,0.0,0.0,0.17393176990408363,0.0,0.0,0.0,0.0,0.0,0.0,0.0,0.0,0.0,0.0,0.12355657842216337,0.0,0.12617749034140016,0.0,0.0,0.0,0.0,0.0,0.0,0.0,0.0,0.0,0.0,0.0,0.0,0.0,0.0,0.0,0.0,0.0,0.0,0.0,0.0,0.0,0.0,0.0,0.0,0.0,0.0,0.0,0.0,0.0,0.0,0.0,0.0,0.0,0.0,0.0,0.0,0.0,0.0,0.0,0.0,0.0,0.0,0.0,0.0,0.0,0.0,0.17393176990408363,0.18229184691169836,0.17393176990408363,0.1668634255086458,0.0,0.0,0.0,0.0,0.0,0.0,0.0,0.0,0.0,0.0,0.0,0.0,0.0,0.0,0.0,0.0,0.0,0.0,0.0,0.0,0.0,0.0,0.0,0.15050863976389542,0.0,0.0,0.0,0.0,0.0,0.0,0.0,0.0,0.0,0.0,0.0,0.0,0.0,0.0,0.0,0.0,0.0,0.0,0.0,0.0,0.0,0.0,0.0,0.3645836938233967,0.0,0.0,0.0,0.0,0.0,0.0,0.0,0.0,0.0,0.0,0.0,0.0,0.0,0.0,0.0,0.0,0.0,0.0,0.0,0.0,0.0,0.0,0.0,0.18878856638719446,0.0,0.0,0.0,0.0,0.0
Reina de sombras — Sarah J. Maas,Romantasy,Evanescence — Alternative/Gothic Metal,"Oscuridad, venganza, identidad y poder.",Evanescence,Alternative/Gothic Metal,Reina de sombras,evanescence,reina de sombras,Evanescence,Gothic Metal,US,15.080234846647487,False,False,False,False,False,False,False,False,False,True,False,False,False,False,False,False,False,False,False,False,False,False,False,False,1,1,0,1,0,0,0,0,0,0,1,0,0,0,0,0,0,0,0,0,0,0,0,0,0,0,0,0,0,0,Reina de sombras,Romantasy (fantasia romantica),2010.0,False,False,False,False,False,False,False,False,False,False,False,False,False,False,True,0.0,0.0,0.0,0.0,0.0,0.0,0.0,0.0,0.0,0.0,0.0,0.0,0.0,0.0,0.0,0.0,0.0,0.0,0.0,0.0,0.0,0.0,0.0,0.0,0.0,0.16829556907268595,0.0,0.0,0.0,0.0,0.0,0.0,0.0,0.0,0.0,0.0,0.0,0.0,0.0,0.0,0.0,0.0,0.0,0.17638474058093823,0.0,0.0,0.0,0.0,0.0,0.0,0.0,0.0,0.0,0.0,0.0,0.0,0.0,0.0,0.0,0.0,0.0,0.0,0.0,0.0,0.0,0.16829556907268595,0.0,0.0,0.0,0.0,0.0,0.0,0.0,0.0,0.0,0.0,0.0,0.0,0.0,0.14140277285817296,0.0,0.0,0.0,0.0,0.0,0.0,0.14140277285817296,0.0,0.0,0.0,0.0,0.0,0.0,0.0,0.0,0.0,0.0,0.0,0.0,0.6221272136896315,0.0,0.0,0.0,0.0,0.0,0.0,0.14563145763070837,0.0,0.0,0.0,0.0,0.0,0.0,0.0,0.0,0.0,0.0,0.0,0.0,0.0,0.0,0.0,0.16829556907268595,0.0,0.0,0.0,0.0,0.0,0.0,0.0,0.0,0.0,0.0,0.0,0.0,0.0,0.0,0.0,0.0,0.14140277285817296,0.23910553764500878,0.0,0.0,0.13070298906310962,0.15030605177273423,0.0,0.0,0.0,0.0,0.0,0.0,0.0,0.0,0.0,0.0,0.0,0.0,0.0,0.0,0.0,0.0,0.0,0.0,0.0,0.0,0.0,0.0,0.0,0.1339909825808356,0.0,0.0,0.15553180342240788,0.0,0.0,0.0,0.0,0.0,0.1339909825808356,0.0,0.0,0.0,0.0,0.0,0.0,0.0,0.0,0.0,0.0,0.0,0.0,0.0,0.0,0.0,0.0,0.0,0.0,0.0,0.0,0.0,0.0,0.0,0.0,0.0,0.0,0.0,0.0,0.15030605177273423,0.15030605177273423,0.0,0.0,0.0,0.0,0.0,0.0,0.0,0.0,0.0,0.0,0.0,0.0,0.17638474058093823,0.0,0.0,0.0,0.0,0.16145627201333942,0.0,0.0,0.0,0.0,0.17638474058093823,0.16145627201333942,0.17638474058093823,0.0,0.0,0.0,0.0,0.0,0.0,0.0,0.0,0.0,0.0,0.0,0.0,0.0,0.0,0.0,0.0,0.0,0.0,0.0,0.0,0.0,0.0,0.0,0.0,0.12208875096757532,0.0,0.0,0.0,0.0,0.0,0.0,0.0,0.0,0.0,0.0,0.0,0.0,0.17638474058093823,0.0,0.0,0.0,0.0,0.0,0.0,0.0,0.0,0.0,0.0,0.0,0.0,0.0,0.0,0.0,0.0,0.0,0.0,0.0,0.0,0.0,0.0,0.0,0.09133546801734549,0.0,0.0,0.0,0.0,0.11715393550010052
El príncipe cruel — Holly Black,Fae Fantasy,Avenged Sevenfold — Heavy/Alternative Metal,"Ambición, traición, violencia y personajes moralmente grises.",Avenged Sevenfold,Heavy/Alternative Metal,El príncipe cruel,avenged sevenfold,el principe cruel,Avenged Sevenfold,Heavy Metal,US,13.203237124284492,False,False,False,False,False,False,False,False,False,False,False,False,True,False,False,False,False,False,False,False,False,False,False,False,1,0,1,1,0,0,1,0,0,0,0,0,0,0,0,0,0,0,0,0,0,0,0,0,0,0,0,0,0,0,El príncipe cruel,Fae Fantasy,2010.0,False,False,False,False,True,False,False,False,False,False,False,False,False,False,False,0.0,0.0,0.0,0.0,0.0,0.0,0.0,0.0,0.0,0.0,0.11351459837207986,0.0,0.0,0.0,0.0,0.0,0.11746120659382908,0.0,0.1271006969165301,0.0,0.16415116597763238,0.0,0.0,0.0,0.0,0.0,0.0,0.0,0.0,0.0,0.0,0.0,0.0,0.0,0.0,0.0,0.0,0.23492241318765816,0.0,0.0,0.0,0.0,0.2813735909219606,0.0,0.0,0.0,0.0,0.09639813847273973,0.0,0.0,0.0,0.0,0.0,0.0,0.0,0.0,0.0,0.0,0.0,0.0,0.0,0.0,0.0,0.0,0.0,0.0,0.1271006969165301,0.0,0.0,0.0,0.0,0.0,0.0,0.0,0.0,0.0,0.0,0.0,0.0,0.0,0.0,0.0,0.0,0.0,0.0,0.0,0.0,0.0,0.0,0.0,0.1271006969165301,0.5627471818439213,0.0,0.0,0.0,0.0,0.0,0.0,0.0,0.0,0.0,0.0,0.09639813847273973,0.0,0.0,0.0,0.0,0.0,0.0,0.0,0.0,0.0,0.1067906367067894,0.0,0.0,0.0,0.0,0.0,0.0,0.0,0.0,0.1011930816740608,0.0,0.0,0.0,0.0,0.2023861633481216,0.0,0.0,0.0,0.0,0.0,0.0,0.0,0.0,0.0,0.0,0.0,0.0,0.0,0.0,0.0,0.0,0.09870991310424826,0.0,0.0,0.0,0.0,0.0,0.0,0.0,0.0,0.0,0.1332098258843412,0.0,0.11351459837207986,0.0,0.0,0.0,0.0,0.0,0.07317254960558851,0.0,0.11746120659382908,0.0,0.0,0.0,0.0,0.0,0.0,0.0,0.0,0.0,0.0,0.0,0.0,0.0,0.0,0.0,0.0,0.0,0.0,0.0,0.0,0.0,0.0,0.0,0.0,0.0,0.0,0.0,0.11351459837207986,0.1420200577190533,0.0,0.0,0.0,0.0,0.0,0.0,0.0,0.0,0.0,0.0,0.0,0.0,0.0,0.0,0.0,0.0,0.0,0.0,0.1011930816740608,0.0,0.0,0.0,0.0,0.08512381455979802,0.0,0.0,0.2542013938330602,0.0,0.0,0.0,0.0,0.0,0.0,0.0,0.0,0.0,0.0,0.0,0.0,0.0,0.0,0.0,0.0,0.0,0.0,0.0,0.0,0.09870991310424826,0.0,0.0,0.0,0.0,0.0,0.0,0.0,0.11351459837207986,0.0,0.24387100394279893,0.0,0.0,0.1271006969165301,0.0,0.0,0.0,0.0,0.0,0.0,0.0,0.0,0.0,0.0,0.0,0.0,0.0,0.0,0.0,0.1271006969165301,0.0,0.0,0.0,0.0,0.23492241318765816,0.10998423701718996,0.0,0.0,0.0,0.0,0.0,0.0,0.0,0.0,0.0,0.0,0.0,0.0,0.0,0.0,0.0,0.0,0.0,0.0,0.0,0.0,0.0,0.0,0.09639813847273973,0.0
El rey malvado — Holly Black,Fae Fantasy,Deftones — Alternative Metal,"Manipulación, deseo, poder y relaciones tóxicas.",Deftones,Alternative Metal,El rey malvado,deftones,el rey malvado,Deftones,Alternative Metal,US,13.448275768884846,True,False,False,False,False,False,False,False,False,False,False,False,False,False,False,False,False,False,False,False,False,False,False,False,1,1,1,1,0,0,0,0,0,0,0,0,0,0,0,0,1,0,0,0,0,0,0,0,0,0,0,0,0,0,El rey malvado,Fae Fantasy,2010.0,False,False,False,False,True,False,False,False,False,False,False,False,False,False,False,,,,,,,,,,,,,,,,,,,,,,,,,,,,,,,,,,,,,,,,,,,,,,,,,,,,,,,,,,,,,,,,,,,,,,,,,,,,,,,,,,,,,,,,,,,,,,,,,,,,,,,,,,,,,,,,,,,,,,,,,,,,,,,,,,,,,,,,,,,,,,,,,,,,,,,,,,,,,,,,,,,,,,,,,,,,,,,,,,,,,,,,,,,,,,,,,,,,,,,,,,,,,,,,,,,,,,,,,,,,,,,,,,,,,,,,,,,,,,,,,,,,,,,,,,,,,,,,,,,,,,,,,,,,,,,,,,,,,,,,,,,,,,,,,,,,,,,,,,,,
La reina de nada — Holly Black,Fae Fantasy,My Chemical Romance — Emo/Alternative Rock,"Exilio, pérdida, amor y regreso a un mundo peligroso.",My Chemical Romance,Emo/Alternative Rock,La reina de nada,my chemical romance,la reina de nada,My Chemical Romance,Emo / Alternative Rock,US,14.274384354768253,False,False,False,False,False,False,False,True,False,False,False,False,False,False,False,False,False,False,False,False,False,False,False,False,0,1,0,0,1,1,0,0,0,0,0,0,0,0,0,0,0,0,1,0,0,0,0,0,0,0,0,0,0,0,La reina de nada,Fae Fantasy,2020.0,False,False,False,False,True,False,False,False,False,False,False,False,False,False,False,,,,,,,,,,,,,,,,,,,,,,,,,,,,,,,,,,,,,,,,,,,,,,,,,,,,,,,,,,,,,,,,,,,,,,,,,,,,,,,,,,,,,,,,,,,,,,,,,,,,,,,,,,,,,,,,,,,,,,,,,,,,,,,,,,,,,,,,,,,,,,,,,,,,,,,,,,,,,,,,,,,,,,,,,,,,,,,,,,,,,,,,,,,,,,,,,,,,,,,,,,,,,,,,,,,,,,,,,,,,,,,,,,,,,,,,,,,,,,,,,,,,,,,,,,,,,,,,,,,,,,,,,,,,,,,,,,,,,,,,,,,,,,,,,,,,,,,,,,,,
Caraval — Stephanie Garber,Fantasía Mágica,Sleeping With Sirens — Post-Hardcore,"Teatro, misterio, romance y una realidad difícil de distinguir de la fantasía.",Sleeping With Sirens,Post-Hardcore,Caraval,sleeping with sirens,caraval,Sleeping With Sirens,Post-Hardcore,US,,False,False,False,False,False,False,False,False,False,False,False,False,False,False,False,False,False,False,True,False,False,False,False,False,0,1,0,0,0,1,0,0,0,0,0,0,0,0,0,0,0,0,0,0,0,0,0,0,0,0,1,0,0,0,Caraval,Fantasia clasica / juvenil,2000.0,False,False,False,False,False,True,False,False,False,False,False,False,False,False,False,0.0,0.0,0.0,0.0,0.0,0.0,0.0,0.1742249301257725,0.0,0.0,0.3243858047883306,0.0,0.0,0.0,0.0,0.0,0.0,0.0,0.0,0.0,0.0,0.0,0.0,0.0,0.0,0.0,0.0,0.0,0.0,0.0,0.0,0.0,0.0,0.0,0.0,0.0,0.0,0.0,0.0,0.0,0.0,0.0,0.0,0.0,0.0,0.0,0.0,0.13773641530263236,0.0,0.0,0.0,0.0,0.0,0.0,0.0,0.0,0.0,0.0,0.0,0.0,0.0,0.0,0.0,0.0,0.0,0.0,0.0,0.0,0.0,0.0,0.0,0.0,0.0,0.0,0.18160510828432433,0.0,0.0,0.0,0.0,0.0,0.0,0.0,0.0,0.0,0.0,0.0,0.0,0.0,0.0,0.0,0.0,0.0,0.0,0.0,0.0,0.1678319290152173,0.0,0.2891751343757147,0.0,0.0,0.0,0.1903340063520575,0.13773641530263236,0.1621929023941653,0.0,0.0,0.0,0.0,0.0,0.0,0.40203462834896675,0.0,0.0,0.0,0.0,0.0,0.0,0.0,0.0,0.0,0.0,0.0,0.0,0.14458756718785734,0.0,0.0,0.0,0.0,0.0,0.0,0.0,0.0,0.0,0.0,0.0,0.0,0.0,0.0,0.0,0.0,0.0,0.0,0.0,0.0,0.0,0.0,0.0,0.0,0.0,0.0,0.0,0.0,0.0,0.0,0.0,0.0,0.0,0.1742249301257725,0.1903340063520575,0.18160510828432433,0.0,0.0,0.0,0.1678319290152173,0.0,0.0,0.14103954496650645,0.0,0.0,0.0,0.1290075172348992,0.0,0.13174405578193493,0.0,0.0,0.0,0.0,0.0,0.0,0.0,0.0,0.0,0.0,0.0,0.0,0.0,0.14458756718785734,0.0,0.0,0.0,0.0,0.0,0.0,0.0,0.0,0.0,0.0,0.0,0.0,0.0,0.0,0.0,0.0,0.0,0.0,0.0,0.0,0.0,0.0,0.0,0.0,0.0,0.0,0.0,0.0,0.0,0.0,0.14103954496650645,0.0,0.0,0.0,0.0,0.0,0.0,0.0,0.0,0.18160510828432433,0.0,0.0,0.0,0.0,0.0,0.0,0.0,0.0,0.0,0.0,0.0,0.0,0.0,0.0,0.0,0.0,0.0,0.0,0.0,0.0,0.14841972312505824,0.0,0.0,0.1742249301257725,0.1678319290152173,0.0,0.0,0.0,0.0,0.0,0.0,0.0,0.0,0.0,0.0,0.0,0.0,0.0,0.0,0.0,0.0,0.0,0.0,0.0,0.0,0.1678319290152173,0.0,0.0,0.0,0.0,0.0,0.0,0.0,0.0,0.0,0.0,0.0,0.0,0.0,0.0,0.0,0.0,0.0,0.0,0.0,0.0,0.0,0.0,0.0,0.0,0.26929308771190236,0.0,0.0
Érase una vez un corazón roto — Stephanie Garber,Romantasy,Fall Out Boy — Pop Punk/Alternative,"Romance fantástico, corazones rotos, magia y personajes extravagantes.",Fall Out Boy,Pop Punk/Alternative,Érase una vez un corazón roto,fall out boy,erase una vez un corazon roto,Fall Out Boy,Pop Punk,US,14.03167058111074,False,False,False,False,False,False,False,False,False,False,False,False,False,False,False,False,False,True,False,False,False,False,False,False,0,1,0,0,0,1,0,0,0,0,0,0,0,0,0,1,0,0,0,0,0,0,0,0,0,0,1,0,0,0,Érase una vez un corazón roto,Romantasy (fantasia romantica),2020.0,False,False,False,False,False,False,False,False,False,False,False,False,False,False,True,0.0,0.0,0.0,0.0,0.0,0.0,0.0,0.0,0.0,0.0,0.0,0.0,0.0,0.0,0.0,0.0,0.0,0.0,0.0,0.0,0.0,0.0,0.0,0.0,0.0,0.0,0.0,0.0,0.0,0.0,0.0,0.0,0.0,0.0,0.0,0.0,0.0,0.0,0.0,0.0,0.0,0.0,0.0,0.0,0.0,0.0,0.0,0.15225804410487356,0.0,0.0,0.0,0.0,0.0,0.0,0.0,0.0,0.0,0.0,0.0,0.0,0.0,0.0,0.19259356385145746,0.0,0.0,0.0,0.0,0.0,0.0,0.0,0.0,0.0,0.0,0.0,0.0,0.0,0.0,0.0,0.0,0.0,0.1792929925754813,0.0,0.0,0.0,0.0,0.0,0.0,0.0,0.0,0.0,0.0,0.0,0.0,0.0,0.0,0.37105308997709324,0.0,0.0,0.0,0.0,0.0,0.0,0.0,0.0,0.0,0.0,0.0,0.0,0.0,0.0,0.0,0.0,0.0,0.0,0.0,0.0,0.0,0.0,0.0,0.0,0.0,0.15983151683986377,0.401503676802841,0.15983151683986377,0.0,0.0,0.0,0.0,0.0,0.0,0.0,0.0,0.0,0.0,0.0,0.2007518384014205,0.0,0.0,0.0,0.0,0.0,0.0,0.0,0.0,0.0,0.0,0.0,0.0,0.0,0.0,0.0,0.0,0.0,0.0,0.0,0.3585859851509626,0.0,0.0,0.0,0.0,0.0,0.11557390486606045,0.0,0.0,0.0,0.0,0.15590942461264437,0.0,0.0,0.0,0.2852177066733364,0.0,0.0,0.0,0.0,0.0,0.0,0.0,0.0,0.0,0.0,0.0,0.0,0.0,0.0,0.0,0.0,0.0,0.0,0.0,0.0,0.0,0.0,0.0,0.0,0.0,0.0,0.0,0.0,0.0,0.0,0.0,0.0,0.0,0.0,0.0,0.0,0.0,0.0,0.0,0.0,0.15983151683986377,0.0,0.0,0.0,0.0,0.0,0.0,0.0,0.401503676802841,0.0,0.0,0.0,0.0,0.0,0.0,0.0,0.0,0.0,0.0,0.0,0.0,0.0,0.0,0.0,0.0,0.0,0.0,0.0,0.0,0.0,0.0,0.0,0.0,0.0,0.0,0.0,0.0,0.0,0.0,0.0,0.0,0.0,0.0,0.0,0.19259356385145746,0.0,0.0,0.0,0.0,0.0,0.0,0.0,0.0,0.0,0.0,0.0,0.0,0.0,0.0,0.0,0.12522309563426584,0.0,0.0,0.0,0.17371688993081277,0.0,0.0,0.0,0.0,0.0,0.0,0.0,0.0,0.0,0.0,0.0,0.0,0.0,0.0,0.0,0.0,0.0,0.0,0.0,0.0,0.0,0.0,0.0,0.0
La balada del príncipe roto — Stephanie Garber,Romantasy,The Maine — Alternative/Pop Rock,"Romance, magia y melancolía.",The Maine,Alternative/Pop Rock,La balada del príncipe roto,the maine,la balada del principe roto,The Maine,Alternative Rock,US,11.561563236576122,False,True,False,False,False,False,False,False,False,False,False,False,False,False,False,False,False,False,False,False,False,False,False,False,0,1,0,0,0,1,0,0,0,0,0,0,0,0,0,1,0,0,0,0,0,0,0,0,0,0,0,0,0,0,La balada del príncipe roto,Romantasy (fantasia romantica),,False,False,False,False,False,False,False,False,False,False,False,False,False,False,True,,,,,,,,,,,,,,,,,,,,,,,,,,,,,,,,,,,,,,,,,,,,,,,,,,,,,,,,,,,,,,,,,,,,,,,,,,,,,,,,,,,,,,,,,,,,,,,,,,,,,,,,,,,,,,,,,,,,,,,,,,,,,,,,,,,,,,,,,,,,,,,,,,,,,,,,,,,,,,,,,,,,,,,,,,,,,,,,,,,,,,,,,,,,,,,,,,,,,,,,,,,,,,,,,,,,,,,,,,,,,,,,,,,,,,,,,,,,,,,,,,,,,,,,,,,,,,,,,,,,,,,,,,,,,,,,,,,,,,,,,,,,,,,,,,,,,,,,,,,,
Fourth Wing — Rebecca Yarros,Romantasy,Bad Omens — Alternative Metal,"Dragones, peligro, tensión romántica y supervivencia.",Bad Omens,Alternative Metal,Fourth Wing,bad omens,fourth wing,Bad Omens,Alternative Metal,US,12.394951820735187,True,False,False,False,False,False,False,False,False,False,False,False,False,False,False,False,False,False,False,False,False,False,False,False,1,0,1,1,0,0,0,0,0,0,0,0,0,1,0,0,0,0,0,0,0,0,0,0,0,0,0,0,0,0,Fourth Wing,Romantasy (fantasia romantica),2020.0,False,False,False,False,False,False,False,False,False,False,False,False,False,False,True,0.0,0.0,0.0,0.0,0.0,0.0,0.0,0.0,0.0,0.0,0.11233284894914308,0.0,0.13922216851664773,0.0,0.08934905124043967,0.0,0.0,0.0,0.0,0.0,0.0,0.0,0.0,0.0,0.0,0.0,0.0,0.0,0.0,0.0,0.0,0.0,0.0,0.0,0.0,0.0,0.0,0.0,0.0,0.1318230383070083,0.0,0.0,0.0,0.0,0.0,0.0,0.0,0.0,0.0,0.0,0.0,0.0,0.10567888742420249,0.0,0.0,0.0,0.12066608630894973,0.20027921203809643,0.0,0.0,0.0,0.0,0.0,0.0,0.0,0.1257775087328954,0.0,0.0,0.0,0.0,0.12066608630894973,0.27844433703329546,0.0,0.0,0.0,0.0,0.1257775087328954,0.12066608630894973,0.0,0.0,0.0,0.1257775087328954,0.0,0.0,0.0,0.27844433703329546,0.0,0.0,0.0,0.0,0.0,0.0,0.0,0.0,0.0,0.0,0.0,0.0,0.0,0.0,0.0,0.0,0.0,0.0,0.0,0.0,0.0,0.1257775087328954,0.0,0.0,0.0,0.0,0.0,0.0,0.0,0.0,0.0,0.0,0.0,0.0,0.0,0.0,0.0,0.0,0.0,0.0,0.0,0.10883924059830491,0.0,0.0,0.0,0.0,0.0,0.0,0.0,0.0,0.0,0.0,0.0,0.0,0.17869810248087933,0.23247674161588863,0.0,0.0,0.11233284894914308,0.0,0.0,0.0,0.0,0.10013960601904821,0.0,0.0,0.0,0.0,0.0,0.0,0.0,0.0,0.0,0.0,0.0,0.07241078310584916,0.0,0.0,0.0,0.0,0.0,0.0,0.0,0.0,0.0,0.0,0.0,0.0,0.0,0.0,0.0,0.0,0.0,0.0,0.0,0.0,0.0,0.0,0.0,0.0,0.0,0.0,0.0,0.0,0.0,0.11233284894914308,0.0,0.0,0.0,0.0,0.0,0.0,0.0,0.0,0.09539458081455257,0.0,0.0,0.0,0.0,0.0,0.0,0.0,0.0,0.0,0.0,0.0,0.0,0.0,0.0,0.0,0.0,0.09768228860024633,0.0,0.0,0.0,0.0,0.0,0.0,0.0,0.0,0.0,0.0,0.0,0.0,0.0,0.0,0.0,0.0,0.27844433703329546,0.0,0.0,0.0,0.0,0.0,0.0,0.0,0.0,0.10567888742420249,0.0,0.0,0.0,0.0,0.0,0.0,0.0,0.0,0.0,0.0,0.0,0.0,0.0,0.0,0.0,0.0,0.0,0.0,0.0,0.0,0.0,0.11233284894914308,0.0,0.0,0.0,0.0,0.0,0.0,0.0,0.0,0.0,0.0,0.0,0.0,0.0,0.5568886740665909,0.0,0.0,0.0,0.19078916162910514,0.0,0.1257775087328954,0.0,0.0,0.0,0.0,0.0,0.0,0.0,0.0,0.0,0.0,0.0,0.0932545730992409,0.0,0.0
Iron Flame — Rebecca Yarros,Romantasy,Bring Me The Horizon — Metalcore,"Guerra, traición, poder y una protagonista llevada al límite.",Bring Me The Horizon,Metalcore,Iron Flame,bring me the horizon,iron flame,Bring Me The Horizon,Metalcore,GB,13.146726179515642,False,False,False,False,False,False,False,False,False,False,False,False,False,False,True,False,False,False,False,False,False,False,False,False,0,1,0,1,0,0,0,0,0,0,0,0,0,1,0,1,0,0,0,0,0,0,0,0,1,0,0,0,0,0,Iron Flame,Romantasy (fantasia romantica),2020.0,False,False,False,False,False,False,False,False,False,False,False,False,False,False,True,0.0,0.0,0.0,0.0,0.0,0.0,0.0,0.0,0.0,0.0,0.0,0.0,0.4325644606318366,0.0,0.09253608715139254,0.0,0.0,0.0,0.0,0.0,0.0,0.0,0.0,0.0,0.0,0.13026392947891108,0.0,0.0,0.0,0.12038453528146147,0.0,0.0,0.0,0.0,0.0,0.0,0.0,0.0,0.0,0.0,0.0,0.0,0.0,0.0,0.0,0.0,0.0,0.0,0.0,0.0,0.0,0.0,0.0,0.0,0.0,0.0,0.0,0.0,0.0,0.0,0.0,0.0,0.0,0.0,0.0,0.13026392947891108,0.0,0.0,0.0,0.0,0.2499403703538975,0.0,0.0,0.0,0.0,0.0,0.0,0.0,0.0,0.0,0.11633970541387662,0.0,0.0,0.0,0.0,0.0,0.0,0.0,0.0,0.0,0.0,0.0,0.0,0.0,0.0,0.0,0.0,0.0,0.0,0.0,0.0,0.0,0.0,0.0,0.0,0.0,0.0,0.0,0.0,0.0,0.0,0.0,0.0,0.0,0.0,0.0,0.0,0.0,0.0,0.0,0.0,0.0,0.0,0.0,0.0,0.12497018517694874,0.0,0.0,0.0,0.0,0.0,0.0,0.0,0.0,0.0,0.0,0.13026392947891108,0.0,0.0,0.0,0.09253608715139254,0.0,0.0,0.0,0.0,0.0,0.0,0.0,0.0,0.0,0.10646031121642699,0.0,0.0,0.0,0.0,0.0,0.0,0.0,0.0,0.0,0.0,0.0,0.0,0.0,0.10944840041370407,0.0,0.0,0.0,0.0,0.0,0.0,0.12038453528146147,0.0,0.0,0.10944840041370407,0.0,0.0,0.10371153561494896,0.0,0.0,0.0,0.0,0.0,0.0,0.0,0.0,0.0,0.0,0.0,0.0,0.0,0.0,0.07277729875649332,0.0,0.0,0.0,0.0,0.0,0.0,0.0,0.0,0.0,0.0,0.0,0.0,0.0,0.0,0.0,0.0,0.0,0.0,0.0,0.0,0.0,0.0,0.0,0.0,0.0,0.0,0.0,0.0,0.0,0.0,0.0,0.0,0.0,0.26052785895782216,0.0,0.0,0.0,0.0,0.0,0.0,0.0,0.2883763070878911,0.0,0.0,0.0,0.0,0.0,0.10116656691446468,0.0,0.09879725773775948,0.10944840041370407,0.0,0.0,0.0,0.0,0.0,0.0,0.0,0.0,0.0,0.0,0.0,0.0,0.0,0.0,0.0,0.0,0.12038453528146147,0.0,0.0,0.0,0.0,0.0,0.0,0.0,0.0,0.0,0.0,0.0,0.0,0.0,0.0,0.0,0.0,0.0,0.0,0.4325644606318366,0.0,0.0,0.0,0.19759451547551896,0.0,0.0,0.0,0.0,0.0,0.0,0.0,0.0,0.0,0.0,0.0,0.0,0.0,0.38632366807590957,0.0,0.0
Onyx Storm — Rebecca Yarros,Romantasy,Architects — Metalcore,"Conflictos, poder, dragones y una amenaza cada vez mayor.",Architects,Metalcore,Onyx Storm,architects,onyx storm,Architects,Metalcore,GB,12.48307539647966,False,False,False,False,False,False,False,False,False,False,False,False,False,False,True,False,False,False,False,False,False,False,False,False,1,0,0,1,0,0,0,0,0,0,0,0,0,1,0,0,0,0,0,0,0,0,0,0,0,1,0,0,0,0,Onyx Storm,Romantasy (fantasia romantica),2020.0,False,False,False,False,False,False,False,False,False,False,False,False,False,False,True,0.0,0.0,0.0,0.0,0.0,0.0,0.0,0.0,0.0,0.0,0.0,0.0,0.16894483906772806,0.12473923622357623,0.0,0.0,0.0,0.0,0.0,0.0,0.0,0.0,0.0,0.0,0.0,0.0,0.0,0.0,0.0,0.0,0.0,0.0,0.0,0.0,0.0,0.0,0.0,0.0,0.0,0.0,0.0,0.0,0.0,0.0,0.0,0.0,0.0,0.0,0.0,0.0,0.0,0.0,0.0,0.0,0.0,0.0,0.0,0.0,0.0,0.0,0.0,0.0,0.0,0.15262986633251466,0.0,0.0,0.0,0.0,0.0,0.0,0.0,0.16894483906772806,0.0,0.0,0.0,0.0,0.0,0.0,0.0,0.0,0.0,0.15262986633251466,0.0,0.0,0.0,0.0,0.0,0.0,0.0,0.0,0.0,0.0,0.0,0.1282403716230259,0.0,0.0,0.0,0.0,0.0,0.0,0.0,0.0,0.0,0.0,0.0,0.0,0.0,0.0,0.0,0.0,0.0,0.0,0.0,0.0,0.0,0.0,0.0,0.0,0.0,0.0,0.0,0.0,0.0,0.0,0.0,0.0,0.0,0.0,0.0,0.13207543154261098,0.0,0.0,0.0,0.0,0.0,0.0,0.15262986633251466,0.0,0.0,0.1282403716230259,0.0,0.0,0.0,0.0,0.0,0.0,0.0,0.15262986633251466,0.0,0.0,0.12473923622357623,0.0,0.0,0.0,0.0,0.0,0.0,0.0,0.0,0.0,0.0,0.0,0.0,0.0,0.0,0.0,0.0,0.0,0.0,0.0,0.0,0.0,0.1107241850962612,0.0,0.0,0.0,0.0,0.0,0.0,0.0,0.0,0.0,0.0,0.0,0.0,0.0,0.0,0.0,0.0,0.0,0.15262986633251466,0.5452595743892051,0.0,0.0,0.0,0.0,0.0,0.0,0.0,0.0,0.0,0.0,0.0,0.0,0.0,0.0,0.0,0.0,0.0,0.0,0.0,0.0,0.0,0.0,0.0,0.0,0.10222159872583678,0.0,0.0,0.0,0.0,0.0,0.0,0.0,0.0,0.0,0.0,0.0,0.0,0.0,0.0,0.0,0.0,0.0,0.0,0.0,0.0,0.0,0.0,0.0,0.11853657146105019,0.0,0.0,0.1282403716230259,0.0,0.0,0.0,0.0,0.0,0.0,0.0,0.0,0.0,0.0,0.0,0.0,0.0,0.0,0.0,0.0,0.14105420895878965,0.0,0.0,0.0,0.0,0.0,0.0,0.1464272015699886,0.0,0.0,0.0,0.1904120480349878,0.0,0.0,0.0,0.0,0.15262986633251466,0.0,0.0,0.5068345172031842,0.0,0.15262986633251466,0.0,0.11576045880739758,0.0,0.0,0.0,0.0,0.0,0.0,0.0,0.0,0.0,0.0,0.0,0.0,0.0,0.0,0.0,0.0
Powerless — Lauren Roberts,Romantasy,Bad Omens — Alternative Metal,"Enemigos, tensión romántica, poder y oscuridad.",Bad Omens,Alternative Metal,Powerless,bad omens,powerless,Bad Omens,Alternative Metal,US,12.394951820735187,True,False,False,False,False,False,False,False,False,False,False,False,False,False,False,False,False,False,False,False,False,False,False,False,1,0,1,1,0,0,0,0,0,0,0,0,0,1,0,0,0,0,0,0,0,0,0,0,0,0,0,0,0,0,Powerless,Romantasy (fantasia romantica),2020.0,False,False,False,False,False,False,False,False,False,False,False,False,False,False,True,0.0,0.0,0.0,0.0,0.0,0.0,0.0,0.0,0.0,0.0,0.0,0.0,0.0,0.0,0.0,0.09771157268227226,0.0,0.0,0.0,0.0,0.0,0.11834551874789367,0.0,0.0,0.0,0.11291808100451639,0.0,0.0,0.0,0.0,0.0,0.0,0.0,0.0,0.0,0.10084799631422504,0.0,0.0,0.0,0.0,0.0,0.0,0.0,0.0,0.0,0.0,0.0,0.0,0.0,0.0,0.0,0.0,0.0,0.0,0.0,0.0,0.0,0.0,0.11834551874789367,0.0,0.0,0.0,0.0,0.0,0.0,0.0,0.11291808100451639,0.0,0.0,0.0,0.0,0.0,0.0,0.0,0.0,0.0,0.0,0.10832924777725716,0.5342081082805512,0.0,0.0,0.0,0.0,0.0,0.0,0.0,0.0,0.0,0.0,0.10084799631422504,0.0,0.0,0.0,0.0,0.0,0.0,0.10832924777725716,0.08990138426284398,0.0,0.0,0.0,0.0,0.08564148799198089,0.0,0.0,0.0,0.0,0.0,0.0,0.0,0.0,0.0,0.0,0.0,0.0,0.0,0.11834551874789367,0.0,0.0,0.0,0.0,0.0,0.0,0.0,0.0,0.0,0.0,0.0,0.0,0.0,0.0,0.0,0.0,0.0,0.0,0.0,0.0,0.0,0.0,0.0,0.08021405024860362,0.10435421962918635,0.0,0.08769530171163577,0.10084799631422504,0.0,0.0,0.0,0.0,0.0,0.09228413493889498,0.0,0.0,0.0,0.0,0.0,0.0,0.0,0.0,0.0,0.0,0.0,0.0,0.0,0.0,0.0,0.0,0.0,0.0,0.0,0.0,0.0,0.0,0.0,0.0,0.0,0.0,0.0,0.0,0.0,0.0,0.0,0.0,0.0,0.0,0.0,0.0,0.0,0.0,0.0,0.0,0.0,0.0,0.0,0.0,0.0,0.0,0.0,0.0,0.0,0.0,0.24997633138961553,0.3387542430135492,0.0,0.5342081082805512,0.0,0.0,0.0,0.0,0.0,0.0,0.0,0.0,0.0,0.0,0.11834551874789367,0.0,0.0,0.10832924777725716,0.11291808100451639,0.0,0.0,0.0,0.0,0.0,0.0,0.0,0.0,0.0,0.0,0.0,0.0,0.0,0.0,0.0,0.0,0.0,0.0,0.0,0.0,0.0,0.0,0.0,0.0,0.0,0.0,0.0,0.0,0.0,0.10435421962918635,0.0,0.0,0.0,0.0,0.0,0.0,0.0,0.0,0.0,0.0,0.10435421962918635,0.0,0.0,0.0,0.0,0.0,0.0,0.10832924777725716,0.0,0.0,0.0,0.0,0.0,0.0,0.0,0.0,0.0,0.0,0.0,0.0,0.0,0.0,0.0,0.0,0.0,0.0,0.0,0.0,0.0,0.0,0.0,0.0,0.0,0.0,0.0,0.0,0.0,0.0,0.0,0.0
Reckless — Lauren Roberts,Romantasy,Pierce the Veil — Post-Hardcore,"Romance turbulento, peligro y emociones extremas.",Pierce the Veil,Post-Hardcore,Reckless,pierce the veil,reckless,Pierce the Veil,Post-Hardcore,US,13.427962476995747,False,False,False,False,False,False,False,False,False,False,False,False,False,False,False,False,False,False,True,False,False,False,False,False,0,0,0,0,1,0,0,0,0,0,0,0,0,0,0,0,0,0,0,0,0,0,0,0,0,0,0,0,0,0,Reckless,Romantasy (fantasia romantica),2020.0,False,False,False,False,False,False,False,False,False,False,False,False,False,False,True,0.0,0.0,0.0,0.0,0.0,0.0,0.0,0.0,0.0,0.0,0.0,0.0,0.0,0.2529510243014908,0.0,0.0,0.1430175769803965,0.0,0.0,0.0,0.0,0.16219266837464835,0.0,0.0,0.1484653575894229,0.0,0.0,0.0,0.0,0.0,0.0,0.0,0.0,0.0,0.0,0.2764245878593013,0.0,0.0,0.0,0.0,0.0,0.0,0.0,0.0,0.0,0.0,0.0,0.0,0.0,0.0,0.0,0.0,0.0,0.0,0.0,0.0,0.2969307151788458,0.0,0.0,0.0,0.15475435875930174,0.0,0.0,0.0,0.0,0.0,0.0,0.0,0.0,0.0,0.0,0.0,0.0,0.0,0.0,0.0,0.15475435875930174,0.0,0.18303320536785808,0.0,0.0,0.0,0.0,0.0,0.0,0.0,0.1300253807098316,0.0,0.0,0.0,0.0,0.0,0.0,0.0,0.11226538210017331,0.0,0.0,0.0,0.0,0.0,0.0,0.0,0.0,0.0,0.0,0.0,0.0,0.0,0.0,0.0,0.0,0.0,0.0,0.0,0.0,0.0,0.16219266837464835,0.0,0.0,0.0,0.0,0.0,0.0,0.0,0.0,0.0,0.0,0.0,0.0,0.0,0.0,0.0,0.0,0.0,0.0,0.0,0.0,0.0,0.0,0.0,0.0,0.0,0.0,0.2403730219617331,0.13821229392965065,0.0,0.0,0.0,0.0,0.0,0.0,0.0,0.13821229392965065,0.0,0.0,0.0,0.0,0.0,0.0,0.0,0.0,0.0,0.0,0.0,0.0,0.0,0.0,0.0,0.0,0.0,0.0,0.0,0.0,0.0,0.0,0.0,0.0,0.0,0.0,0.0,0.0,0.0,0.0,0.0,0.0,0.0,0.0,0.0,0.0,0.0,0.0,0.0,0.08645988376328381,0.0,0.0,0.0,0.0,0.0,0.0,0.0,0.0,0.0,0.15475435875930174,0.0,0.5490996161035742,0.0,0.0,0.0,0.0,0.0,0.286035153960793,0.0,0.0,0.0,0.0,0.0,0.0,0.0,0.0,0.0,0.0,0.0,0.0,0.0,0.0,0.0,0.0,0.0,0.0,0.0,0.0,0.0,0.0,0.0,0.0,0.0,0.0,0.0,0.0,0.0,0.0,0.0,0.1173717569364409,0.0,0.0,0.0,0.0,0.0,0.0,0.1430175769803965,0.0,0.0,0.0,0.0,0.0,0.0,0.0,0.0,0.0,0.0,0.0,0.0,0.0,0.0,0.0,0.0,0.0,0.0,0.0,0.0,0.0,0.0,0.0,0.0,0.1430175769803965,0.0,0.0,0.0,0.0,0.0,0.0,0.0,0.0,0.0,0.0,0.0,0.0,0.0,0.0,0.0,0.0,0.0,0.0,0.0,0.0,0.0,0.0,0.0,0.0,0.0
Divine Rivals — Rebecca Ross,Romantasy,The Wonder Years — Pop Punk,"Amor, guerra, cartas y nostalgia.",The Wonder Years,Pop Punk,Divine Rivals,the wonder years,divine rivals,The Wonder Years,Pop Punk,US,11.814931951376826,False,False,False,False,False,False,False,False,False,False,False,False,False,False,False,False,False,True,False,False,False,False,False,False,0,0,0,0,0,1,0,0,0,0,0,0,0,0,0,0,0,0,1,0,0,0,0,0,0,0,1,0,0,0,Divine Rivals,Romantasy (fantasia romantica),2020.0,False,False,False,False,False,False,False,False,False,False,False,False,False,False,True,0.0,0.0,0.0,0.0,0.0,0.0,0.0,0.0,0.0,0.0,0.0,0.0,0.0,0.0,0.0,0.0,0.0,0.0,0.0,0.0,0.0,0.0,0.0,0.0,0.3218618060557597,0.0,0.0,0.0,0.0,0.0,0.0,0.0,0.0,0.0,0.0,0.0,0.0,0.0,0.0,0.0,0.0,0.0,0.0,0.0,0.0,0.0,0.0,0.0,0.0,0.0,0.0,0.0,0.14094265675124631,0.0,0.0,0.0,0.0,0.0,0.0,0.0,0.0,0.0,0.0,0.0,0.0,0.0,0.0,0.0,0.0,0.0,0.0,0.0,0.0,0.0,0.16774794542649057,0.0,0.0,0.0,0.0,0.0,0.0,0.0,0.0,0.0,0.0,0.0,0.0,0.0,0.0,0.0,0.0,0.0,0.0,0.0,0.0,0.0,0.16093090302787985,0.0,0.0,0.0,0.0,0.0,0.0,0.14981696493241778,0.0,0.0,0.0,0.0,0.0,0.0,0.0,0.0,0.0,0.0,0.16774794542649057,0.0,0.0,0.0,0.0,0.14981696493241778,0.0,0.13355498399309781,0.0,0.0,0.0,0.0,0.0,0.0,0.0,0.14515758163820358,0.0,0.0,0.0,0.0,0.0,0.0,0.0,0.0,0.5952034771383321,0.0,0.0,0.0,0.0,0.0,0.0,0.0,0.0,0.0,0.0,0.0,0.0,0.0,0.0,0.0,0.0,0.0,0.0,0.0,0.0,0.0,0.0,0.0,0.0,0.0,0.0,0.0,0.0,0.0,0.13355498399309781,0.0,0.0,0.0,0.0,0.14981696493241778,0.14094265675124631,0.0,0.0,0.0,0.0,0.0,0.0,0.0,0.0,0.0,0.0,0.16093090302787985,0.0,0.0,0.0,0.0,0.0,0.0,0.0,0.16093090302787985,0.0,0.0,0.0,0.0,0.0,0.0,0.12722660114413079,0.0,0.0,0.0,0.0,0.0,0.0,0.0,0.0,0.0,0.15502571230094325,0.0,0.0,0.0,0.0,0.0,0.0,0.0,0.0,0.0,0.0,0.0,0.0,0.0,0.0,0.0,0.0,0.0,0.0,0.0,0.0,0.0,0.0,0.0,0.0,0.0,0.0,0.18567892592056337,0.0,0.0,0.0,0.0,0.0,0.0,0.0,0.0,0.0,0.0,0.0,0.3100514246018865,0.0,0.0,0.0,0.0,0.0,0.0,0.0,0.0,0.0,0.0,0.0,0.0,0.0,0.0,0.0,0.0,0.0,0.0,0.0,0.0,0.0,0.0,0.0,0.0,0.0,0.0,0.0,0.0,0.0,0.0,0.0,0.0,0.0,0.12722660114413079,0.13355498399309781,0.0,0.0,0.0,0.0,0.0,0.0,0.0,0.0,0.0,0.0,0.15502571230094325,0.0,0.12437249868132311,0.0,0.0
Ruthless Vows — Rebecca Ross,Romantasy,The 1975 — Alternative Pop/Rock,Amor en tiempos de guerra y una atmósfera melancólica.,The 1975,Alternative Pop/Rock,Ruthless Vows,the 1975,ruthless vows,The 1975,Alternative Rock,GB,14.496047563419545,False,True,False,False,False,False,False,False,False,False,False,False,False,False,False,False,False,False,False,False,False,False,False,False,0,0,0,0,0,0,0,0,0,0,0,0,0,0,0,1,0,0,0,0,0,0,0,0,0,0,0,0,1,0,Ruthless Vows,Romantasy (fantasia romantica),2020.0,False,False,False,False,False,False,False,False,False,False,False,False,False,False,True,0.0,0.0,0.0,0.0,0.0,0.0,0.0,0.1423177162550113,0.0,0.0,0.0,0.0,0.0,0.0,0.10538133216265771,0.0,0.0,0.0,0.0,0.0,0.0,0.0,0.0,0.0,0.0,0.0,0.0,0.0,0.0,0.0,0.0,0.0,0.0,0.0,0.0,0.0,0.0,0.0,0.0,0.0,0.0,0.0,0.0,0.0,0.0,0.0,0.0,0.0,0.0,0.0,0.0,0.0,0.0,0.0,0.0,0.0,0.0,0.0,0.0,0.0,0.0,0.0,0.0,0.0,0.0,0.0,0.0,0.0,0.0,0.16420339534862383,0.0,0.0,0.1483463029809292,0.0,0.0,0.0,0.0,0.0,0.0,0.0,0.0,0.0,0.32840679069724765,0.0,0.0,0.0,0.0,0.0,0.0,0.0,0.0,0.0,0.0,0.0,0.0,0.13709551689804692,0.0,0.0,0.0,0.0,0.0,0.0,0.0,0.0,0.0,0.0,0.0,0.0,0.0,0.0,0.0,0.0,0.0,0.0,0.0,0.0,0.0,0.0,0.0,0.0,0.0,0.0,0.1483463029809292,0.0,0.0,0.0,0.0,0.0,0.0,0.12836872923201453,0.0,0.0,0.0,0.0,0.0,0.0,0.0,0.0,0.5263625442945183,0.0,0.0,0.0,0.0,0.0,0.0,0.0,0.0,0.0,0.0,0.0,0.0,0.0,0.0,0.0,0.0,0.0,0.0,0.0,0.0,0.0,0.0,0.0,0.0,0.0,0.0,0.0,0.0,0.0,0.11810808215672185,0.0,0.0,0.0,0.0,0.0,0.0,0.0,0.0,0.0,0.0,0.0,0.0,0.1483463029809292,0.0,0.0,0.0,0.0,0.11810808215672185,0.0,0.0,0.0,0.0,0.0,0.0,0.0,0.0,0.0,0.0,0.0,0.0,0.0,0.0,0.0,0.0,0.0,0.0,0.0,0.13248921061323463,0.0,0.0,0.0,0.0,0.0,0.0,0.0,0.0,0.0,0.0,0.0,0.0,0.0,0.0,0.0,0.0,0.0,0.0,0.0,0.0,0.0,0.0,0.0,0.0,0.1423177162550113,0.15547660768259142,0.0,0.0,0.0,0.0,0.4926101860458715,0.0,0.15547660768259142,0.0,0.0,0.0,0.0,0.0,0.0,0.0,0.0,0.0,0.0,0.0,0.0,0.0,0.0,0.0,0.0,0.0,0.0,0.0,0.13248921061323463,0.0,0.0,0.0,0.0,0.0,0.0,0.0,0.0,0.0,0.0,0.0,0.09253406311540521,0.0,0.0,0.0,0.0,0.0,0.0,0.0,0.0,0.0,0.0,0.0,0.2250232737286398,0.0,0.0,0.0,0.0,0.0,0.0,0.0,0.0,0.1483463029809292,0.0,0.0,0.0,0.0,0.0,0.0,0.0
La canción de Aquiles — Madeline Miller,Mitología,Sleep Token — Alternative Metal,"Amor trágico, deseo, pérdida y una intensidad emocional enorme.",Sleep Token,Alternative Metal,La canción de Aquiles,sleep token,la cancion de aquiles,Sleep Token,Alternative Metal,GB,13.81812214480076,True,False,False,False,False,False,False,False,False,False,False,False,False,False,False,False,False,False,False,False,False,False,False,False,0,0,0,1,0,0,0,1,0,0,0,0,0,0,0,0,0,0,0,0,0,0,0,0,0,1,0,0,0,0,La canción de Aquiles,Mitologia (nordica / celta / griega),2010.0,False,False,False,False,False,False,False,False,False,False,False,True,False,False,False,0.0,0.0,0.0,0.0,0.0,0.0,0.0,0.0,0.0,0.0,0.0,0.0,0.0,0.0,0.0,0.2903629748530971,0.0,0.0,0.0,0.0,0.0,0.0,0.0,0.0,0.0,0.0,0.0,0.0,0.0,0.0,0.0,0.0,0.0,0.0,0.0,0.0,0.0,0.0,0.0,0.0,0.0,0.0,0.0,0.0,0.0,0.0,0.0,0.0,0.0,0.0,0.0,0.0,0.0,0.0,0.0,0.0,0.0,0.0,0.0,0.0,0.0,0.0,0.0,0.0,0.0,0.0,0.0,0.0,0.0,0.0,0.0,0.0,0.0,0.0,0.0,0.0,0.0,0.0,0.0,0.0,0.0,0.0,0.0,0.0,0.0,0.0,0.0,0.0,0.0,0.0,0.0,0.0,0.0,0.0,0.0,0.0,0.0,0.26715395793344776,0.0,0.0,0.0,0.0,0.0,0.0,0.0,0.3516794985575528,0.2903629748530971,0.0,0.0,0.0,0.0,0.0,0.0,0.2996832761354711,0.0,0.0,0.0,0.0,0.3355511431771575,0.0,0.0,0.0,0.0,0.0,0.0,0.0,0.0,0.0,0.0,0.2903629748530971,0.0,0.0,0.0,0.0,0.0,0.0,0.0,0.0,0.0,0.0,0.0,0.0,0.0,0.0,0.0,0.0,0.0,0.3355511431771575,0.0,0.0,0.0,0.0,0.0,0.0,0.0,0.0,0.0,0.0,0.0,0.0,0.0,0.0,0.0,0.0,0.0,0.0,0.0,0.0,0.0,0.0,0.0,0.0,0.0,0.0,0.0,0.0,0.0,0.0,0.0,0.0,0.0,0.0,0.0,0.0,0.0,0.0,0.0,0.0,0.0,0.0,0.0,0.0,0.0,0.0,0.0,0.0,0.0,0.0,0.0,0.0,0.0,0.0,0.0,0.0,0.0,0.0,0.0,0.0,0.0,0.0,0.0,0.0,0.0,0.0,0.0,0.0,0.0,0.0,0.0,0.0,0.0,0.0,0.0,0.0,0.0,0.0,0.0,0.0,0.0,0.0,0.0,0.0,0.0,0.0,0.0,0.0,0.0,0.0,0.0,0.0,0.0,0.0,0.0,0.0,0.0,0.0,0.0,0.0,0.0,0.0,0.0,0.0,0.0,0.0,0.0,0.0,0.0,0.4868460908622943,0.0,0.0,0.0,0.0,0.0,0.0,0.0,0.0,0.0,0.0,0.0,0.0,0.0,0.0,0.0,0.0,0.0,0.0,0.0,0.0,0.0,0.0,0.0,0.0,0.0,0.0,0.0,0.0,0.0,0.0,0.0,0.0,0.0,0.0,0.0,0.0,0.0,0.0,0.0,0.0,0.0,0.0
Circe — Madeline Miller,Mitología,Florence + The Machine — Indie/Alternative Rock,"Magia, dioses, feminidad, aislamiento y transformación.",Florence + The Machine,Indie/Alternative Rock,Circe,florence the machine,circe,Florence + The Machine,Alternative Rock,GB,,False,True,False,False,False,False,False,False,False,False,False,False,False,False,False,False,False,False,False,False,False,False,False,False,0,1,0,0,0,0,0,0,0,0,0,0,0,0,0,0,0,0,0,0,0,0,0,0,0,0,0,0,1,0,Circe,Mitologia (nordica / celta / griega),2010.0,False,False,False,False,False,False,False,False,False,False,False,True,False,False,False,0.0,0.0,0.0,0.0,0.0,0.0,0.0,0.0,0.0,0.0,0.0,0.0,0.0,0.0,0.0,0.0,0.0,0.0,0.0,0.0,0.0,0.25858667676252256,0.0,0.0,0.0,0.0,0.0,0.0,0.0,0.0,0.0,0.1101771680962728,0.0,0.0,0.5836262364700655,0.0,0.1101771680962728,0.0,0.0,0.0,0.0,0.11835048963103802,0.0,0.0,0.0,0.0,0.1140077425218856,0.0,0.0,0.0,0.0,0.1140077425218856,0.0,0.0,0.0,0.0,0.0,0.0,0.0,0.0,0.0,0.0,0.0,0.0,0.0,0.0,0.12336382324522492,0.0,0.0,0.0,0.0,0.0,0.0,0.12929333838126128,0.0,0.0,0.0,0.0,0.0,0.0,0.0,0.0,0.0,0.0,0.0,0.0,0.10365089689156566,0.0,0.0,0.0,0.0,0.0,0.0,0.10365089689156566,0.0,0.0,0.0,0.09821791496136867,0.0,0.0,0.0,0.0,0.0,0.0,0.0,0.0,0.0,0.0,0.0,0.0,0.0,0.0,0.0,0.1101771680962728,0.3700914697356748,0.0,0.0,0.0,0.0,0.0,0.0,0.0,0.0,0.0,0.0,0.0,0.0,0.0,0.0,0.0,0.10082108737293347,0.0,0.0,0.0,0.0,0.0,0.0,0.12336382324522492,0.0,0.0,0.0,0.0,0.0,0.0,0.0,0.0,0.0,0.0,0.0,0.0,0.0,0.0,0.0,0.0,0.0,0.0,0.0,0.0,0.0,0.0,0.0,0.0,0.2280154850437712,0.0,0.0,0.0,0.0,0.0,0.0,0.0,0.1752688644479627,0.1140077425218856,0.0,0.0,0.0,0.0,0.0,0.09821791496136867,0.0,0.0,0.0,0.0,0.12929333838126128,0.0,0.12929333838126128,0.11835048963103802,0.0,0.12929333838126128,0.0,0.0,0.0,0.0,0.0,0.0,0.0,0.0,0.0,0.0,0.0,0.0,0.0,0.0,0.0,0.0,0.0,0.0,0.0,0.0,0.0,0.0,0.0,0.0,0.0,0.0,0.0,0.0,0.16524219721958888,0.09580775375874657,0.0,0.0,0.0,0.12336382324522492,0.0,0.0,0.0,0.0,0.0,0.0,0.0,0.0,0.0,0.0,0.0,0.0,0.0,0.0,0.0,0.0,0.0,0.0,0.0,0.0,0.0,0.0,0.0,0.0,0.0,0.0,0.0,0.0,0.0,0.0,0.0,0.0,0.0,0.0,0.0,0.0,0.12336382324522492,0.1101771680962728,0.0,0.0,0.0,0.0,0.0,0.0,0.11835048963103802,0.0,0.0,0.0,0.0,0.0,0.0,0.0,0.0,0.0,0.0,0.0,0.0,0.0,0.0,0.0,0.0,0.0,0.0,0.0,0.0,0.0,0.0,0.0,0.10082108737293347,0.0,0.0,0.0,0.13390123809671226,0.0,0.0,0.0,0.0,0.0
Percy Jackson — Rick Riordan,Fantasía Juvenil/Mitología,Fall Out Boy — Pop Punk/Alternative,"Adolescencia, dioses, humor, aventura y caos.",Fall Out Boy,Pop Punk/Alternative,Percy Jackson,fall out boy,percy jackson,Fall Out Boy,Pop Punk,US,14.03167058111074,False,False,False,False,False,False,False,False,False,False,False,False,False,False,False,False,False,True,False,False,False,False,False,False,0,1,0,0,0,1,0,0,0,0,0,0,0,0,0,1,0,0,0,0,0,0,0,0,0,0,1,0,0,0,Percy Jackson,Mitologia (nordica / celta / griega),2000.0,False,False,False,False,False,False,False,False,False,False,False,True,False,False,False,0.0,0.0,0.0,0.0,0.0,0.0,0.0,0.0,0.0,0.0,0.0,0.0,0.0,0.0,0.0,0.0,0.19236162190115455,0.0,0.0,0.0,0.0,0.0,0.0,0.0,0.0,0.0,0.0,0.0,0.20814783801918874,0.0,0.0,0.0,0.0,0.0,0.0,0.0,0.18589841604316198,0.0,0.0,0.0,0.0,0.0,0.0,0.0,0.0,0.0,0.0,0.15786745941568156,0.0,0.0,0.0,0.19236162190115455,0.0,0.0,0.0,0.0,0.0,0.0,0.0,0.0,0.0,0.0,0.0,0.0,0.19968900036637366,0.0,0.0,0.0,0.0,0.0,0.0,0.0,0.0,0.0,0.0,0.0,0.0,0.0,0.0,0.0,0.0,0.20814783801918874,0.0,0.0,0.0,0.0,0.0,0.0,0.0,0.0,0.20814783801918874,0.0,0.0,0.0,0.0,0.0,0.0,0.16571995027523392,0.0,0.0,0.0,0.0,0.0,0.0,0.0,0.0,0.18011688139170834,0.0,0.0,0.0,0.0,0.0,0.0,0.0,0.0,0.0,0.0,0.0,0.0,0.0,0.0,0.0,0.0,0.16571995027523392,0.0,0.0,0.0,0.0,0.0,0.0,0.0,0.0,0.0,0.0,0.0,0.0,0.0,0.0,0.0,0.1748868471256977,0.0,0.0,0.0,0.0,0.0,0.0,0.0,0.0,0.0,0.16571995027523392,0.0,0.0,0.0,0.0,0.0,0.0,0.0,0.0,0.0,0.0,0.0,0.11983182132162062,0.0,0.0,0.0,0.0,0.0,0.0,0.0,0.0,0.0,0.0,0.0,0.0,0.0,0.0,0.0,0.0,0.0,0.21815251948576928,0.0,0.0,0.0,0.0,0.0,0.0,0.0,0.0,0.0,0.0,0.0,0.0,0.0,0.0,0.0,0.0,0.0,0.0,0.0,0.0,0.15786745941568156,0.0,0.0,0.21815251948576928,0.0,0.0,0.0,0.0,0.49236695222649934,0.0,0.0,0.0,0.0,0.0,0.0,0.0,0.0,0.0,0.0,0.0,0.0,0.0,0.19968900036637366,0.0,0.0,0.0,0.0,0.0,0.0,0.0,0.0,0.0,0.0,0.0,0.0,0.0,0.0,0.0,0.0,0.0,0.0,0.0,0.0,0.0,0.0,0.0,0.0,0.0,0.0,0.0,0.0,0.0,0.0,0.20814783801918874,0.0,0.19968900036637366,0.0,0.0,0.0,0.0,0.0,0.0,0.0,0.0,0.0,0.0,0.0,0.0,0.0,0.0,0.0,0.0,0.0,0.0,0.0,0.0,0.0,0.0,0.0,0.0,0.0,0.0,0.0,0.0,0.16571995027523392,0.0,0.0,0.0,0.0,0.0,0.0,0.0,0.0,0.0,0.0,0.0,0.0,0.15432598380709361,0.0,0.0
El ladrón del rayo — Rick Riordan,Fantasía Juvenil,Sum 41 — Pop Punk,"Energía juvenil, aventura y rebeldía.",Sum 41,Pop Punk,El ladrón del rayo,sum 41,el ladron del rayo,Sum 41,Pop Punk,CA,13.632768512777465,False,False,False,False,False,False,False,False,False,False,False,False,False,False,False,False,False,True,False,False,False,False,False,False,0,1,0,0,0,1,0,0,0,0,0,0,0,0,0,0,0,0,0,0,0,0,0,0,0,0,0,1,0,0,El ladrón del rayo,Mitologia (nordica / celta / griega),2000.0,False,False,False,False,False,False,False,False,False,False,False,True,False,False,False,0.0,0.0,0.0,0.0,0.0,0.0,0.0,0.0,0.0,0.0,0.0,0.0,0.0,0.0,0.0,0.0,0.19236162190115455,0.0,0.0,0.0,0.0,0.0,0.0,0.0,0.0,0.0,0.0,0.0,0.20814783801918874,0.0,0.0,0.0,0.0,0.0,0.0,0.0,0.18589841604316198,0.0,0.0,0.0,0.0,0.0,0.0,0.0,0.0,0.0,0.0,0.15786745941568156,0.0,0.0,0.0,0.19236162190115455,0.0,0.0,0.0,0.0,0.0,0.0,0.0,0.0,0.0,0.0,0.0,0.0,0.19968900036637366,0.0,0.0,0.0,0.0,0.0,0.0,0.0,0.0,0.0,0.0,0.0,0.0,0.0,0.0,0.0,0.0,0.20814783801918874,0.0,0.0,0.0,0.0,0.0,0.0,0.0,0.0,0.20814783801918874,0.0,0.0,0.0,0.0,0.0,0.0,0.16571995027523392,0.0,0.0,0.0,0.0,0.0,0.0,0.0,0.0,0.18011688139170834,0.0,0.0,0.0,0.0,0.0,0.0,0.0,0.0,0.0,0.0,0.0,0.0,0.0,0.0,0.0,0.0,0.16571995027523392,0.0,0.0,0.0,0.0,0.0,0.0,0.0,0.0,0.0,0.0,0.0,0.0,0.0,0.0,0.0,0.1748868471256977,0.0,0.0,0.0,0.0,0.0,0.0,0.0,0.0,0.0,0.16571995027523392,0.0,0.0,0.0,0.0,0.0,0.0,0.0,0.0,0.0,0.0,0.0,0.11983182132162062,0.0,0.0,0.0,0.0,0.0,0.0,0.0,0.0,0.0,0.0,0.0,0.0,0.0,0.0,0.0,0.0,0.0,0.21815251948576928,0.0,0.0,0.0,0.0,0.0,0.0,0.0,0.0,0.0,0.0,0.0,0.0,0.0,0.0,0.0,0.0,0.0,0.0,0.0,0.0,0.15786745941568156,0.0,0.0,0.21815251948576928,0.0,0.0,0.0,0.0,0.49236695222649934,0.0,0.0,0.0,0.0,0.0,0.0,0.0,0.0,0.0,0.0,0.0,0.0,0.0,0.19968900036637366,0.0,0.0,0.0,0.0,0.0,0.0,0.0,0.0,0.0,0.0,0.0,0.0,0.0,0.0,0.0,0.0,0.0,0.0,0.0,0.0,0.0,0.0,0.0,0.0,0.0,0.0,0.0,0.0,0.0,0.0,0.20814783801918874,0.0,0.19968900036637366,0.0,0.0,0.0,0.0,0.0,0.0,0.0,0.0,0.0,0.0,0.0,0.0,0.0,0.0,0.0,0.0,0.0,0.0,0.0,0.0,0.0,0.0,0.0,0.0,0.0,0.0,0.0,0.0,0.16571995027523392,0.0,0.0,0.0,0.0,0.0,0.0,0.0,0.0,0.0,0.0,0.0,0.0,0.15432598380709361,0.0,0.0
Héroes del Olimpo — Rick Riordan,Fantasía Juvenil,All Time Low — Pop Punk,"Amistad, romance, humor y aventuras sobrenaturales.",All Time Low,Pop Punk,Héroes del Olimpo,all time low,heroes del olimpo,All Time Low,Pop Punk,US,,False,False,False,False,False,False,False,False,False,False,False,False,False,False,False,False,False,True,False,False,False,False,False,False,0,1,0,0,0,1,0,0,0,0,0,0,0,0,0,0,0,0,1,0,0,0,0,0,0,0,0,0,0,0,Héroes del Olimpo,Mitologia (nordica / celta / griega),2010.0,False,False,False,False,False,False,False,False,False,False,False,True,False,False,False,0.0,0.0,0.0,0.0,0.0,0.0,0.0,0.0,0.0,0.0,0.1336214623211588,0.0,0.0,0.0,0.0,0.1294657673398292,0.0,0.0,0.0,0.3136106189948983,0.0,0.0,0.0,0.0,0.0,0.0,0.12570648395544656,0.0,0.0,0.0,0.0,0.0,0.0,0.0,0.0,0.0,0.0,0.0,0.0,0.0,0.0,0.0,0.0,0.0,0.14961406927025162,0.0,0.13826713406172453,0.0,0.0,0.0,0.0,0.0,0.0,0.1435339622915886,0.0,0.0,0.0,0.0,0.0,0.0,0.0,0.0,0.0,0.0,0.0,0.0,0.0,0.0,0.0,0.0,0.0,0.0,0.0,0.0,0.0,0.0,0.0,0.0,0.0,0.0,0.1336214623211588,0.0,0.0,0.0,0.0,0.0,0.0,0.0,0.0,0.0,0.0,0.0,0.0,0.0,0.0,0.0,0.0,0.1191174328587347,0.0,0.0,0.0,0.0,0.0,0.0,0.0,0.0,0.1294657673398292,0.0,0.0,0.0,0.0,0.0,0.12570648395544656,0.1336214623211588,0.0,0.0,0.0,0.0,0.29922813854050323,0.2672429246423176,0.0,0.0,0.0,0.0,0.15680530949744914,0.0,0.0,0.0,0.0,0.0,0.0,0.0,0.0,0.0,0.0,0.0,0.0,0.0,0.0,0.0,0.0,0.0,0.0,0.0,0.0,0.0,0.0,0.0,0.0,0.0,0.0,0.0,0.0,0.0,0.0,0.0,0.0,0.0,0.0,0.0,0.0,0.0,0.0,0.0,0.0,0.0,0.0,0.0,0.0,0.0,0.0,0.0,0.0,0.0,0.0,0.0,0.0,0.0,0.0,0.0,0.0,0.0,0.0,0.0,0.15680530949744914,0.0,0.0,0.0,0.1294657673398292,0.0,0.0,0.0,0.08358804974648465,0.0,0.0,0.0,0.0,0.0,0.0,0.0,0.0,0.0,0.0,0.0,0.0,0.0,0.0,0.0,0.0,0.0,0.0,0.1191174328587347,0.0,0.0,0.0,0.0,0.0,0.0,0.0,0.0,0.0,0.0,0.0,0.0,0.0,0.0,0.0,0.0,0.0,0.0,0.0,0.0,0.0,0.0,0.0,0.0,0.0,0.0,0.0,0.0,0.0,0.6113726355631585,0.0,0.12570648395544656,0.0,0.0,0.0,0.0,0.0,0.13826713406172453,0.0,0.0,0.0,0.0,0.0,0.0,0.0,0.0,0.0,0.1336214623211588,0.0,0.0,0.0,0.0,0.0,0.1336214623211588,0.0,0.0,0.0,0.0,0.0,0.0,0.0,0.0,0.0,0.0,0.0,0.0,0.0,0.0,0.0,0.0,0.0,0.0,0.1191174328587347,0.0,0.0,0.0,0.0,0.0,0.0,0.0,0.0,0.0,0.0,0.0,0.0,0.0,0.0,0.0
Las crónicas de Narnia — C. S. Lewis,Fantasía Clásica,Nightwish — Symphonic Metal,"Magia, criaturas, batallas y una sensación épica y cinematográfica.",Nightwish,Symphonic Metal,Las crónicas de Narnia,nightwish,las cronicas de narnia,Nightwish,Symphonic Metal,FI,11.500366935722832,False,False,False,False,False,False,False,False,False,False,False,False,False,False,False,False,False,False,False,False,False,False,False,True,1,0,0,0,0,0,0,0,0,1,1,0,0,0,0,0,0,0,0,0,1,0,0,0,0,0,0,0,0,0,Las crónicas de Narnia,Fantasia clasica / juvenil,1950.0,False,False,False,False,False,True,False,False,False,False,False,False,False,False,False,0.13165777742207174,0.0,0.0,0.0,0.0,0.0,0.0,0.0,0.0,0.0,0.0,0.0,0.0,0.10759945607725575,0.0,0.11392762233754791,0.0,0.0,0.0,0.0,0.08501832876671646,0.0,0.0,0.0,0.0,0.0,0.0,0.0,0.0,0.0,0.0,0.0,0.12630738908490777,0.12630738908490777,0.0,0.0,0.0,0.0,0.0,0.0,0.0,0.0,0.0,0.0,0.0,0.0,0.0,0.0,0.0,0.0,0.0,0.0,0.0,0.12630738908490777,0.0,0.0,0.0,0.0,0.0,0.0,0.0,0.0,0.0,0.0,0.0,0.0,0.0,0.0,0.0,0.0,0.0,0.0,0.13165777742207174,0.0,0.0,0.0,0.0,0.0,0.0,0.0,0.0,0.0,0.0,0.0,0.0,0.0,0.0,0.0,0.0,0.0,0.0,0.0,0.0,0.0,0.09551014140892522,0.0,0.0,0.0,0.0,0.0,0.4371929797172654,0.0,0.0,0.0,0.0,0.0,0.0,0.13165777742207174,0.0,0.0,0.0,0.0,0.0,0.0,0.0,0.0,0.0,0.0,0.0,0.0,0.0,0.0,0.0,0.0,0.0,0.0,0.0,0.11392762233754791,0.0,0.0,0.0,0.0,0.0,0.0,0.0,0.0,0.0,0.0,0.0,0.0,0.0,0.0,0.0,0.0,0.0,0.0,0.0,0.0,0.0,0.0,0.0,0.0,0.0,0.0,0.0,0.0,0.0,0.0,0.0,0.0,0.0,0.0,0.0,0.24334534378854497,0.0,0.0,0.0,0.0,0.10482126807256174,0.0,0.0,0.0,0.0,0.0,0.0,0.0,0.0,0.0,0.0,0.0,0.0,0.0,0.0,0.0,0.0,0.0,0.0,0.0,0.0,0.6228643950675509,0.0,0.0,0.14711205840928102,0.0,0.0,0.0,0.0,0.0,0.0,0.0,0.09985440652053118,0.0,0.0,0.1379859436823639,0.0,0.0,0.0,0.0,0.0,0.0,0.0,0.0,0.0,0.0,0.0,0.0,0.0,0.0,0.0,0.0,0.0,0.0,0.0,0.0,0.0,0.0,0.0,0.0,0.0,0.0,0.0,0.0,0.0,0.0,0.0,0.0,0.0,0.0,0.0,0.0,0.0,0.0,0.09985440652053118,0.0,0.0,0.0,0.11392762233754791,0.0,0.11758456160505501,0.0,0.0,0.0,0.0,0.0,0.0,0.0,0.12630738908490777,0.0,0.0,0.0,0.0,0.0,0.0,0.0,0.0,0.0,0.0,0.0,0.0,0.0,0.0,0.24637275430802205,0.0,0.0,0.0,0.0,0.0,0.0,0.0,0.0,0.0,0.0,0.0,0.0,0.0,0.0,0.0,0.0,0.1379859436823639,0.0,0.0,0.0,0.0,0.0,0.0,0.0,0.11758456160505501,0.0,0.0,0.0
La brújula dorada — Philip Pullman,Fantasía Juvenil,Within Temptation — Symphonic Metal,"Mundos paralelos, aventura, rebelión y misterio.",Within Temptation,Symphonic Metal,La brújula dorada,within temptation,la brujula dorada,Within Temptation,Symphonic Metal,NL,10.625343659732527,False,False,False,False,False,False,False,False,False,False,False,False,False,False,False,False,False,False,False,False,False,False,False,True,1,0,0,0,0,0,0,0,0,0,1,1,0,0,0,0,0,0,0,0,0,0,0,0,0,0,0,0,0,0,La brújula dorada,Fantasia clasica / juvenil,1990.0,False,False,False,False,False,True,False,False,False,False,False,False,False,False,False,0.0,0.0,0.0,0.0,0.0,0.0,0.0,0.0,0.0,0.0,0.0,0.0,0.0,0.0,0.0,0.0,0.0,0.0,0.0,0.0,0.0,0.0,0.0,0.0,0.0,0.0,0.3241719790614276,0.0,0.0,0.0,0.0,0.0,0.0,0.1850727470632456,0.0,0.1722915657281624,0.0,0.0,0.0,0.0,0.0,0.0,0.0,0.0,0.19291243937727512,0.0,0.178281696685698,0.0,0.0,0.0,0.0,0.0,0.0,0.0,0.0,0.0,0.0,0.0,0.0,0.0,0.0,0.0,0.0,0.0,0.0,0.0,0.0,0.0,0.0,0.0,0.0,0.0,0.0,0.0,0.0,0.0,0.0,0.0,0.0,0.0,0.0,0.0,0.0,0.0,0.20218482733612936,0.0,0.1620859895307138,0.0,0.0,0.0,0.0,0.0,0.0,0.0,0.13994687382118445,0.178281696685698,0.0,0.0,0.0,0.0,0.0,0.0,0.0,0.0,0.0,0.0,0.0,0.0,0.0,0.0,0.0,0.0,0.0,0.0,0.0,0.0,0.0,0.0,0.0,0.0,0.0,0.0,0.0,0.0,0.0,0.0,0.0,0.0,0.0,0.0,0.0,0.0,0.0,0.0,0.0,0.0,0.0,0.19291243937727512,0.0,0.0,0.0,0.0,0.0,0.0,0.0,0.0,0.0,0.0,0.0,0.0,0.0,0.0,0.0,0.0,0.0,0.0,0.0,0.0,0.0,0.0,0.0,0.11106072100563681,0.0,0.0,0.1620859895307138,0.0,0.1498211307225557,0.356563393371396,0.0,0.0,0.0,0.0,0.0,0.0,0.0,0.0,0.0,0.0,0.0,0.0,0.0,0.0,0.0,0.0,0.0,0.0,0.1535900644720072,0.0,0.16693321099543948,0.22816405571796503,0.0,0.0,0.0,0.0,0.0,0.20218482733612936,0.0,0.0,0.0,0.0,0.0,0.0,0.0,0.0,0.0,0.0,0.0,0.0,0.0,0.0,0.178281696685698,0.0,0.0,0.0,0.0,0.0,0.0,0.1498211307225557,0.0,0.0,0.0,0.0,0.0,0.0,0.0,0.1850727470632456,0.0,0.19291243937727512,0.0,0.0,0.0,0.0,0.0,0.0,0.0,0.0,0.0,0.0,0.0,0.0,0.0,0.0,0.0,0.0,0.0,0.0,0.0,0.0,0.0,0.0,0.0,0.0,0.0,0.0,0.0,0.0,0.0,0.0,0.19291243937727512,0.0,0.0,0.0,0.0,0.0,0.0,0.1722915657281624,0.0,0.0,0.0,0.0,0.0,0.0,0.0,0.0,0.0,0.0,0.19291243937727512,0.0,0.0,0.0,0.0,0.0,0.0,0.0,0.0,0.0,0.0,0.0,0.0,0.0,0.0,0.0,0.0,0.0,0.2093905149609891,0.0,0.0,0.0,0.0,0.0
El castillo ambulante — Diana Wynne Jones,Fantasía Mágica,Paramore — Pop Punk/Alternative,"Romance, magia, humor y una protagonista independiente.",Paramore,Pop Punk/Alternative,El castillo ambulante,paramore,el castillo ambulante,Paramore,Pop Punk,US,15.076745537413437,False,False,False,False,False,False,False,False,False,False,False,False,False,False,False,False,False,True,False,False,False,False,False,False,0,1,0,0,1,1,0,0,0,0,0,0,0,0,0,1,0,0,1,0,0,0,0,0,0,0,0,0,0,0,El castillo ambulante,Fantasia clasica / juvenil,1980.0,False,False,False,False,False,True,False,False,False,False,False,False,False,False,False,0.0,0.0,0.0,0.0,0.0,0.0,0.0,0.0,0.0,0.0,0.0,0.0,0.0,0.14656648097188746,0.12739666549645356,0.0,0.0,0.0,0.0,0.0,0.0,0.0,0.0,0.0,0.0,0.0,0.0,0.397014624911399,0.0,0.0,0.0,0.0,0.0,0.0,0.0,0.0,0.0,0.0,0.0,0.18795740170459907,0.0,0.0,0.0,0.0,0.0,0.0,0.0,0.0,0.0,0.0,0.0,0.16573629644732138,0.0,0.0,0.0,0.0,0.0,0.0,0.0,0.0,0.0,0.18795740170459907,0.0,0.0,0.0,0.0,0.0,0.17204947138050686,0.0,0.0,0.0,0.0,0.0,0.0,0.0,0.0,0.0,0.0,0.0,0.0,0.0,0.0,0.0,0.0,0.0,0.0,0.0,0.0,0.0,0.0,0.0,0.0,0.0,0.15068025551820344,0.0,0.0,0.0,0.14278217523121578,0.0,0.0,0.0,0.0,0.0,0.0,0.0,0.0,0.0,0.0,0.15068025551820344,0.0,0.0,0.0,0.0,0.0,0.0,0.0,0.0,0.0,0.0,0.0,0.0,0.0,0.17933749698026558,0.0,0.0,0.0,0.0,0.0,0.0,0.0,0.0,0.0,0.0,0.0,0.0,0.0,0.0,0.17933749698026558,0.0,0.0,0.0,0.0,0.0,0.0,0.0,0.0,0.0,0.0,0.0,0.0,0.0,0.0,0.0,0.0,0.18795740170459907,0.0,0.0,0.0,0.0,0.0,0.0,0.10324555421240893,0.0,0.0,0.15068025551820344,0.0,0.0,0.0,0.0,0.0,0.0,0.0,0.0,0.0,0.15068025551820344,0.0,0.0,0.0,0.0,0.0,0.0,0.0,0.0,0.0,0.0,0.0,0.0,0.0,0.0,0.0,0.0,0.0,0.0,0.0,0.0,0.0,0.0,0.0,0.0,0.0,0.13601657022078706,0.0,0.0,0.0,0.0,0.0,0.0,0.0,0.0,0.0,0.0,0.0,0.0,0.0,0.0,0.0,0.0,0.0,0.0,0.0,0.0,0.0,0.0,0.0,0.0,0.0,0.0,0.0,0.0,0.0,0.0,0.0,0.0,0.0,0.0,0.0,0.0,0.0,0.0,0.0,0.0,0.0,0.0,0.0,0.0,0.0,0.0,0.0,0.0,0.0,0.17204947138050686,0.0,0.0,0.0,0.0,0.17204947138050686,0.0,0.0,0.0,0.0,0.0,0.0,0.0,0.0,0.0,0.0,0.0,0.0,0.0,0.0,0.0,0.0,0.0,0.0,0.0,0.0,0.0,0.0,0.0,0.0,0.0,0.0,0.0,0.0,0.0,0.0,0.0,0.0,0.5638722051137973,0.0,0.14656648097188746,0.0,0.0,0.15068025551820344,0.0,0.0,0.0,0.0,0.0,0.12484044392696612
Alicia en el País de las Maravillas — Lewis Carroll,Fantasía Clásica,The Cure — Gothic Rock,"Extrañeza, oscuridad, surrealismo y estética fantástica.",The Cure,Gothic Rock,Alicia en el País de las Maravillas,the cure,alicia en el pais de las maravillas,The Cure,Gothic Rock,GB,,False,False,False,False,False,False,False,False,False,False,True,False,False,False,False,False,False,False,False,False,False,False,False,False,0,1,0,0,0,0,0,0,0,0,0,0,0,0,0,0,0,0,0,0,0,0,0,1,0,0,0,0,0,1,Alicia en el País de las Maravillas,Fantasia clasica / juvenil,2010.0,False,False,False,False,False,True,False,False,False,False,False,False,False,False,False,,,,,,,,,,,,,,,,,,,,,,,,,,,,,,,,,,,,,,,,,,,,,,,,,,,,,,,,,,,,,,,,,,,,,,,,,,,,,,,,,,,,,,,,,,,,,,,,,,,,,,,,,,,,,,,,,,,,,,,,,,,,,,,,,,,,,,,,,,,,,,,,,,,,,,,,,,,,,,,,,,,,,,,,,,,,,,,,,,,,,,,,,,,,,,,,,,,,,,,,,,,,,,,,,,,,,,,,,,,,,,,,,,,,,,,,,,,,,,,,,,,,,,,,,,,,,,,,,,,,,,,,,,,,,,,,,,,,,,,,,,,,,,,,,,,,,,,,,,,,
A través del espejo — Lewis Carroll,Fantasía Clásica,The Smashing Pumpkins — Alternative Rock,"Surrealismo, identidad y un mundo completamente extraño.",The Smashing Pumpkins,Alternative Rock,A través del espejo,the smashing pumpkins,a traves del espejo,The Smashing Pumpkins,Alternative Rock,US,14.150882189141454,False,True,False,False,False,False,False,False,False,False,False,False,False,False,False,False,False,False,False,False,False,False,False,False,0,1,0,0,0,0,0,0,0,0,0,0,0,0,0,0,0,0,0,0,0,0,0,0,0,0,0,0,0,0,A través del espejo,Fantasia clasica / juvenil,1860.0,False,False,False,False,False,True,False,False,False,False,False,False,False,False,False,0.0,0.0,0.0,0.372332808294818,0.0,0.0,0.0,0.0,0.0,0.0,0.0,0.0,0.0,0.0,0.11947660175560498,0.0,0.0,0.0,0.0,0.0,0.21721606641567176,0.0,0.0,0.0,0.0,0.0,0.0,0.0,0.0,0.0,0.35254473173167616,0.0,0.0,0.1613534082252993,0.0,0.0,0.0,0.0,0.0,0.0,0.0,0.0,0.0,0.0,0.0,0.0,0.0,0.0,0.0,0.0,0.0,0.0,0.14131268515408943,0.0,0.0,0.0,0.0,0.0,0.0,0.0,0.0,0.0,0.0,0.0,0.0,0.0,0.0,0.0,0.0,0.0,0.0,0.0,0.0,0.35254473173167616,0.0,0.0,0.0,0.0,0.0,0.0,0.0,0.0,0.0,0.0,0.0,0.0,0.0,0.17627236586583808,0.0,0.0,0.0,0.0,0.1613534082252993,0.0,0.0,0.0,0.0,0.0,0.0,0.0,0.0,0.0,0.0,0.0,0.0,0.0,0.0,0.0,0.0,0.0,0.0,0.0,0.0,0.0,0.0,0.0,0.0,0.0,0.0,0.0,0.0,0.0,0.0,0.0,0.0,0.0,0.0,0.0,0.0,0.0,0.0,0.0,0.0,0.0,0.0,0.0,0.0,0.16818834796861046,0.0,0.0,0.0,0.0,0.16818834796861046,0.0,0.0,0.0,0.0,0.0,0.0,0.0,0.0,0.0,0.0,0.17627236586583808,0.0,0.0,0.0,0.0,0.0,0.0,0.0,0.0,0.0,0.0,0.0,0.0,0.0,0.0,0.0,0.0,0.0,0.0,0.0,0.0,0.14131268515408943,0.13745465793440353,0.0,0.0,0.0,0.0,0.0,0.0,0.0,0.0,0.0,0.0,0.0,0.0,0.0,0.0,0.0,0.0,0.0,0.3227068164505986,0.0,0.0,0.0,0.0,0.0,0.0,0.0,0.0,0.0,0.0,0.0,0.0,0.0,0.0,0.0,0.0,0.0,0.0,0.0,0.0,0.3363766959372209,0.0,0.0,0.0,0.0,0.0,0.0,0.0,0.0,0.0,0.0,0.0,0.0,0.0,0.0,0.0,0.0,0.0,0.0,0.0,0.0,0.0,0.0,0.0,0.0,0.0,0.0,0.0,0.12756061965283258,0.0,0.0,0.0,0.0,0.0,0.0,0.0,0.0,0.0,0.0,0.0,0.0,0.0,0.0,0.0,0.0,0.0,0.0,0.0,0.1554327141132021,0.0,0.0,0.0,0.0,0.0,0.0,0.0,0.0,0.20982189503170656,0.0,0.0,0.0,0.0,0.0,0.0,0.0,0.0,0.0,0.0,0.0,0.0,0.0,0.0,0.0,0.0,0.0,0.0,0.0,0.0,0.0,0.14131268515408943,0.0,0.0,0.0,0.0,0.0,0.0
Coraline — Neil Gaiman,Dark Fantasy Juvenil,My Chemical Romance — Emo/Alternative,"Oscuridad, miedo, estética gótica y una protagonista desafiante.",My Chemical Romance,Emo/Alternative,Coraline,my chemical romance,coraline,My Chemical Romance,Emo / Alternative Rock,US,14.274384354768253,False,False,False,False,False,False,False,True,False,False,False,False,False,False,False,False,False,False,False,False,False,False,False,False,0,1,0,0,1,1,0,0,0,0,0,0,0,0,0,0,0,0,1,0,0,0,0,0,0,0,0,0,0,0,Coraline,Fantasia oscura / gotica,2000.0,False,False,False,False,False,False,False,True,False,False,False,False,False,False,False,0.0,0.0,0.0,0.0,0.0,0.0,0.0,0.0,0.0,0.0,0.0,0.0,0.0,0.0,0.0,0.0,0.0,0.0,0.0,0.0,0.0,0.0,0.0,0.0,0.0,0.0,0.0,0.0,0.0,0.0,0.0,0.0,0.0,0.0,0.0,0.0,0.0,0.0,0.0,0.0,0.0,0.0,0.0,0.0,0.0,0.0,0.0,0.0,0.0,0.0,0.0,0.0,0.0,0.0,0.0,0.0,0.0,0.0,0.0,0.0,0.0,0.0,0.0,0.0,0.0,0.0,0.0,0.0,0.0,0.32138071585829614,0.0,0.0,0.0,0.0,0.0,0.0,0.0,0.0,0.0,0.0,0.0,0.0,0.0,0.0,0.0,0.0,0.0,0.0,0.0,0.0,0.0,0.0,0.0,0.0,0.0,0.0,0.0,0.23116245502469043,0.0,0.26832487396568755,0.0,0.0,0.0,0.0,0.0,0.0,0.0,0.0,0.0,0.0,0.0,0.0,0.24394934264680185,0.0,0.0,0.0,0.0,0.0,0.0,0.0,0.0,0.0,0.0,0.0,0.0,0.0,0.0,0.0,0.0,0.0,0.23728919601432094,0.0,0.0,0.0,0.0,0.0,0.0,0.0,0.0,0.0,0.0,0.0,0.0,0.0,0.0,0.0,0.0,0.0,0.0,0.0,0.0,0.0,0.0,0.0,0.0,0.0,0.0,0.0,0.0,0.0,0.0,0.16715318801857978,0.0,0.0,0.0,0.0,0.0,0.0,0.0,0.0,0.0,0.0,0.0,0.0,0.0,0.0,0.0,0.0,0.0,0.0,0.0,0.0,0.0,0.0,0.0,0.27854582076238854,0.0,0.0,0.0,0.0,0.0,0.0,0.0,0.0,0.0,0.0,0.0,0.0,0.0,0.0,0.0,0.0,0.2903450379069295,0.0,0.0,0.0,0.0,0.0,0.0,0.0,0.0,0.0,0.0,0.0,0.0,0.0,0.0,0.0,0.0,0.0,0.0,0.0,0.0,0.0,0.0,0.0,0.0,0.0,0.0,0.0,0.0,0.27854582076238854,0.0,0.0,0.0,0.0,0.0,0.0,0.0,0.0,0.22548997886977998,0.0,0.0,0.0,0.0,0.0,0.0,0.0,0.0,0.0,0.0,0.0,0.0,0.0,0.0,0.0,0.0,0.0,0.0,0.0,0.0,0.0,0.0,0.0,0.0,0.0,0.0,0.0,0.0,0.0,0.0,0.0,0.0,0.0,0.0,0.0,0.0,0.0,0.0,0.0,0.0,0.0,0.580690075813859,0.0,0.0,0.0,0.0,0.0,0.0,0.0,0.0,0.0,0.0,0.0,0.0,0.0,0.0,0.0,0.0,0.0
El océano al final del camino — Neil Gaiman,Dark Fantasy,Deftones — Alternative Metal,"Infancia, memoria, criaturas sobrenaturales y melancolía.",Deftones,Alternative Metal,El océano al final del camino,deftones,el oceano al final del camino,Deftones,Alternative Metal,US,13.448275768884846,True,False,False,False,False,False,False,False,False,False,False,False,False,False,False,False,False,False,False,False,False,False,False,False,1,1,1,1,0,0,0,0,0,0,0,0,0,0,0,0,1,0,0,0,0,0,0,0,0,0,0,0,0,0,El océano al final del camino,Fantasia oscura / gotica,2010.0,False,False,False,False,False,False,False,True,False,False,False,False,False,False,False,0.0,0.0,0.0,0.0,0.0,0.0,0.0,0.0,0.0,0.0,0.0,0.0,0.0,0.0,0.0,0.0,0.0,0.0,0.0,0.0,0.0,0.0,0.2761086881690618,0.0,0.0,0.0,0.0,0.0,0.0,0.0,0.0,0.0,0.1380543440845309,0.0,0.0,0.0,0.0,0.13298858469859084,0.0,0.0,0.0,0.0,0.0,0.0,0.0,0.0,0.0,0.10914115710898835,0.0,0.10439286269124129,0.2878046682354086,0.0,0.0,0.0,0.0,0.0,0.0,0.11456995124915784,0.15081903826820506,0.0,0.0,0.0,0.0,0.0,0.0,0.0,0.0,0.0,0.0,0.0,0.0,0.0,0.1439023341177043,0.0,0.0,0.0,0.0,0.0,0.0,0.0,0.3855608047429581,0.0,0.0,0.0,0.0,0.0,0.0,0.0,0.0,0.0,0.0,0.0,0.0,0.0,0.0,0.0,0.0,0.0,0.0,0.0,0.0,0.0,0.0,0.0,0.0,0.0,0.0,0.0,0.0,0.0,0.0,0.0,0.12090745571690234,0.0,0.0,0.0,0.0,0.0,0.0,0.0,0.0,0.0,0.0,0.0,0.0,0.0,0.0,0.0,0.0,0.12452322297903996,0.11760651882853923,0.1380543440845309,0.0,0.0,0.0,0.0,0.0,0.0,0.0,0.0,0.0,0.0,0.0,0.0,0.0,0.0,0.0,0.0,0.0,0.0,0.0,0.0,0.0,0.0,0.0,0.0,0.0,0.0,0.0,0.0,0.0,0.0,0.13298858469859084,0.0,0.0,0.0,0.11175852879536582,0.0,0.0,0.0,0.0,0.0,0.0,0.0,0.0,0.11760651882853923,0.0,0.22913990249831567,0.0,0.15081903826820506,0.0,0.0,0.0,0.0,0.0,0.1380543440845309,0.0,0.0,0.0,0.0,0.0,0.0,0.0,0.0,0.0,0.0,0.0,0.0,0.0,0.3016380765364101,0.10914115710898835,0.0,0.0,0.0,0.0,0.0,0.2570405364953054,0.0,0.0,0.0,0.0,0.0,0.0,0.0,0.0,0.0,0.09637646292531421,0.0,0.0,0.0,0.0,0.1439023341177043,0.0,0.0,0.0,0.0,0.0,0.0,0.0,0.0,0.0,0.0,0.0,0.0,0.0,0.0,0.0,0.0,0.0,0.0,0.0,0.0,0.0,0.0,0.0,0.0,0.0,0.0,0.1285202682476527,0.0,0.0,0.0,0.0,0.1439023341177043,0.0,0.0,0.1380543440845309,0.0,0.0,0.1285202682476527,0.0,0.0,0.0,0.0,0.0,0.0,0.1380543440845309,0.0,0.0,0.0,0.0,0.0,0.13298858469859084,0.0,0.0,0.0,0.0,0.0,0.0,0.0,0.0,0.0,0.0,0.0,0.0,0.1439023341177043,0.0,0.1380543440845309,0.0,0.0,0.0,0.0,0.0,0.12090745571690234,0.0,0.0,0.0,0.0,0.10914115710898835,0.0
Stardust — Neil Gaiman,Fantasía Romántica,The Cure — Gothic Rock,"Hadas, estrellas, romance y una atmósfera de cuento oscuro.",The Cure,Gothic Rock,Stardust,the cure,stardust,The Cure,Gothic Rock,GB,,False,False,False,False,False,False,False,False,False,False,True,False,False,False,False,False,False,False,False,False,False,False,False,False,0,1,0,0,0,0,0,0,0,0,0,0,0,0,0,0,0,0,0,0,0,0,0,1,0,0,0,0,0,1,Stardust,Romantasy (fantasia romantica),1990.0,False,False,False,False,False,False,False,False,False,False,False,False,False,False,True,0.0,0.17807736152815146,0.0,0.0,0.0,0.0,0.0,0.0,0.0,0.0,0.0,0.0,0.0,0.0,0.0,0.0,0.0,0.0,0.0,0.0,0.13288998188212048,0.0,0.0,0.0,0.0,0.0,0.0,0.0,0.0,0.0,0.0,0.0,0.0,0.0,0.0,0.0,0.0,0.0,0.0,0.0,0.0,0.0,0.0,0.0,0.0,0.0,0.0,0.0,0.0,0.0,0.0,0.0,0.0,0.0,0.0,0.0,0.0,0.0,0.0,0.0,0.0,0.0,0.0,0.0,0.0,0.0,0.0,0.0,0.0,0.0,0.0,0.0,0.0,0.0,0.0,0.0,0.0,0.0,0.0,0.0,0.0,0.0,0.0,0.21568231017868825,0.0,0.0,0.0,0.0,0.0,0.0,0.0,0.0,0.0,0.0,0.0,0.0,0.0,0.0,0.0,0.0,0.0,0.0,0.0,0.0,0.0,0.0,0.0,0.0,0.0,0.22778839965609265,0.0,0.0,0.0,0.0,0.0,0.0,0.0,0.0,0.0,0.0,0.0,0.1638434513720636,0.0,0.0,0.0,0.0,0.1638434513720636,0.0,0.0,0.0,0.0,0.0,0.0,0.0,0.1974278592693583,0.0,0.0,0.0,0.0,0.0,0.1461884814013385,0.0,0.0,0.0,0.0,0.0,0.0,0.0,0.0,0.0,0.0,0.0,0.0,0.0,0.0,0.0,0.0,0.0,0.0,0.0,0.0,0.11847492807550596,0.0,0.0,0.0,0.0,0.1598229106188215,0.0,0.1638434513720636,0.0,0.1461884814013385,0.0,0.0,0.0,0.0,0.16818596620344717,0.0,0.0,0.0,0.0,0.0,0.0,0.0,0.0,0.0,0.0,0.0,0.0,0.17807736152815146,0.0,0.0,0.0,0.0,0.0,0.0,0.0,0.0,0.0,0.0,0.0,0.0,0.0,0.0,0.0,0.0,0.0,0.0,0.0,0.0,0.0,0.0,0.0,0.0,0.0,0.0,0.0,0.0,0.0,0.0,0.0,0.0,0.0,0.0,0.0,0.0,0.0,0.0,0.0,0.0,0.0,0.0,0.0,0.0,0.0,0.0,0.0,0.0,0.0,0.0,0.0,0.0,0.0,0.0,0.0,0.0,0.0,0.0,0.0,0.0,0.0,0.0,0.0,0.0,0.0,0.20579091485398396,0.0,0.0,0.0,0.0,0.0,0.0,0.0,0.0,0.0,0.0,0.0,0.0,0.0,0.0,0.0,0.0,0.0,0.0,0.0,0.0,0.0,0.0,0.0,0.0,0.0,0.683365198968278,0.0,0.0,0.0,0.0,0.0,0.0,0.0,0.0,0.0,0.0,0.0,0.0,0.0,0.0,0.19018345100555584,0.0,0.0,0.15607987672604276,0.14325520094291772
El circo de la noche — Erin Morgenstern,Fantasía Mágica,Ghost — Occult Rock/Heavy Metal,"Magia, espectáculo, misterio y estética oscura.",Ghost,Occult Rock/Heavy Metal,El circo de la noche,ghost,el circo de la noche,Ghost,Occult Rock,SE,,False,False,False,False,False,False,False,False,False,False,False,False,False,False,False,False,True,False,False,False,False,False,False,False,0,0,1,0,0,0,1,0,0,0,0,0,1,0,0,0,0,1,0,0,0,0,0,0,0,0,0,0,0,0,El circo de la noche,Fantasia clasica / juvenil,2010.0,False,False,False,False,False,True,False,False,False,False,False,False,False,False,False,0.0,0.0,0.0,0.0,0.0,0.0,0.0,0.19127494246286106,0.0,0.0,0.0,0.0,0.0,0.16294438448392753,0.0,0.0,0.0,0.0,0.1993773601342219,0.0,0.0,0.0,0.0,0.0,0.0,0.0,0.1675178480542487,0.0,0.0,0.0,0.0,0.0,0.19127494246286106,0.0,0.0,0.0,0.0,0.0,0.0,0.0,0.0,0.0,0.0,0.0,0.0,0.0,0.0,0.0,0.18425630902903672,0.0,0.0,0.0,0.0,0.0,0.0,0.0,0.0,0.0,0.0,0.0,0.1993773601342219,0.0,0.0,0.0,0.0,0.0,0.0,0.0,0.0,0.0,0.0,0.0,0.0,0.0,0.0,0.0,0.0,0.0,0.0,0.0,0.0,0.0,0.0,0.0,0.0,0.0,0.0,0.0,0.0,0.17806543558911272,0.0,0.0,0.0,0.0,0.0,0.0,0.0,0.0,0.0,0.0,0.0,0.0,0.0,0.0,0.0,0.0,0.0,0.0,0.0,0.0,0.44137856935866215,0.0,0.0,0.0,0.0,0.0,0.0,0.0,0.0,0.17806543558911272,0.0,0.15873720583350326,0.0,0.0,0.0,0.0,0.0,0.0,0.0,0.0,0.0,0.0,0.0,0.0,0.19127494246286106,0.0,0.0,0.0,0.0,0.0,0.0,0.0,0.0,0.0,0.0,0.0,0.0,0.0,0.0,0.0,0.0,0.0,0.0,0.0,0.0,0.0,0.0,0.19127494246286106,0.0,0.0,0.0,0.0,0.0,0.0,0.0,0.0,0.0,0.0,0.0,0.0,0.2832649198776367,0.0,0.0,0.17806543558911272,0.0,0.16294438448392753,0.0,0.0,0.0,0.0,0.0,0.0,0.0,0.0,0.0,0.0,0.0,0.0,0.0,0.0,0.0,0.0,0.0,0.19127494246286106,0.0,0.0,0.13879059631841414,0.0,0.0,0.0,0.0,0.0,0.0,0.0,0.0,0.0,0.0,0.0,0.0,0.0,0.0,0.0,0.20896048623715416,0.0,0.0,0.0,0.0,0.0,0.0,0.0,0.0,0.0,0.0,0.0,0.0,0.0,0.0,0.0,0.0,0.0,0.0,0.0,0.0,0.1993773601342219,0.0,0.0,0.0,0.0,0.0,0.0,0.0,0.0,0.0,0.0,0.0,0.0,0.0,0.0,0.0,0.0,0.0,0.0,0.0,0.0,0.0,0.0,0.0,0.0,0.0,0.0,0.0,0.0,0.0,0.0,0.0,0.0,0.0,0.0,0.0,0.0,0.0,0.0,0.0,0.0,0.0,0.17252751058685978,0.0,0.0,0.0,0.0,0.0,0.0,0.0,0.0,0.0,0.0,0.20896048623715416,0.0,0.0,0.0,0.0,0.0,0.0,0.0,0.0,0.0,0.17806543558911272,0.0,0.0,0.13879059631841414
El mar sin estrellas — Erin Morgenstern,Fantasía Mágica,Sleep Token — Alternative Metal,"Libros, secretos, sueños, romance y mundos ocultos.",Sleep Token,Alternative Metal,El mar sin estrellas,sleep token,el mar sin estrellas,Sleep Token,Alternative Metal,GB,13.81812214480076,True,False,False,False,False,False,False,False,False,False,False,False,False,False,False,False,False,False,False,False,False,False,False,False,0,0,0,1,0,0,0,1,0,0,0,0,0,0,0,0,0,0,0,0,0,0,0,0,0,1,0,0,0,0,El mar sin estrellas,Fantasia clasica / juvenil,1860.0,False,False,False,False,False,True,False,False,False,False,False,False,False,False,False,0.0,0.0,0.0,0.7254763519522733,0.0,0.0,0.0,0.0,0.0,0.0,0.0,0.0,0.0,0.0,0.0,0.1890510590849191,0.0,0.0,0.0,0.0,0.0,0.0,0.0,0.0,0.0,0.0,0.0,0.0,0.0,0.0,0.0,0.1951193700647015,0.0,0.20959399649371024,0.0,0.0,0.0,0.0,0.0,0.0,0.0,0.0,0.0,0.0,0.21847241035772963,0.0,0.0,0.0,0.0,0.0,0.0,0.0,0.0,0.0,0.0,0.0,0.0,0.0,0.0,0.0,0.0,0.0,0.0,0.0,0.0,0.0,0.0,0.0,0.0,0.0,0.0,0.0,0.0,0.0,0.0,0.0,0.0,0.0,0.0,0.0,0.0,0.0,0.0,0.0,0.0,0.0,0.0,0.0,0.0,0.0,0.0,0.0,0.0,0.0,0.3169783238907596,0.0,0.0,0.0,0.0,0.0,0.0,0.0,0.0,0.0,0.0,0.0,0.0,0.0,0.0,0.0,0.0,0.0,0.18356160407437255,0.0,0.0,0.0,0.0,0.0,0.0,0.0,0.0,0.0,0.0,0.0,0.0,0.0,0.0,0.0,0.0,0.0,0.0,0.0,0.0,0.0,0.0,0.0,0.0,0.0,0.0,0.0,0.0,0.0,0.0,0.0,0.0,0.0,0.0,0.0,0.0,0.17394000978120064,0.0,0.0,0.0,0.0,0.0,0.0,0.0,0.0,0.0,0.0,0.0,0.0,0.0,0.0,0.0,0.0,0.0,0.0,0.0,0.0,0.0,0.0,0.0,0.0,0.0,0.0,0.0,0.0,0.0,0.0,0.0,0.0,0.0,0.0,0.0,0.0,0.0,0.0,0.1890510590849191,0.0,0.0,0.0,0.0,0.0,0.0,0.0,0.15208304539822226,0.0,0.0,0.0,0.0,0.0,0.0,0.0,0.0,0.0,0.0,0.0,0.0,0.0,0.0,0.0,0.0,0.0,0.0,0.0,0.0,0.0,0.0,0.0,0.0,0.0,0.0,0.0,0.0,0.0,0.0,0.0,0.0,0.0,0.0,0.0,0.0,0.0,0.0,0.0,0.0,0.0,0.0,0.0,0.0,0.0,0.0,0.0,0.0,0.21847241035772963,0.0,0.0,0.0,0.0,0.0,0.0,0.0,0.0,0.0,0.0,0.0,0.0,0.0,0.0,0.0,0.0,0.0,0.0,0.0,0.0,0.0,0.0,0.0,0.0,0.0,0.0,0.0,0.0,0.0,0.0,0.0,0.0,0.0,0.0,0.0,0.0,0.0,0.0,0.0,0.0,0.0,0.0,0.0,0.0,0.0,0.0,0.0,0.0,0.11856687587706273,0.0,0.0,0.0,0.0,0.15208304539822226
La novena casa — Leigh Bardugo,Dark Academia/Fantasy,Type O Negative — Gothic/Doom Metal,"Ocultismo, sociedades secretas, fantasmas y oscuridad.",Type O Negative,Gothic/Doom Metal,La novena casa,type o negative,la novena casa,Type O Negative,Gothic Metal,US,12.059803326028716,False,False,False,False,False,False,False,False,False,True,False,False,False,False,False,False,False,False,False,False,False,False,False,False,1,0,1,0,0,0,0,0,0,0,0,1,1,0,0,0,0,0,0,0,0,0,0,0,0,0,0,0,0,0,La novena casa,Fantasia oscura / gotica,2010.0,False,False,False,False,False,False,False,True,False,False,False,False,False,False,False,0.0,0.0,0.7203170019217362,0.0,0.0,0.0,0.0,0.15607757451590545,0.0,0.0,0.1452988087933324,0.0,0.0,0.0,0.0,0.0,0.0,0.0,0.0,0.0,0.0,0.0,0.0,0.0,0.0,0.0,0.0,0.0,0.16268902963688323,0.0,0.0,0.0,0.0,0.0,0.0,0.0,0.0,0.0,0.0,0.0,0.0,0.0,0.0,0.0,0.0,0.0,0.0,0.0,0.0,0.0,0.0,0.0,0.0,0.0,0.0,0.14077994243753436,0.0,0.0,0.0,0.0,0.0,0.0,0.0,0.0,0.0,0.0,0.0,0.0,0.0,0.0,0.0,0.0,0.0,0.0,0.0,0.0,0.0,0.15607757451590545,0.0,0.0,0.1452988087933324,0.0,0.0,0.0,0.0,0.0,0.0,0.0,0.0,0.1452988087933324,0.0,0.0,0.0,0.0,0.0,0.0,0.0,0.0,0.0,0.0,0.0,0.0,0.0,0.0,0.0,0.0,0.0,0.0,0.13669213058321916,0.0,0.0,0.0,0.0,0.0,0.0,0.0,0.0,0.0,0.0,0.0,0.0,0.0,0.0,0.0,0.0,0.0,0.12952725408209562,0.0,0.0,0.0,0.0,0.0,0.0,0.0,0.15607757451590545,0.0,0.0,0.0,0.0,0.0,0.0,0.0,0.0,0.0,0.0,0.0,0.0,0.0,0.0,0.12952725408209562,0.0,0.0,0.0,0.0,0.0,0.0,0.0,0.0,0.0,0.0,0.0,0.09366094270283795,0.0,0.0,0.0,0.0,0.0,0.0,0.0,0.0,0.0,0.0,0.0,0.0,0.0,0.0,0.0,0.0,0.0,0.0,0.0,0.0,0.0,0.0,0.0,0.0,0.12952725408209562,0.0,0.0,0.0,0.0,0.0,0.09089291380699735,0.0,0.0,0.0,0.0,0.0,0.0,0.0,0.0,0.0,0.0,0.0,0.0,0.0,0.0,0.0,0.0,0.0,0.0,0.0,0.0,0.17050872132867992,0.0,0.0,0.0,0.12634879562475992,0.0,0.0,0.0,0.0,0.0,0.0,0.16268902963688323,0.0,0.0,0.0,0.0,0.0,0.0,0.0,0.0,0.16268902963688323,0.0,0.0,0.0,0.0,0.0,0.0,0.0,0.13296025074573764,0.12338972159398352,0.13669213058321916,0.0,0.0,0.0,0.0,0.0,0.1503504715892885,0.0,0.0,0.0,0.0,0.0,0.0,0.0,0.0,0.0,0.0,0.0,0.0,0.0,0.0,0.0,0.0,0.0,0.0,0.0,0.0,0.0,0.0,0.0,0.0,0.0,0.0,0.0,0.0,0.0,0.0,0.18007925048043405,0.0,0.0,0.0,0.0,0.0,0.0,0.0,0.0,0.0,0.0,0.0,0.0,0.0,0.08829275033827465,0.0,0.0,0.0,0.0,0.0
Hell Bent — Leigh Bardugo,Dark Academia/Fantasy,Deftones — Alternative Metal,"Infierno, magia, trauma y misterio.",Deftones,Alternative Metal,Hell Bent,deftones,hell bent,Deftones,Alternative Metal,US,13.448275768884846,True,False,False,False,False,False,False,False,False,False,False,False,False,False,False,False,False,False,False,False,False,False,False,False,1,1,1,1,0,0,0,0,0,0,0,0,0,0,0,0,1,0,0,0,0,0,0,0,0,0,0,0,0,0,Hell Bent,Fantasia oscura / gotica,2020.0,False,False,False,False,False,False,False,True,False,False,False,False,False,False,False,0.0,0.0,0.5971455918610901,0.0,0.0,0.0,0.0,0.0,0.0,0.0,0.0,0.0,0.0,0.0,0.0,0.0,0.0,0.0,0.0,0.0,0.0,0.0,0.0,0.0,0.0,0.0,0.0,0.0,0.0,0.0,0.0,0.0,0.0,0.0,0.0,0.0,0.16060436898777697,0.0,0.0,0.0,0.0,0.0,0.0,0.0,0.0,0.0,0.0,0.0,0.0,0.0,0.17982644980407014,0.0,0.0,0.0,0.0,0.0,0.1725185538439185,0.0,0.0,0.0,0.0,0.0,0.0,0.0,0.1725185538439185,0.17982644980407014,0.0,0.0,0.0,0.0,0.0,0.0,0.0,0.0,0.0,0.0,0.0,0.0,0.0,0.0,0.0,0.0,0.0,0.0,0.0,0.0,0.0,0.0,0.0,0.0,0.0,0.0,0.0,0.0,0.0,0.0,0.0,0.0,0.0,0.0,0.0,0.0,0.0,0.0,0.0,0.0,0.0,0.0,0.15109107610880934,0.0,0.0,0.0,0.0,0.0,0.0,0.0,0.0,0.0,0.0,0.0,0.0,0.0,0.0,0.14317146218427249,0.0,0.0,0.0,0.0,0.0,0.0,0.14696608560534674,0.0,0.0,0.0,0.0,0.0,0.0,0.0,0.0,0.15109107610880934,0.12774400478905357,0.0,0.0,0.0,0.0,0.0,0.0,0.0,0.0,0.0,0.14696608560534674,0.0,0.0,0.0,0.0,0.0,0.0,0.0,0.0,0.0,0.0,0.0,0.0,0.0,0.0,0.0,0.0,0.0,0.0,0.0,0.0,0.0,0.0,0.0,0.15109107610880934,0.0,0.0,0.0,0.0,0.0,0.0,0.0,0.0,0.0,0.18846985617656345,0.0,0.0,0.0,0.0,0.0,0.0,0.0,0.10046743802419313,0.0,0.21268681400279354,0.0,0.0,0.0,0.0,0.0,0.0,0.0,0.0,0.0,0.0,0.0,0.16060436898777697,0.16060436898777697,0.0,0.0,0.0,0.0,0.0,0.0,0.0,0.0,0.0,0.0,0.0,0.0,0.0,0.0,0.0,0.0,0.0,0.0,0.0,0.0,0.0,0.0,0.18846985617656345,0.0,0.0,0.0,0.0,0.0,0.0,0.0,0.0,0.0,0.13965818964519514,0.0,0.0,0.0,0.17982644980407014,0.0,0.0,0.0,0.0,0.0,0.0,0.0,0.17982644980407014,0.0,0.0,0.0,0.0,0.0,0.0,0.0,0.16618816642163994,0.0,0.0,0.0,0.0,0.0,0.0,0.0,0.0,0.0,0.0,0.0,0.0,0.0,0.0,0.0,0.0,0.0,0.0,0.0,0.0,0.17982644980407014,0.0,0.0,0.0,0.0,0.0,0.0,0.0,0.0,0.0,0.0,0.0,0.15109107610880934,0.0,0.0,0.0,0.0,0.0,0.0
Seis de cuervos — Leigh Bardugo,Fantasy Heist,Bring Me The Horizon — Metalcore,"Ladrones, violencia, traición y personajes rotos.",Bring Me The Horizon,Metalcore,Seis de cuervos,bring me the horizon,seis de cuervos,Bring Me The Horizon,Metalcore,GB,13.146726179515642,False,False,False,False,False,False,False,False,False,False,False,False,False,False,True,False,False,False,False,False,False,False,False,False,0,1,0,1,0,0,0,0,0,0,0,0,0,1,0,1,0,0,0,0,0,0,0,0,1,0,0,0,0,0,Seis de cuervos,Fantasia urbana,2010.0,False,False,False,False,False,False,False,False,True,False,False,False,False,False,False,0.0,0.0,0.0,0.0,0.21625200412235498,0.0,0.0,0.0,0.0,0.0,0.0,0.0,0.0,0.0,0.0,0.0,0.0,0.0,0.0,0.0,0.14556063676192746,0.0,0.0,0.0,0.0,0.0,0.0,0.0,0.0,0.0,0.0,0.20131757362071856,0.0,0.0,0.0,0.20131757362071856,0.0,0.0,0.0,0.0,0.0,0.0,0.0,0.0,0.0,0.5332058350096587,0.0,0.0,0.0,0.0,0.0,0.0,0.0,0.0,0.0,0.0,0.0,0.0,0.0,0.0,0.0,0.0,0.0,0.0,0.0,0.0,0.0,0.0,0.0,0.0,0.0,0.0,0.0,0.0,0.0,0.0,0.0,0.0,0.0,0.0,0.0,0.0,0.0,0.0,0.0,0.0,0.0,0.0,0.0,0.0,0.0,0.0,0.0,0.0,0.16352376249187742,0.0,0.0,0.0,0.0,0.0,0.0,0.0,0.0,0.0,0.0,0.0,0.0,0.0,0.0,0.0,0.0,0.0,0.0,0.0,0.0,0.0,0.0,0.0,0.0,0.0,0.0,0.0,0.0,0.0,0.0,0.0,0.0,0.0,0.0,0.0,0.0,0.0,0.0,0.0,0.0,0.0,0.0,0.0,0.0,0.0,0.0,0.0,0.0,0.0,0.4026351472414371,0.0,0.0,0.0,0.0,0.0,0.0,0.0,0.0,0.0,0.0,0.0,0.0,0.0,0.0,0.0,0.0,0.0,0.0,0.0,0.0,0.0,0.0,0.0,0.0,0.0,0.0,0.0,0.0,0.0,0.0,0.0,0.0,0.0,0.0,0.0,0.0,0.0,0.0,0.0,0.0,0.0,0.0,0.0,0.0,0.0,0.0,0.0,0.0,0.0,0.0,0.0,0.3138282957583054,0.0,0.0,0.0,0.0,0.0,0.0,0.0,0.0,0.0,0.0,0.0,0.0,0.0,0.20831686360305052,0.0,0.0,0.0,0.22541245157619946,0.0,0.0,0.0,0.0,0.0,0.0,0.0,0.0,0.0,0.0,0.0,0.0,0.0,0.0,0.0,0.0,0.0,0.0,0.0,0.0,0.0,0.0,0.0,0.0,0.0,0.0,0.0,0.0,0.0,0.0,0.0,0.0,0.1842219856475696,0.20131757362071856,0.0,0.0,0.0,0.0,0.0,0.0,0.0,0.0,0.16352376249187742,0.0,0.0,0.0,0.0,0.0,0.0,0.0,0.0,0.0,0.0,0.0,0.0,0.0,0.0,0.20831686360305052,0.0,0.0,0.0,0.0,0.0,0.0,0.0,0.0,0.0,0.0,0.0,0.0,0.0,0.0,0.0,0.0,0.0,0.0,0.0,0.0,0.0,0.0,0.0,0.20131757362071856,0.0,0.0,0.0
Rey de cicatrices — Leigh Bardugo,Alta Fantasía,Kamelot — Symphonic/Power Metal,"Reinos, política, magia y personajes atormentados.",Kamelot,Symphonic/Power Metal,Rey de cicatrices,kamelot,rey de cicatrices,Kamelot,Symphonic Metal,US,9.99492661285291,False,False,False,False,False,False,False,False,False,False,False,False,False,False,False,False,False,False,False,False,False,False,False,True,1,0,0,0,0,0,0,1,0,1,1,0,0,0,0,0,0,0,0,0,0,0,0,0,0,0,0,0,0,0,Rey de cicatrices,Alta fantasia / epica,2000.0,True,False,False,False,False,False,False,False,False,False,False,False,False,False,False,,,,,,,,,,,,,,,,,,,,,,,,,,,,,,,,,,,,,,,,,,,,,,,,,,,,,,,,,,,,,,,,,,,,,,,,,,,,,,,,,,,,,,,,,,,,,,,,,,,,,,,,,,,,,,,,,,,,,,,,,,,,,,,,,,,,,,,,,,,,,,,,,,,,,,,,,,,,,,,,,,,,,,,,,,,,,,,,,,,,,,,,,,,,,,,,,,,,,,,,,,,,,,,,,,,,,,,,,,,,,,,,,,,,,,,,,,,,,,,,,,,,,,,,,,,,,,,,,,,,,,,,,,,,,,,,,,,,,,,,,,,,,,,,,,,,,,,,,,,,
Sombra y hueso — Leigh Bardugo,Fantasía Juvenil,Evanescence — Alternative/Gothic Metal,"Magia oscura, destino, romance y conflicto.",Evanescence,Alternative/Gothic Metal,Sombra y hueso,evanescence,sombra y hueso,Evanescence,Gothic Metal,US,15.080234846647487,False,False,False,False,False,False,False,False,False,True,False,False,False,False,False,False,False,False,False,False,False,False,False,False,1,1,0,1,0,0,0,0,0,0,1,0,0,0,0,0,0,0,0,0,0,0,0,0,0,0,0,0,0,0,Sombra y Hueso,Fantasia oscura / gotica,2010.0,False,False,False,False,False,False,False,True,False,False,False,False,False,False,False,0.0,0.0,0.0,0.0,0.0,0.0,0.0,0.0,0.0,0.0,0.0,0.0,0.0,0.0,0.0,0.0,0.0,0.0,0.0,0.0,0.0,0.0,0.0,0.0,0.0,0.0,0.0,0.0,0.0,0.0,0.0,0.0,0.0,0.0,0.0,0.0,0.0,0.0,0.0,0.0,0.0,0.0,0.0,0.0,0.0,0.0,0.0,0.0,0.0,0.0,0.0,0.0,0.0,0.0,0.0,0.0,0.0,0.0,0.0,0.0,0.0,0.0,0.0,0.43856557096390714,0.0,0.0,0.0,0.0,0.0,0.0,0.0,0.0,0.0,0.0,0.0,0.0,0.0,0.4207428782076372,0.0,0.0,0.0,0.0,0.0,0.0,0.0,0.0,0.0,0.0,0.0,0.0,0.0,0.0,0.0,0.0,0.0,0.0,0.0,0.0,0.0,0.0,0.0,0.0,0.0,0.0,0.0,0.0,0.37950460441732137,0.0,0.0,0.0,0.0,0.0,0.0,0.0,0.0,0.0,0.0,0.0,0.0,0.0,0.0,0.0,0.0,0.0,0.0,0.0,0.0,0.0,0.0,0.0,0.0,0.0,0.0,0.0,0.0,0.0,0.0,0.0,0.0,0.0,0.0,0.0,0.0,0.0,0.0,0.0,0.0,0.0,0.0,0.0,0.0,0.0,0.0,0.0,0.0,0.0,0.0,0.0,0.0,0.0,0.0,0.0,0.0,0.0,0.0,0.0,0.0,0.0,0.0,0.0,0.0,0.0,0.0,0.39168624449387424,0.0,0.0,0.0,0.0,0.0,0.0,0.0,0.0,0.0,0.0,0.4596453423487938,0.0,0.349170403614128,0.0,0.0,0.0,0.0,0.0,0.0,0.0,0.0,0.0,0.0,0.0,0.0,0.0,0.0,0.0,0.0,0.0,0.0,0.0,0.0,0.0,0.0,0.0,0.0,0.0,0.0,0.0,0.0,0.0,0.0,0.0,0.0,0.0,0.0,0.0,0.0,0.0,0.0,0.0,0.0,0.0,0.0,0.0,0.0,0.0,0.0,0.0,0.0,0.0,0.0,0.0,0.0,0.0,0.0,0.0,0.0,0.0,0.0,0.0,0.0,0.0,0.0,0.0,0.0,0.0,0.0,0.0,0.0,0.0,0.0,0.0,0.0,0.0,0.0,0.0,0.0,0.0,0.0,0.0,0.0,0.0,0.0,0.0,0.0,0.0,0.0,0.0,0.0,0.0,0.0,0.0,0.0,0.0,0.0,0.0,0.0,0.0,0.0,0.0,0.0,0.0,0.0,0.0,0.0,0.0,0.0,0.0,0.0,0.0,0.0,0.0,0.0,0.0
La vida invisible de Addie LaRue — V. E. Schwab,Fantasía,The 1975 — Alternative Pop/Rock,"Inmortalidad, soledad, identidad y melancolía.",The 1975,Alternative Pop/Rock,La vida invisible de Addie LaRue,the 1975,la vida invisible de addie larue,The 1975,Alternative Rock,GB,14.496047563419545,False,True,False,False,False,False,False,False,False,False,False,False,False,False,False,False,False,False,False,False,False,False,False,False,0,0,0,0,0,0,0,0,0,0,0,0,0,0,0,1,0,0,0,0,0,0,0,0,0,0,0,0,1,0,La vida invisible de Addie LaRue,Romantasy (fantasia romantica),2010.0,False,False,False,False,False,False,False,False,False,False,False,False,False,False,True,0.0,0.17339298666537253,0.0,0.0,0.0,0.0,0.0,0.0,0.0,0.0,0.0,0.0,0.0,0.0,0.1423429524602777,0.0,0.0,0.0,0.0,0.0,0.0,0.0,0.0,0.0,0.0,0.0,0.0,0.0,0.0,0.18518062206895272,0.21000872661097905,0.0,0.0,0.0,0.0,0.0,0.0,0.0,0.0,0.0,0.0,0.0,0.0,0.0,0.0,0.0,0.0,0.0,0.0,0.0,0.0,0.0,0.0,0.0,0.21000872661097905,0.0,0.0,0.0,0.0,0.0,0.0,0.0,0.0,0.0,0.0,0.0,0.0,0.0,0.0,0.0,0.0,0.0,0.0,0.0,0.0,0.0,0.0,0.0,0.0,0.0,0.0,0.0,0.0,0.0,0.0,0.0,0.0,0.0,0.0,0.17895869240588422,0.0,0.0,0.0,0.0,0.0,0.18518062206895272,0.0,0.0,0.0,0.0,0.0,0.0,0.0,0.17895869240588422,0.0,0.0,0.0,0.0,0.0,0.0,0.0,0.0,0.0,0.0,0.0,0.0,0.0,0.0,0.0,0.0,0.0,0.0,0.0,0.0,0.0,0.19223446414469259,0.0,0.17339298666537253,0.0,0.0,0.0,0.0,0.0,0.0,0.0,0.0,0.0,0.0,0.0,0.0,0.0,0.0,0.0,0.0,0.0,0.0,0.0,0.0,0.0,0.0,0.0,0.0,0.0,0.0,0.0,0.17895869240588422,0.21000872661097905,0.0,0.0,0.0,0.0,0.1153584119154285,0.0,0.18518062206895272,0.0,0.0,0.0,0.0,0.0,0.0,0.0,0.0,0.0,0.0,0.0,0.1637617872646152,0.0,0.15953350350192458,0.21000872661097905,0.0,0.2003775272102217,0.0,0.0,0.0,0.0,0.0,0.0,0.0,0.0,0.0,0.2003775272102217,0.0,0.0,0.0,0.0,0.0,0.0,0.0,0.0,0.0,0.0,0.0,0.0,0.0,0.0,0.0,0.0,0.0,0.0,0.0,0.0,0.0,0.21000872661097905,0.0,0.0,0.0,0.0,0.0,0.0,0.0,0.0,0.0,0.0,0.0,0.0,0.0,0.0,0.0,0.0,0.0,0.0,0.0,0.0,0.0,0.0,0.0,0.0,0.0,0.0,0.0,0.0,0.0,0.0,0.0,0.0,0.0,0.0,0.0,0.0,0.0,0.0,0.0,0.0,0.0,0.0,0.0,0.0,0.0,0.0,0.0,0.0,0.0,0.0,0.0,0.0,0.0,0.0,0.0,0.0,0.0,0.0,0.0,0.0,0.0,0.0,0.0,0.0,0.0,0.0,0.0,0.0,0.0,0.0,0.0,0.0,0.0,0.0,0.0,0.0,0.0,0.3275235745292304,0.0,0.0,0.0,0.10874662552761342,0.0,0.0,0.0,0.151974151861035,0.41846049829720505
La casa en el mar más azul — T. J. Klune,Cozy Fantasy,Neck Deep — Pop Punk,"Encontrar una familia, aceptación, amistad y esperanza.",Neck Deep,Pop Punk,La casa en el mar más azul,neck deep,la casa en el mar mas azul,Neck Deep,Pop Punk,GB,13.0710890302057,False,False,False,False,False,False,False,False,False,False,False,False,False,False,False,False,False,True,False,False,False,False,False,False,0,1,0,0,0,1,0,0,0,0,0,0,0,0,0,0,0,0,0,0,0,0,0,0,0,0,0,1,0,0,La casa en el mar más azul,Cozy Fantasy / sobrenatural,2010.0,False,True,False,False,False,False,False,False,False,False,False,False,False,False,False,0.0,0.0,0.0,0.0,0.0,0.0,0.0,0.0,0.7060602384923811,0.0,0.0,0.0,0.0,0.0,0.0,0.0,0.0,0.0,0.0,0.0,0.0,0.0,0.0,0.0,0.0,0.0,0.0,0.0,0.0,0.0,0.0,0.0,0.0,0.28635647170350176,0.0,0.0,0.0,0.0,0.0,0.0,0.0,0.0,0.0,0.0,0.0,0.0,0.0,0.22638386987830697,0.0,0.0,0.0,0.0,0.0,0.0,0.0,0.0,0.0,0.0,0.0,0.0,0.0,0.0,0.0,0.0,0.0,0.0,0.0,0.0,0.0,0.0,0.0,0.0,0.0,0.0,0.0,0.0,0.0,0.0,0.0,0.0,0.0,0.0,0.0,0.0,0.3128333842052411,0.0,0.0,0.0,0.0,0.0,0.0,0.0,0.0,0.0,0.0,0.0,0.0,0.0,0.0,0.0,0.0,0.0,0.0,0.0,0.0,0.0,0.0,0.0,0.0,0.0,0.0,0.0,0.0,0.0,0.0,0.0,0.0,0.0,0.0,0.0,0.0,0.23764443792411738,0.0,0.0,0.3128333842052411,0.0,0.0,0.0,0.0,0.0,0.0,0.0,0.0,0.0,0.0,0.0,0.0,0.0,0.0,0.0,0.0,0.0,0.0,0.0,0.0,0.0,0.0,0.0,0.0,0.0,0.0,0.0,0.0,0.0,0.0,0.0,0.0,0.0,0.0,0.0,0.0,0.0,0.0,0.0,0.0,0.0,0.0,0.0,0.0,0.0,0.2120370341485917,0.0,0.0,0.26658060491925645,0.0,0.0,0.0,0.0,0.0,0.0,0.0,0.0,0.0,0.0,0.0,0.0,0.0,0.0,0.0,0.0,0.0,0.0,0.0,0.0,0.0,0.0,0.0,0.0,0.0,0.0,0.0,0.0,0.0,0.0,0.0,0.0,0.0,0.0,0.0,0.0,0.0,0.0,0.0,0.0,0.0,0.0,0.0,0.0,0.0,0.0,0.0,0.0,0.0,0.0,0.0,0.0,0.0,0.0,0.0,0.0,0.0,0.0,0.0,0.0,0.0,0.0,0.0,0.0,0.0,0.0,0.0,0.0,0.0,0.0,0.0,0.0,0.0,0.0,0.0,0.0,0.0,0.0,0.0,0.0,0.0,0.0,0.0,0.0,0.0,0.0,0.0,0.0,0.0,0.0,0.0,0.0,0.0,0.0,0.0,0.0,0.0,0.0,0.0,0.0,0.0,0.0,0.0,0.0,0.0,0.0,0.0,0.0,0.0,0.0,0.0,0.0,0.0,0.0,0.0,0.0,0.0,0.0,0.0,0.0,0.0,0.0,0.0,0.0,0.0,0.0
Under the Whispering Door — T. J. Klune,Fantasía/Sobrenatural,The Wonder Years — Pop Punk,"Muerte, crecimiento personal y aprender a vivir.",The Wonder Years,Pop Punk,Under the Whispering Door,the wonder years,under the whispering door,The Wonder Years,Pop Punk,US,11.814931951376826,False,False,False,False,False,False,False,False,False,False,False,False,False,False,False,False,False,True,False,False,False,False,False,False,0,0,0,0,0,1,0,0,0,0,0,0,0,0,0,0,0,0,1,0,0,0,0,0,0,0,1,0,0,0,Under the Whispering Door,Cozy Fantasy / sobrenatural,2020.0,False,True,False,False,False,False,False,False,False,False,False,False,False,False,False,0.0,0.0,0.0,0.0,0.0,0.0,0.0,0.0,0.0,0.0,0.0,0.0,0.0,0.0,0.12116168930451941,0.0,0.0,0.0,0.0,0.0,0.0,0.0,0.0,0.0,0.0,0.0,0.14330574691478393,0.0,0.0,0.0,0.0,0.0,0.0,0.0,0.0,0.0,0.0,0.15762492352824636,0.0,0.0,0.0,0.0,0.0,0.0,0.0,0.0,0.0,0.0,0.0,0.0,0.0,0.0,0.0,0.16362912259263235,0.0,0.4427740217864712,0.0,0.27158842009204076,0.0,0.0,0.0,0.0,0.0,0.0,0.0,0.0,0.0,0.0,0.0,0.3775841576811468,0.0,0.0,0.0,0.0,0.0,0.0,0.0,0.0,0.0,0.0,0.0,0.0,0.0,0.0,0.0,0.0,0.0,0.0,0.0,0.0,0.0,0.0,0.0,0.0,0.0,0.0,0.0,0.0,0.0,0.0,0.0,0.0,0.0,0.0,0.0,0.17875849590781742,0.0,0.0,0.0,0.0,0.0,0.0,0.0,0.0,0.0,0.15762492352824636,0.0,0.0,0.0,0.0,0.0,0.0,0.0,0.13579421004602038,0.35751699181563484,0.0,0.0,0.0,0.0,0.1475913405954904,0.13939330641638287,0.0,0.0,0.0,0.0,0.0,0.0,0.0,0.0,0.0,0.12116168930451941,0.0,0.1705604617287099,0.0,0.0,0.0,0.0,0.0,0.0,0.0,0.0,0.0,0.0,0.0,0.0,0.0,0.0,0.0,0.0,0.0,0.0,0.1963851363425998,0.0,0.0,0.0,0.0,0.0,0.0,0.0,0.0,0.12116168930451941,0.0,0.0,0.0,0.0,0.0,0.0,0.13579421004602038,0.0,0.0,0.1705604617287099,0.0,0.0,0.0,0.0,0.0,0.0,0.0,0.0,0.0,0.0,0.0,0.09529061290359234,0.0,0.0,0.0,0.0,0.0,0.0,0.0,0.0,0.0,0.0,0.0,0.0,0.0,0.0,0.0,0.0,0.0,0.0,0.13579421004602038,0.0,0.0,0.0,0.0,0.0,0.0,0.0,0.0,0.0,0.0,0.0,0.0,0.0,0.0,0.0,0.0,0.0,0.0,0.0,0.0,0.0,0.0,0.0,0.0,0.0,0.0,0.0,0.0,0.0,0.0,0.0,0.0,0.0,0.0,0.0,0.0,0.15232884461684643,0.0,0.0,0.0,0.0,0.0,0.0,0.0,0.0,0.24746360051722527,0.0,0.0,0.0,0.0,0.0,0.0,0.0,0.0,0.0,0.0,0.0,0.0,0.0,0.0,0.0,0.0,0.0,0.0,0.0,0.0,0.0,0.0,0.0,0.0,0.0,0.0,0.0,0.0,0.0,0.0,0.0,0.0,0.0,0.0,0.0,0.0,0.0,0.0,0.0,0.0,0.0,0.0
Jonathan Strange y el señor Norrell — Susanna Clarke,Fantasía Histórica,Opeth — Progressive Metal,"Magia antigua, oscuridad, misterio y una atmósfera melancólica.",Opeth,Progressive Metal,Jonathan Strange y el señor Norrell,opeth,jonathan strange y el senor norrell,Opeth,Progressive Metal,SE,11.319680464001882,False,False,False,False,False,False,False,False,False,False,False,False,False,False,False,False,False,False,False,False,False,True,False,False,1,0,0,0,0,0,0,1,1,0,0,0,0,0,0,0,0,1,0,0,0,0,0,0,0,0,0,0,0,0,Jonathan Strange y el señor Norrell,Fantasia oscura / gotica,2000.0,False,False,False,False,False,False,False,True,False,False,False,False,False,False,False,0.0,0.0,0.0,0.0,0.0,0.0,0.0,0.0,0.0,0.0,0.0,0.0,0.0,0.0,0.0,0.0,0.0,0.0,0.0,0.0,0.11551532785776086,0.0,0.0,0.0,0.0,0.0,0.0,0.0,0.0,0.0,0.0,0.0,0.0,0.0,0.0,0.0,0.0,0.0,0.0,0.0,0.0,0.0,0.0,0.0,0.0,0.0,0.0,0.0,0.0,0.0,0.0,0.0,0.0,0.0,0.0,0.0,0.0,0.0,0.0,0.0,0.0,0.0,0.0,0.0,0.0,0.0,0.0,0.0,0.0,0.0,0.0,0.0,0.0,0.0,0.0,0.0,0.0,0.0,0.0,0.0,0.0,0.0,0.0,0.5624490067771442,0.0,0.0,0.0,0.0,0.0,0.0,0.0,0.0,0.0,0.0,0.12977066779172358,0.0,0.0,0.0,0.0,0.0,0.0,0.0,0.0,0.0,0.0,0.0,0.0,0.0,0.0,0.0,0.0,0.0,0.0,0.0,0.0,0.0,0.0,0.0,0.0,0.0,0.0,0.0,0.0,0.0,0.0,0.0,0.0,0.30958939883394,0.0,0.0,0.0,0.0,0.0,0.0,0.0,0.0,0.0,0.0,0.0,0.0,0.0,0.0,0.0,0.0,0.0,0.0,0.0,0.0,0.0,0.0,0.0,0.0,0.0,0.0,0.0,0.0,0.0,0.0,0.0,0.0,0.0,0.0,0.0,0.0,0.0,0.0,0.0,0.0,0.0,0.0,0.0,0.0,0.12977066779172358,0.15976342256843448,0.0,0.0,0.0,0.0,0.0,0.0,0.0,0.0,0.3749660045180961,0.0,0.0,0.0,0.0,0.0,0.0,0.0,0.0,0.0,0.0,0.0,0.0,0.3749660045180961,0.37357604997484783,0.0,0.0,0.0,0.0,0.0,0.0,0.0,0.0,0.0,0.0,0.0,0.0,0.0,0.0,0.0,0.0,0.0,0.0,0.0,0.0,0.0,0.0,0.0,0.0,0.0,0.0,0.0,0.0,0.0,0.0,0.0,0.0,0.0,0.0,0.0,0.18748300225904804,0.0,0.0,0.0,0.0,0.0,0.0,0.0,0.0,0.0,0.0,0.0,0.0,0.0,0.0,0.14619655110118887,0.0,0.0,0.0,0.0,0.0,0.0,0.0,0.0,0.0,0.0,0.0,0.15976342256843448,0.0,0.0,0.0,0.0,0.0,0.0,0.0,0.0,0.0,0.0,0.0,0.11158311351584059,0.0,0.0,0.0,0.0,0.0,0.0,0.0,0.0,0.0,0.0,0.0,0.0,0.0,0.0,0.0,0.0,0.0,0.0,0.0,0.0,0.0,0.0,0.0,0.0,0.0,0.0,0.0,0.0
Piranesi — Susanna Clarke,Fantasía/Misterio,Tool — Progressive Metal,"Un mundo imposible, aislamiento, simbolismo y misterio.",Tool,Progressive Metal,Piranesi,tool,piranesi,Tool,Progressive Metal,US,13.655625803039108,False,False,False,False,False,False,False,False,False,False,False,False,False,False,False,False,False,False,False,False,False,True,False,False,1,0,0,1,1,0,0,1,0,0,0,0,0,0,0,0,0,1,0,0,0,0,0,0,0,0,0,0,0,0,Piranesi,Fantasia oscura / gotica,2020.0,False,False,False,False,False,False,False,True,False,False,False,False,False,False,False,0.0,0.0,0.0,0.0,0.0,0.0,0.0,0.0,0.0,0.0,0.0,0.0,0.0,0.0,0.1190582497204326,0.0,0.0,0.0,0.0,0.0,0.0,0.0,0.0,0.0,0.0,0.0,0.14081787321132244,0.0,0.0,0.0,0.0,0.0,0.0,0.0,0.19822550463798877,0.0,0.0,0.15488846033190826,0.0,0.0,0.0,0.0,0.0,0.0,0.0,0.0,0.0,0.0,0.0,0.0,0.0,0.0,0.0,0.0,0.0,0.0,0.0,0.0,0.0,0.0,0.0,0.0,0.0,0.0,0.0,0.0,0.0,0.0,0.0,0.0,0.0,0.0,0.0,0.0,0.0,0.0,0.0,0.0,0.0,0.0,0.14968432452634176,0.0,0.0,0.0,0.0,0.0,0.0,0.0,0.0,0.0,0.0,0.0,0.0,0.0,0.0,0.0,0.0,0.0,0.0,0.0,0.0,0.0,0.0,0.0,0.0,0.0,0.0,0.0,0.0,0.18551453513781743,0.0,0.0,0.0,0.0,0.0,0.0,0.0,0.17565514122167325,0.0,0.0,0.0,0.0,0.0,0.1334367411270892,0.0,0.0,0.0,0.0,0.0,0.0,0.4109200650785112,0.0,0.0,0.0,0.0,0.0,0.0,0.0,0.0,0.0,0.0,0.0,0.0,0.0,0.0,0.0,0.0,0.0,0.18551453513781743,0.1334367411270892,0.0,0.0,0.0,0.0,0.0,0.0,0.0,0.0,0.0,0.0,0.0,0.0,0.0,0.0,0.14081787321132244,0.0,0.0,0.0,0.0,0.0,0.0,0.0,0.0,0.0,0.0,0.0,0.0,0.1334367411270892,0.0,0.0,0.0,0.0,0.0,0.0,0.0,0.0,0.0,0.0,0.0,0.0,0.0,0.0,0.2809089321602697,0.0,0.0,0.0,0.11666933895283275,0.0,0.0,0.3513102824433465,0.0,0.0,0.1675994298320796,0.0,0.0,0.0,0.0,0.0,0.0,0.0,0.3097769206638165,0.0,0.0,0.0,0.0,0.0,0.0,0.0,0.0,0.0,0.0,0.0,0.0,0.0,0.0,0.16078842289996226,0.0,0.0,0.0,0.0,0.0,0.0,0.0,0.0,0.0,0.0,0.0,0.0,0.0,0.0,0.0,0.0,0.0,0.14081787321132244,0.0,0.0,0.0,0.13697335502617042,0.0,0.0,0.0,0.0,0.0,0.0,0.0,0.0,0.0,0.0,0.0,0.14968432452634176,0.0,0.0,0.0,0.0,0.0,0.14968432452634176,0.0,0.0,0.0,0.0,0.0,0.0,0.0,0.0,0.0,0.0,0.1675994298320796,0.0,0.0,0.0,0.0,0.1675994298320796,0.0,0.0,0.0,0.0,0.0,0.0,0.0,0.0,0.0,0.0,0.0,0.0,0.1819153344024393,0.0,0.0,0.0,0.0,0.0
El nombre del viento — Patrick Rothfuss,Alta Fantasía,Kamelot — Symphonic/Power Metal,"Música, magia, leyendas, tragedia y un protagonista complejo.",Kamelot,Symphonic/Power Metal,El nombre del viento,kamelot,el nombre del viento,Kamelot,Symphonic Metal,US,9.99492661285291,False,False,False,False,False,False,False,False,False,False,False,False,False,False,False,False,False,False,False,False,False,False,False,True,1,0,0,0,0,0,0,1,0,1,1,0,0,0,0,0,0,0,0,0,0,0,0,0,0,0,0,0,0,0,El Nombre del Viento,Alta fantasia / epica,2000.0,True,False,False,False,False,False,False,False,False,False,False,False,False,False,False,0.0,0.0,0.0,0.0,0.14165342418826798,0.0,0.0,0.0,0.0,0.0,0.0,0.0,0.0,0.0,0.10488944693023128,0.0,0.0,0.0,0.0,0.0,0.09534784525134583,0.0,0.0,0.0,0.0,0.0,0.12405951602438335,0.0,0.0,0.0,0.0,0.0,0.14165342418826798,0.0,0.0,0.13187079476273184,0.0,0.0,0.0,0.0,0.0,0.0,0.0,0.0,0.0,0.0,0.0,0.0,0.13645560033208504,0.0,0.0,0.0,0.12405951602438335,0.0,0.0,0.0,0.0,0.0,0.0,0.0,0.0,0.0,0.0,0.0,0.0,0.0,0.0,0.0,0.0,0.0,0.0,0.0,0.0,0.0,0.0,0.0,0.0,0.0,0.0,0.0,0.0,0.0,0.0,0.0,0.0,0.0,0.0,0.0,0.0,0.0,0.0,0.0,0.0,0.0,0.4284575486295612,0.0,0.0,0.0,0.0,0.0,0.0,0.0,0.0,0.0,0.0,0.1547508942593754,0.0,0.0,0.0,0.0,0.0,0.0,0.0,0.0,0.0,0.0,0.0,0.0,0.0,0.0,0.0,0.0,0.0,0.0,0.0,0.0,0.11755679266122156,0.0,0.0,0.0,0.0,0.0,0.0,0.0,0.0,0.0,0.0,0.0,0.0,0.12405951602438335,0.0,0.0,0.0,0.0,0.0,0.0,0.0,0.0,0.0,0.11755679266122156,0.0,0.34927043859231854,0.0,0.0,0.0,0.0,0.0,0.0,0.1547508942593754,0.0,0.0,0.0,0.0,0.0,0.0,0.0,0.0,0.0,0.0,0.0,0.0,0.0,0.1071143871573903,0.0,0.0,0.0,0.0,0.2351135853224431,0.0,0.0,0.0,0.0,0.0,0.0,0.0,0.0,0.0,0.1547508942593754,0.0,0.0,0.0,0.0,0.0,0.0,0.0,0.0,0.30835450206634835,0.0,0.0,0.0,0.0,0.0,0.0,0.0,0.0,0.0,0.0,0.0,0.0,0.14765387146365871,0.0,0.0,0.0,0.1547508942593754,0.0,0.0,0.0,0.11467207635576744,0.0,0.0,0.0,0.0,0.0,0.0,0.0,0.14165342418826798,0.0,0.0,0.0,0.0,0.0,0.0,0.0,0.0,0.0,0.0,0.0,0.0,0.0,0.0,0.0,0.12067252363115814,0.0,0.0,0.0,0.0,0.0,0.0,0.0,0.0,0.0,0.0,0.0,0.0,0.0,0.0,0.0,0.1071143871573903,0.14765387146365871,0.0,0.0,0.0,0.13645560033208504,0.0,0.0,0.0,0.0,0.0,0.0,0.0,0.0,0.0,0.0,0.0,0.13645560033208504,0.0,0.14765387146365871,0.0,0.0,0.0,0.0,0.0,0.0,0.0,0.0,0.0,0.0,0.14165342418826798,0.0,0.0,0.0,0.0,0.0,0.0,0.16026607864977946,0.13645560033208504,0.13187079476273184,0.0,0.11198646972594799,0.10278483402211612
El temor de un hombre sabio — Patrick Rothfuss,Alta Fantasía,Opeth — Progressive Metal,"Más oscuro, introspectivo y complejo que su predecesor.",Opeth,Progressive Metal,El temor de un hombre sabio,opeth,el temor de un hombre sabio,Opeth,Progressive Metal,SE,11.319680464001882,False,False,False,False,False,False,False,False,False,False,False,False,False,False,False,False,False,False,False,False,False,True,False,False,1,0,0,0,0,0,0,1,1,0,0,0,0,0,0,0,0,1,0,0,0,0,0,0,0,0,0,0,0,0,El temor de un hombre sabio,Alta fantasia / epica,2010.0,True,False,False,False,False,False,False,False,False,False,False,False,False,False,False,0.0,0.0,0.0,0.0,0.0,0.0,0.0,0.0,0.0,0.0,0.0,0.0,0.0,0.0,0.0,0.0,0.0,0.0,0.0,0.0,0.0,0.0,0.0,0.0,0.0,0.0,0.0,0.0,0.0,0.0,0.0,0.0,0.0,0.0,0.0,0.0,0.0,0.0,0.0,0.0,0.0,0.0,0.0,0.0,0.0,0.0,0.0,0.0,0.0,0.0,0.0,0.0,0.0,0.0,0.0,0.0,0.0,0.1206289397045963,0.0,0.0,0.0,0.0,0.0,0.0,0.0,0.0,0.0,0.0,0.0,0.0,0.0,0.0,0.0,0.0,0.0,0.0,0.0,0.0,0.0,0.0,0.0,0.0,0.0,0.0,0.0,0.0,0.0,0.0,0.0,0.0,0.0,0.1677080951201596,0.0,0.12730160069451515,0.0,0.0,0.0,0.0,0.0,0.0,0.0,0.0,0.0,0.0,0.0,0.0,0.0,0.0,0.0,0.0,0.0,0.0,0.0,0.0,0.0,0.0,0.0,0.0,0.0,0.0,0.0,0.0,0.0,0.0,0.0,0.0,0.0,0.0,0.0,0.0,0.0,0.0,0.0,0.0,0.0,0.0,0.0,0.0,0.0,0.0,0.0,0.0,0.0,0.0,0.0,0.0,0.0,0.0,0.0,0.0,0.0,0.7167960561661157,0.0,0.0,0.0,0.13531701393107295,0.0,0.0,0.15879504595402574,0.15151255452561627,0.0,0.08722658632765709,0.0,0.0,0.0,0.0,0.0,0.0,0.0,0.0,0.0,0.0,0.0,0.0,0.0,0.0,0.0,0.4825157588183852,0.0,0.0,0.15151255452561627,0.0,0.0,0.0,0.0,0.0,0.1206289397045963,0.0,0.0,0.0,0.0,0.0,0.0,0.0,0.0,0.0,0.0,0.0,0.0,0.0,0.0,0.0,0.0,0.0,0.0,0.0,0.0,0.0,0.0,0.0,0.0,0.0,0.0,0.0,0.0,0.0,0.0,0.0,0.0,0.0,0.0,0.0,0.0,0.0,0.0,0.0,0.0,0.0,0.0,0.0,0.0,0.0,0.0,0.0,0.0,0.0,0.0,0.0,0.0,0.0,0.0,0.0,0.0,0.0,0.0,0.0,0.0,0.0,0.0,0.0,0.0,0.0,0.0,0.0,0.0,0.0,0.0,0.0,0.0,0.0,0.0,0.0,0.0,0.0,0.0,0.0,0.0,0.0,0.0,0.0,0.0,0.09450907775606657,0.0,0.0,0.0,0.0,0.15151255452561627,0.0,0.0,0.0,0.0,0.0,0.0,0.0,0.1206289397045963,0.0,0.0,0.1453552957556389,0.0,0.0,0.1238260950097036,0.0,0.0,0.0,0.0,0.0,0.0,0.0,0.0,0.0
Mistborn: El imperio final — Brandon Sanderson,Alta Fantasía,Disturbed — Alternative/Groove Metal,"Revolución, poderes, opresión y combate.",Disturbed,Alternative/Groove Metal,Mistborn: El imperio final,disturbed,mistborn el imperio final,Disturbed,Alternative Metal,US,13.312462940264867,True,False,False,False,False,False,False,False,False,False,False,False,False,False,False,False,False,False,False,False,False,False,False,False,1,0,1,1,0,0,1,0,0,0,0,0,0,0,0,0,1,0,0,0,0,0,0,0,0,0,0,0,0,0,Mistborn: El imperio final,Alta fantasia / epica,2000.0,True,False,False,False,False,False,False,False,False,False,False,False,False,False,False,0.0,0.0,0.0,0.0,0.0,0.0,0.0,0.0,0.0,0.0,0.0,0.0,0.0,0.0,0.0,0.0,0.0,0.0,0.0,0.0,0.0,0.0,0.0,0.0,0.0,0.0,0.0,0.0,0.0,0.0,0.0,0.0,0.0,0.0,0.0,0.0,0.0,0.0,0.0,0.0,0.0,0.0,0.0,0.0,0.0,0.0,0.0,0.0,0.0,0.0,0.0,0.0,0.0,0.0,0.0,0.0,0.0,0.0,0.0,0.0,0.0,0.0,0.0,0.0,0.0,0.0,0.0,0.0,0.0,0.0,0.0,0.0,0.0,0.0,0.0,0.0,0.0,0.0,0.0,0.0,0.0,0.0,0.0,0.0,0.0,0.0,0.0,0.0,0.0,0.0,0.0,0.0,0.0,0.0,0.0,0.0,0.0,0.0,0.0,0.0,0.0,0.0,0.0,0.0,0.0,0.0,0.0,0.0,0.0,0.0,0.0,0.0,0.0,0.0,0.0,0.0,0.0,0.0,0.0,0.0,0.0,0.0,0.0,0.0,0.0,0.0,0.0,0.0,0.0,0.0,0.0,0.0,0.0,0.0,0.0,0.0,0.0,0.0,0.0,0.0,0.0,0.0,0.0,0.0,0.0,0.0,0.0,0.0,0.0,0.0,0.0,0.0,0.0,0.0,0.0,0.0,0.0,0.0,0.0,0.0,0.0,0.0,0.0,0.15823157379996905,0.0,0.0,0.0,0.15823157379996905,0.0,0.0,0.0,0.0,0.1242080062326899,0.0,0.0,0.0,0.0,0.0,0.0,0.0,0.0,0.0,0.0,0.0,0.0,0.0,0.0,0.0,0.0,0.0,0.0,0.0,0.0,0.0,0.0,0.0,0.0,0.0,0.0,0.0,0.0,0.0,0.0,0.0,0.0,0.0,0.0,0.0,0.0,0.0,0.0,0.0,0.0,0.0,0.0,0.0,0.11466998795805985,0.13297177300547114,0.1642588811959079,0.0,0.0,0.0,0.0,0.0,0.0,0.0,0.0,0.0,0.0,0.0,0.0,0.0,0.0,0.0,0.0,0.0,0.0,0.0,0.17944648285612375,0.0,0.0,0.0,0.0,0.0,0.0,0.0,0.0,0.0,0.0,0.0,0.0,0.0,0.0,0.0,0.0,0.0,0.0,0.0,0.0,0.0,0.0,0.0,0.0,0.0,0.0,0.0,0.0,0.0,0.7580747279616233,0.0,0.0,0.0,0.0,0.0,0.0,0.0,0.0,0.0,0.0,0.0,0.0,0.0,0.0,0.0,0.0,0.0,0.0,0.0,0.0,0.0,0.0,0.0,0.0,0.0,0.0,0.0,0.0,0.0,0.5194303584731027,0.0
El pozo de la ascensión — Brandon Sanderson,Alta Fantasía,Breaking Benjamin — Alternative Metal,"Dudas, guerra, responsabilidad y supervivencia.",Breaking Benjamin,Alternative Metal,El pozo de la ascensión,breaking benjamin,el pozo de la ascension,Breaking Benjamin,Alternative Metal,US,12.975191952485284,True,False,False,False,False,False,False,False,False,False,False,False,False,False,False,False,False,False,False,False,False,False,False,False,1,1,0,1,0,0,1,0,0,0,0,0,0,0,0,0,0,0,0,0,0,0,0,0,0,0,0,0,0,0,El pozo de la ascensión,Alta fantasia / epica,2000.0,True,False,False,False,False,False,False,False,False,False,False,False,False,False,False,0.0,0.0,0.0,0.0,0.0,0.09446825519730231,0.1335386781559519,0.0,0.0,0.0,0.0,0.0,0.0,0.0,0.0,0.0,0.0,0.0,0.0,0.0,0.0,0.0,0.0,0.0,0.0,0.0,0.0,0.0,0.0,0.0,0.0,0.0,0.0,0.0,0.0,0.2275896589065838,0.0,0.0,0.0,0.0,0.0,0.0,0.0,0.0,0.0,0.0,0.0,0.0,0.0,0.0,0.0,0.0,0.0,0.0,0.0,0.11025575277020865,0.0,0.0,0.0,0.0,0.0,0.0,0.0,0.0,0.0,0.0,0.0,0.12223652155870905,0.0,0.0,0.0,0.0,0.0,0.0,0.0,0.0,0.0,0.0,0.0,0.10705426848646211,0.0,0.0,0.0,0.0,0.0,0.0,0.0,0.0,0.0,0.0,0.0,0.0,0.0,0.0,0.0,0.0,0.0,0.0,0.0,0.0,0.0,0.0,0.0,0.0,0.0,0.0,0.0,0.0,0.0,0.0,0.0,0.0,0.0,0.1137948294532919,0.0,0.0,0.0,0.0,0.0,0.0,0.0,0.0,0.0,0.10144289488835548,0.0,0.12223652155870905,0.0,0.0,0.0,0.0,0.0,0.0,0.0,0.0,0.0,0.0,0.12741446771104037,0.0,0.0,0.0,0.0,0.0,0.0,0.0,0.0,0.0,0.0,0.0,0.0,0.0,0.1041315423252971,0.0,0.1137948294532919,0.0,0.1335386781559519,0.0,0.0,0.12223652155870905,0.1335386781559519,0.0,0.0,0.0,0.0,0.0,0.0,0.0,0.0,0.47100472233218227,0.0,0.0,0.0,0.11775118058304557,0.0,0.0,0.0,0.1041315423252971,0.0,0.10144289488835548,0.0,0.0,0.0,0.0,0.0,0.0,0.0,0.0,0.0,0.0,0.0,0.0,0.0,0.0,0.21355598943467718,0.0,0.0,0.0,0.0,0.0,0.0,0.0,0.0,0.0,0.0,0.0,0.0,0.0,0.0,0.0,0.0,0.0,0.0,0.0,0.0,0.0,0.0,0.0,0.08533395791521735,0.19790719234593163,0.0,0.0,0.0,0.0,0.0,0.0,0.0,0.0,0.0,0.0,0.0,0.0,0.0,0.0,0.0,0.0,0.0,0.0,0.0,0.0,0.5341547126238076,0.0,0.0,0.0,0.0,0.0,0.0,0.0,0.0,0.1041315423252971,0.0,0.0,0.0,0.0,0.0,0.0,0.0,0.0,0.0,0.0,0.0,0.1137948294532919,0.0,0.0,0.0,0.0,0.0,0.0,0.0,0.0,0.14103410596878882,0.0,0.0,0.0,0.0,0.0,0.0,0.0,0.0,0.0,0.0,0.0,0.0,0.0,0.0,0.0,0.0,0.0,0.0,0.0,0.0,0.0,0.0,0.12741446771104037,0.0,0.0,0.13829787800940463,0.0,0.0,0.0,0.09663611451246017,0.1773915548014449
El héroe de las eras — Brandon Sanderson,Alta Fantasía,Linkin Park — Alternative Rock/Metal,"Sacrificio, destrucción, esperanza y un final emocional.",Linkin Park,Alternative Rock/Metal,El héroe de las eras,linkin park,el heroe de las eras,Linkin Park,Alternative Metal,US,14.945070974576003,True,False,False,False,False,False,False,False,False,False,False,False,False,False,False,False,False,False,False,False,False,False,False,False,1,1,0,0,1,0,0,0,0,0,0,0,0,0,0,0,1,0,0,0,0,0,0,0,0,0,0,0,0,0,El héroe de las eras,Alta fantasia / epica,2000.0,True,False,False,False,False,False,False,False,False,False,False,False,False,False,False,0.0,0.0,0.0,0.0,0.0,0.0,0.0,0.0,0.0,0.18900329801088192,0.0,0.0,0.0,0.0,0.0,0.0,0.0,0.0,0.0,0.0,0.4127702827268567,0.0,0.0,0.0,0.0,0.0,0.0,0.0,0.0,0.0,0.0,0.14272043876329707,0.0,0.0,0.0,0.0,0.0,0.0,0.0,0.0,0.0,0.0,0.0,0.0,0.0,0.0,0.1476824583194833,0.0,0.0,0.11592720253540785,0.0,0.0,0.0,0.0,0.0,0.0,0.0,0.0,0.0,0.0,0.0,0.0,0.0,0.0,0.0,0.0,0.0,0.0,0.0,0.0,0.0,0.0,0.0,0.0,0.0,0.0,0.0,0.0,0.0,0.13426648858543272,0.0,0.0,0.17688369129914444,0.0,0.0,0.0,0.0,0.0,0.0,0.0,0.15980206503122074,0.0,0.0,0.0,0.11592720253540785,0.0,0.0,0.0,0.0,0.1476824583194833,0.0,0.0,0.0,0.0,0.0,0.0,0.0,0.0,0.0,0.0,0.0,0.0,0.0,0.0,0.0,0.0,0.0,0.0,0.0,0.0,0.1674829939976401,0.0,0.0,0.0,0.0,0.0,0.0,0.0,0.0,0.0,0.0,0.15330793212286414,0.0,0.0,0.0,0.0,0.0,0.0,0.0,0.0,0.1135192057836359,0.0,0.0,0.0,0.0,0.0,0.0,0.0,0.0,0.0,0.0,0.0,0.14272043876329707,0.0,0.0,0.0,0.0,0.0,0.0,0.0,0.0,0.09199890177039409,0.2953649166389666,0.2953649166389666,0.0,0.0,0.0,0.2953649166389666,0.0,0.0,0.1135192057836359,0.0,0.0,0.0,0.0,0.0,0.0,0.0,0.0,0.0,0.0,0.0,0.0,0.0,0.0,0.0,0.0,0.0,0.0,0.0,0.0,0.0,0.0,0.0,0.0,0.0,0.0,0.0,0.0,0.0,0.0,0.0,0.0,0.0,0.0,0.0,0.0,0.14272043876329707,0.0,0.0,0.0,0.0,0.0,0.0,0.0,0.0,0.0,0.0,0.0,0.0,0.1674829939976401,0.0,0.0,0.0,0.0,0.0,0.0,0.0,0.0,0.0,0.0,0.0,0.0,0.0,0.0,0.0,0.0,0.0,0.1674829939976401,0.0,0.0,0.0,0.0,0.0,0.0,0.0,0.0,0.0,0.0,0.0,0.0,0.0,0.0,0.0,0.0,0.0,0.0,0.2318544050708157,0.0,0.0,0.0,0.0,0.0,0.0,0.0,0.0,0.0,0.0,0.0,0.0,0.0,0.0,0.0,0.0,0.2953649166389666,0.13828176101797895,0.0,0.0,0.0,0.0,0.0,0.0,0.0,0.0,0.12722875492183705,0.0,0.0,0.0,0.0,0.0,0.0,0.0,0.0,0.0,0.08672596955574668,0.0,0.0,0.0,0.0,0.0
El camino de los reyes — Brandon Sanderson,Alta Fantasía,Kamelot — Symphonic Metal,"Caballeros, tormentas, honor, guerra y grandes destinos.",Kamelot,Symphonic Metal,El camino de los reyes,kamelot,el camino de los reyes,Kamelot,Symphonic Metal,US,9.99492661285291,False,False,False,False,False,False,False,False,False,False,False,False,False,False,False,False,False,False,False,False,False,False,False,True,1,0,0,0,0,0,0,1,0,1,1,0,0,0,0,0,0,0,0,0,0,0,0,0,0,0,0,0,0,0,El camino de los reyes,Alta fantasia / epica,2010.0,True,False,False,False,False,False,False,False,False,False,False,False,False,False,False,0.0,0.0,0.0,0.0,0.0,0.21568772104839373,0.2032616007928886,0.0,0.0,0.0,0.0,0.0,0.0,0.0,0.06888489075089108,0.0,0.0,0.0,0.0,0.0,0.0,0.0,0.0,0.0,0.0930291934534558,0.0,0.16294920905879973,0.0,0.0,0.08961558475444434,0.0,0.0,0.0,0.0,0.0,0.0,0.0,0.0,0.0,0.0,0.0,0.0,0.0,0.0,0.0,0.0,0.0,0.0,0.08961558475444434,0.0,0.0,0.0,0.0,0.0,0.0,0.0,0.0,0.07720401867386932,0.0,0.0,0.0,0.0,0.0,0.0,0.0,0.0,0.0,0.0,0.0,0.0,0.0,0.0,0.0,0.0,0.0,0.0,0.0,0.0,0.0,0.0,0.0,0.0,0.0,0.0,0.0,0.0,0.0,0.0,0.0,0.0,0.0,0.0,0.0,0.0,0.0,0.0,0.0,0.0,0.0,0.08961558475444434,0.0,0.0,0.0,0.0,0.0,0.0,0.0,0.0,0.0,0.0,0.0,0.0,0.0,0.0,0.0,0.0,0.0,0.0,0.0,0.0,0.0,0.0,0.0,0.0,0.0,0.0,0.0,0.0,0.0,0.0,0.0,0.0,0.0,0.0,0.0,0.0,0.0,0.0,0.0,0.08147460452939986,0.0,0.0,0.0,0.0753095157151427,0.0,0.1939398309819616,0.45875837291717564,0.0,0.0,0.07720401867386932,0.0,0.0,0.0,0.0,0.0,0.0,0.0,0.0,0.0,0.0,0.0,0.05582609791804146,0.08961558475444434,0.0,0.0,0.0,0.0,0.0,0.0,0.0,0.0,0.08961558475444434,0.0,0.0,0.0,0.07925023775266771,0.1016308003964443,0.0,0.0,0.0,0.0,0.0,0.4065232015857772,0.0,0.0,0.0,0.0,0.0,0.08391112265813121,0.0,0.0,0.0,0.0,0.0,0.0,0.0,0.0,0.0,0.0,0.1016308003964443,0.0,0.0,0.0969699154909808,0.0,0.0,0.0,0.0,0.0,0.0,0.0,0.0,0.0,0.0,0.0,0.0,0.0,0.06494416871336607,0.0,0.0,0.0,0.0,0.0,0.0,0.4293410499710298,0.0,0.0,0.0,0.0,0.0,0.0,0.0,0.0930291934534558,0.0,0.0,0.0,0.0,0.0,0.0,0.0,0.0,0.0753095157151427,0.0,0.0,0.0,0.0969699154909808,0.0,0.0,0.0,0.0,0.0,0.0,0.0,0.0,0.0,0.0969699154909808,0.0,0.0,0.0,0.0,0.0,0.0,0.0,0.0,0.0,0.0,0.0,0.0,0.0,0.0,0.0,0.0,0.06048698282350496,0.0,0.0,0.0,0.08391112265813121,0.0,0.0,0.0,0.0,0.0,0.0,0.0,0.22063732696906369,0.15440803734773864,0.0,0.0,0.0,0.0,0.0,0.07925023775266771,0.0969699154909808,0.0,0.08147460452939986,0.052626415916784894,0.08961558475444434,0.0,0.0,0.07354577565635456,0.06750271137544961
El archivo de las tormentas — Brandon Sanderson,Alta Fantasía,Sabaton — Power Metal,"Guerra, ejércitos, honor y batallas monumentales.",Sabaton,Power Metal,El archivo de las tormentas,sabaton,el archivo de las tormentas,Sabaton,Power Metal,SE,12.27194465218061,False,False,False,False,False,False,False,False,False,False,False,False,False,False,False,False,False,False,False,False,True,False,False,False,1,0,1,0,0,0,0,0,0,1,0,0,0,0,0,0,0,0,0,0,0,0,0,0,0,0,0,0,0,0,El archivo de las tormentas,Alta fantasia / epica,2020.0,True,False,False,False,False,False,False,False,False,False,False,False,False,False,False,0.0,0.0,0.0,0.0,0.0,0.14521600225504738,0.0,0.0,0.0,0.0,0.0,0.0,0.0,0.16007034589079322,0.0,0.0,0.0,0.0,0.0,0.0,0.0,0.0,0.0,0.0,0.0,0.0,0.0,0.0,0.0,0.0,0.0,0.0,0.0,0.0,0.0,0.0,0.0,0.0,0.0,0.20527480842881626,0.0,0.0,0.0,0.0,0.0,0.0,0.0,0.0,0.0,0.14208567523267307,0.0,0.0,0.0,0.18790120504761415,0.0,0.0,0.0,0.0,0.0,0.0,0.0,0.0,0.18790120504761415,0.0,0.0,0.0,0.0,0.0,0.0,0.0,0.0,0.0,0.0,0.0,0.0,0.0,0.19586071100612928,0.0,0.0,0.0,0.0,0.0,0.0,0.0,0.0,0.0,0.16456314199382474,0.0,0.17492468952653908,0.0,0.0,0.0,0.0,0.0,0.14208567523267307,0.0,0.18790120504761415,0.0,0.0,0.18100636737038345,0.0,0.0,0.0,0.0,0.0,0.0,0.0,0.0,0.16456314199382474,0.0,0.0,0.0,0.0,0.17492468952653908,0.0,0.0,0.0,0.0,0.0,0.0,0.0,0.0,0.0,0.0,0.0,0.0,0.0,0.0,0.0,0.0,0.0,0.0,0.0,0.0,0.0,0.0,0.0,0.0,0.0,0.0,0.0,0.0,0.0,0.0,0.0,0.0,0.4633021522429307,0.0,0.0,0.0,0.0,0.0,0.0,0.0,0.0,0.0,0.0,0.0,0.0,0.0,0.0,0.0,0.0,0.0,0.0,0.0,0.1521108399322781,0.0,0.0,0.0,0.0,0.0,0.0,0.0,0.0,0.0,0.0,0.0,0.0,0.0,0.0,0.19586071100612928,0.0,0.0,0.0,0.0,0.0,0.0,0.0,0.0,0.0,0.0,0.21885127427942266,0.0,0.0,0.0,0.0,0.0,0.0,0.0,0.0,0.0,0.0,0.0,0.0,0.0,0.0,0.0,0.0,0.0,0.0,0.15593737411683067,0.0,0.0,0.0,0.0,0.0,0.0,0.0,0.0,0.0,0.0,0.0,0.433593464971439,0.0,0.0,0.0,0.0,0.0,0.0,0.0,0.0,0.0,0.0,0.0,0.0,0.0,0.0,0.0,0.0,0.0,0.0,0.0,0.0,0.0,0.0,0.0,0.0,0.0,0.0,0.0,0.0,0.0,0.0,0.0,0.0,0.0,0.0,0.0,0.0,0.0,0.0,0.0,0.0,0.0,0.0,0.0,0.0,0.0,0.0,0.0,0.1221721541412409,0.0,0.0,0.0,0.0,0.0,0.0,0.0,0.0,0.0,0.0,0.0,0.0,0.0,0.0,0.0,0.0,0.0,0.0,0.0,0.0,0.0,0.16456314199382474,0.0,0.0,0.0,0.0,0.0,0.0
La rueda del tiempo — Robert Jordan,Alta Fantasía,Nightwish — Symphonic Metal,"Profecías, magia, guerra y un mundo gigantesco.",Nightwish,Symphonic Metal,La rueda del tiempo,nightwish,la rueda del tiempo,Nightwish,Symphonic Metal,FI,11.500366935722832,False,False,False,False,False,False,False,False,False,False,False,False,False,False,False,False,False,False,False,False,False,False,False,True,1,0,0,0,0,0,0,0,0,1,1,0,0,0,0,0,0,0,0,0,1,0,0,0,0,0,0,0,0,0,La rueda del tiempo,Alta fantasia / epica,2000.0,True,False,False,False,False,False,False,False,False,False,False,False,False,False,False,0.0,0.0,0.0,0.0,0.0,0.0,0.0,0.0,0.0,0.0,0.0,0.0,0.0,0.2268399473931021,0.0,0.0,0.0,0.0,0.0,0.0,0.0,0.0,0.0,0.0,0.0,0.0,0.0,0.0,0.0,0.0,0.0,0.0,0.0,0.0,0.0,0.0,0.0,0.0,0.0,0.0,0.0,0.0,0.0,0.0,0.0,0.0,0.0,0.0,0.0,0.0,0.0,0.0,0.0,0.0,0.0,0.0,0.0,0.0,0.0,0.2775594263494458,0.0,0.0,0.0,0.0,0.0,0.0,0.0,0.0,0.0,0.0,0.2662797986154215,0.0,0.0,0.0,0.0,0.0,0.0,0.0,0.0,0.0,0.0,0.0,0.0,0.0,0.0,0.0,0.23320680832532564,0.0,0.0,0.0,0.0,0.0,0.0,0.0,0.0,0.0,0.0,0.0,0.0,0.0,0.0,0.0,0.0,0.0,0.0,0.0,0.0,0.0,0.23320680832532564,0.0,0.0,0.0,0.0,0.0,0.0,0.0,0.0,0.0,0.0,0.0,0.0,0.0,0.0,0.0,0.0,0.0,0.0,0.0,0.0,0.0,0.0,0.0,0.0,0.0,0.0,0.0,0.0,0.0,0.0,0.0,0.0,0.0,0.0,0.0,0.0,0.0,0.0,0.0,0.0,0.0,0.0,0.0,0.0,0.0,0.0,0.0,0.0,0.0,0.0,0.0,0.0,0.0,0.0,0.0,0.0,0.0,0.0,0.0,0.0,0.0,0.0,0.0,0.0,0.0,0.23320680832532564,0.0,0.0,0.0,0.2909003943609273,0.0,0.0,0.2775594263494458,0.0,0.0,0.0,0.0,0.0,0.0,0.0,0.0,0.0,0.0,0.0,0.0,0.0,0.0,0.0,0.2909003943609273,0.0,0.0,0.0,0.0,0.0,0.0,0.0,0.0,0.0,0.0,0.0,0.0,0.0,0.0,0.0,0.0,0.0,0.0,0.0,0.0,0.0,0.0,0.0,0.0,0.0,0.0,0.0,0.0,0.0,0.0,0.0,0.0,0.0,0.0,0.0,0.0,0.0,0.0,0.0,0.0,0.0,0.0,0.0,0.0,0.0,0.0,0.0,0.0,0.0,0.0,0.0,0.0,0.0,0.0,0.0,0.0,0.0,0.0,0.0,0.0,0.0,0.0,0.0,0.0,0.0,0.0,0.0,0.0,0.0,0.0,0.0,0.0,0.0,0.1731334112141445,0.0,0.0,0.0,0.0,0.0,0.0,0.0,0.0,0.0,0.0,0.0,0.0,0.0,0.0,0.5818007887218546,0.0,0.0,0.0,0.0,0.0,0.0,0.0,0.15063391298973294,0.0,0.0,0.0,0.0,0.0
La primera ley — Joe Abercrombie,Grimdark,Gojira — Progressive/Groove Metal,"Violencia, cinismo, guerra y personajes moralmente ambiguos.",Gojira,Progressive/Groove Metal,La primera ley,gojira,la primera ley,Gojira,Progressive Metal,FR,11.767598690615017,False,False,False,False,False,False,False,False,False,False,False,False,False,False,False,False,False,False,False,False,False,True,False,False,1,0,0,0,0,0,0,1,1,0,0,0,0,0,0,0,0,0,0,0,0,0,0,0,0,0,0,0,0,0,La primera ley,Grimdark,2000.0,False,False,False,False,False,False,False,False,False,False,True,False,False,False,False,0.0,0.0,0.0,0.0,0.0,0.0,0.0,0.0,0.0,0.0,0.0,0.0,0.0,0.0,0.0,0.0,0.0,0.0,0.0,0.0,0.0,0.0,0.0,0.0,0.0,0.0,0.0,0.0,0.0,0.0,0.0,0.0,0.0,0.0,0.0,0.0,0.0,0.0,0.0,0.0,0.0,0.0,0.0,0.0,0.0,0.0,0.0,0.0,0.0,0.0,0.0,0.0,0.0,0.0,0.0,0.0,0.0,0.0,0.0,0.0,0.0,0.0,0.0,0.0,0.0,0.0,0.0,0.0,0.0,0.0,0.0,0.0,0.0,0.0,0.0,0.0,0.0,0.0,0.0,0.0,0.0,0.0,0.0,0.0,0.0,0.0,0.0,0.0,0.0,0.0,0.0,0.0,0.0,0.0,0.0,0.0,0.0,0.0,0.0,0.0,0.0,0.0,0.0,0.0,0.0,0.0,0.0,0.0,0.0,0.0,0.0,0.0,0.0,0.0,0.0,0.0,0.0,0.0,0.0,0.0,0.0,0.48364078384408554,0.0,0.0,0.0,0.0,0.0,0.0,0.0,0.0,0.0,0.0,0.0,0.0,0.0,0.0,0.0,0.0,0.0,0.0,0.0,0.0,0.0,0.4717727630895701,0.0,0.0,0.0,0.0,0.0,0.0,0.0,0.0,0.0,0.0,0.0,0.0,0.0,0.0,0.0,0.0,0.0,0.0,0.0,0.0,0.0,0.0,0.0,0.0,0.0,0.0,0.0,0.0,0.0,0.0,0.0,0.0,0.0,0.0,0.0,0.0,0.0,0.0,0.0,0.0,0.0,0.0,0.0,0.0,0.0,0.0,0.0,0.0,0.0,0.0,0.0,0.0,0.0,0.0,0.0,0.0,0.0,0.0,0.0,0.0,0.0,0.0,0.0,0.0,0.0,0.0,0.0,0.0,0.0,0.0,0.0,0.0,0.0,0.0,0.0,0.0,0.0,0.0,0.0,0.0,0.0,0.0,0.0,0.0,0.0,0.0,0.0,0.0,0.0,0.0,0.0,0.0,0.0,0.0,0.0,0.0,0.4717727630895701,0.0,0.0,0.0,0.0,0.0,0.0,0.0,0.0,0.0,0.0,0.0,0.0,0.0,0.0,0.0,0.0,0.0,0.0,0.0,0.0,0.0,0.0,0.0,0.0,0.0,0.0,0.0,0.0,0.0,0.0,0.0,0.0,0.0,0.0,0.0,0.0,0.0,0.0,0.0,0.0,0.0,0.0,0.46072390010054765,0.0,0.0,0.0,0.0,0.0,0.0,0.0,0.0,0.0,0.0,0.32967559826666576,0.0,0.0,0.0,0.0,0.0
Malaz: El libro de los caídos — Steven Erikson,Grimdark,Opeth — Progressive Metal,"Complejidad, tragedia, guerras y mitología profunda.",Opeth,Progressive Metal,Malaz: El libro de los caídos,opeth,malaz el libro de los caidos,Opeth,Progressive Metal,SE,11.319680464001882,False,False,False,False,False,False,False,False,False,False,False,False,False,False,False,False,False,False,False,False,False,True,False,False,1,0,0,0,0,0,0,1,1,0,0,0,0,0,0,0,0,1,0,0,0,0,0,0,0,0,0,0,0,0,Malaz: El libro de los caídos,Grimdark,2000.0,False,False,False,False,False,False,False,False,False,False,True,False,False,False,False,0.0,0.0,0.0,0.0,0.0,0.1012439431655228,0.0,0.0,0.0,0.0,0.0,0.0,0.0,0.11160032469004122,0.0,0.0,0.12619682463409695,0.0,0.0,0.0,0.1763591274691547,0.0,0.0,0.0,0.0,0.13655320615861538,0.0,0.0,0.0,0.0,0.0,0.0,0.0,0.0,0.0,0.0,0.12195670621455966,0.0,0.0,0.0,0.0,0.0,0.0,0.0,0.0,0.0,0.0,0.0,0.0,0.09906149325489838,0.0,0.12619682463409695,0.0,0.0,0.0,0.0,0.0,0.0,0.0,0.0,0.0,0.0,0.0,0.0,0.0,0.0,0.0,0.0,0.0,0.0,0.0,0.0,0.0,0.0,0.13655320615861538,0.0,0.0,0.0,0.0,0.34419804573397594,0.0,0.0,0.0,0.0,0.0,0.0,0.22946536382265062,0.28623334501908576,0.0,0.0,0.0,0.0,0.0,0.0,0.19812298650979676,0.0,0.0,0.0,0.0,0.0,0.0,0.0,0.0,0.0,0.14311667250954288,0.0,0.0,0.0,0.11473268191132531,0.0,0.0,0.0,0.0,0.12195670621455966,0.0,0.0,0.0,0.0,0.13655320615861538,0.0,0.0,0.0,0.0,0.0,0.0,0.0,0.0,0.11816379104096872,0.0,0.0,0.11160032469004122,0.0,0.0,0.0,0.1310038744294978,0.0,0.0,0.0,0.0,0.0,0.0,0.12619682463409695,0.0,0.0,0.0,0.0,0.0,0.0,0.0,0.1087188353714408,0.0,0.0,0.12195670621455966,0.0,0.14311667250954288,0.0,0.0,0.0,0.0,0.0,0.0,0.07861440962833884,0.0,0.0,0.11473268191132531,0.0,0.10605099296092364,0.0,0.0,0.0,0.0,0.0,0.09906149325489838,0.0,0.0,0.0,0.0,0.0,0.0,0.14311667250954288,0.0,0.0,0.0,0.0,0.0,0.0,0.0,0.0,0.11816379104096872,0.0,0.0,0.0,0.07629106169694866,0.0,0.0,0.0,0.09505743730976669,0.0,0.0,0.0,0.0,0.0,0.0,0.0,0.0,0.0,0.0,0.0,0.0,0.0,0.0,0.1087188353714408,0.0,0.0,0.0,0.14311667250954288,0.0,0.10605099296092364,0.0,0.0,0.0,0.0,0.0,0.0,0.0,0.0,0.0,0.13655320615861538,0.0,0.0,0.0,0.1310038744294978,0.0,0.0,0.0,0.0,0.0,0.0,0.0,0.0,0.10605099296092364,0.0,0.20713458219382597,0.11473268191132531,0.0,0.0,0.11816379104096872,0.11160032469004122,0.12195670621455966,0.0,0.0,0.0,0.13655320615861538,0.0,0.0,0.0,0.0,0.0,0.0,0.0,0.0,0.0,0.0,0.0,0.0,0.0,0.0,0.0,0.15114970610267112,0.13655320615861538,0.0,0.0,0.0,0.0,0.0,0.0,0.0,0.0,0.0,0.0,0.0,0.0,0.0,0.20713458219382597,0.0,0.0,0.0,0.0,0.0,0.0,0.0,0.0,0.0,0.0,0.07410861178632423,0.0,0.0,0.0,0.0,0.0
Elric de Melniboné — Michael Moorcock,Dark Fantasy,Iron Maiden — Heavy Metal,"Héroe trágico, magia, demonios y aventuras épicas.",Iron Maiden,Heavy Metal,Elric de Melniboné,iron maiden,elric de melnibone,Iron Maiden,Heavy Metal,GB,12.76402705413893,False,False,False,False,False,False,False,False,False,False,False,False,True,False,False,False,False,False,False,False,False,False,False,False,1,0,1,0,0,0,0,0,0,0,0,0,0,0,0,0,0,0,0,0,0,0,0,0,0,0,0,0,0,1,Elric de Melniboné,Fantasia oscura / gotica,1970.0,False,False,False,False,False,False,False,True,False,False,False,False,False,False,False,0.0,0.0,0.0,0.0,0.0,0.0,0.0,0.0,0.0,0.0,0.0,0.0,0.0,0.0,0.0,0.0,0.0,0.0,0.0,0.0,0.0,0.0,0.0,0.0,0.0,0.0,0.0,0.0,0.0,0.0,0.0,0.0,0.0,0.0,0.0,0.0,0.0,0.0,0.0,0.0,0.0,0.0,0.0,0.0,0.0,0.0,0.0,0.0,0.0,0.0,0.0,0.0,0.0,0.0,0.0,0.0,0.0,0.0,0.0,0.0,0.0,0.0,0.0,0.0,0.0,0.0,0.0,0.0,0.0,0.0,0.0,0.0,0.0,0.0,0.0,0.0,0.0,0.0,0.0,0.0,0.0,0.0,0.0,0.0,0.0,0.0,0.0,0.0,0.0,0.0,0.0,0.0,0.0,0.0,0.3048863122122956,0.0,0.0,0.0,0.0,0.0,0.0,0.0,0.0,0.0,0.0,0.0,0.0,0.0,0.0,0.0,0.0,0.0,0.0,0.0,0.0,0.0,0.0,0.0,0.0,0.0,0.0,0.0,0.0,0.0,0.0,0.0,0.0,0.0,0.0,0.0,0.0,0.0,0.0,0.0,0.0,0.0,0.0,0.0,0.0,0.0,0.0,0.0,0.0,0.0,0.0,0.0,0.0,0.0,0.0,0.0,0.0,0.0,0.0,0.0,0.0,0.0,0.0,0.0,0.0,0.0,0.0,0.0,0.0,0.0,0.0,0.0,0.0,0.0,0.0,0.0,0.0,0.0,0.0,0.0,0.0,0.0,0.0,0.0,0.0,0.0,0.0,0.0,0.0,0.0,0.0,0.0,0.0,0.0,0.0,0.0,0.0,0.0,0.0,0.0,0.0,0.0,0.5851256741134004,0.0,0.0,0.0,0.0,0.0,0.0,0.4404770518172229,0.0,0.0,0.0,0.0,0.0,0.0,0.0,0.0,0.0,0.0,0.0,0.0,0.0,0.0,0.0,0.0,0.0,0.0,0.0,0.0,0.0,0.0,0.0,0.0,0.0,0.0,0.0,0.0,0.0,0.0,0.0,0.0,0.0,0.0,0.0,0.0,0.0,0.0,0.0,0.0,0.0,0.0,0.0,0.0,0.0,0.0,0.0,0.0,0.4202763564177032,0.0,0.0,0.0,0.0,0.0,0.0,0.0,0.0,0.4404770518172229,0.0,0.0,0.0,0.0,0.0,0.0,0.0,0.0,0.0,0.0,0.0,0.0,0.0,0.0,0.0,0.0,0.0,0.0,0.0,0.0,0.0,0.0,0.0,0.0,0.0,0.0,0.0,0.0,0.0,0.0,0.0,0.0,0.0,0.0,0.0,0.0,0.0,0.0
La compañía negra — Glen Cook,Grimdark,Behemoth — Blackened Death Metal,"Mercenarios, guerra, oscuridad y brutalidad.",Behemoth,Blackened Death Metal,La compañía negra,behemoth,la compania negra,Behemoth,Blackened Death Metal,PL,11.656350256134237,False,False,False,True,False,False,False,False,False,False,False,False,False,False,False,False,False,False,False,False,False,False,False,False,1,0,0,0,0,0,0,0,1,0,0,0,0,0,1,0,0,0,0,0,0,0,0,0,0,0,0,0,0,0,La compañía negra,Grimdark,1980.0,False,False,False,False,False,False,False,False,False,False,True,False,False,False,False,0.0,0.0,0.0,0.0,0.0,0.0,0.0,0.0,0.0,0.0,0.0,0.0,0.0,0.0,0.13071056845461146,0.0,0.0,0.0,0.5520075290236753,0.0,0.0,0.0,0.0,0.0,0.0,0.0,0.0,0.0,0.0,0.17004750821201392,0.0,0.0,0.0,0.0,0.0,0.0,0.0,0.0,0.611012938659779,0.0,0.0,0.0,0.0,0.0,0.0,0.0,0.0,0.0,0.0,0.0,0.0,0.0,0.0,0.0,0.0,0.15922316813962686,0.0,0.0,0.0,0.0,0.0,0.0,0.0,0.0,0.0,0.0,0.0,0.0,0.0,0.0,0.0,0.0,0.0,0.0,0.0,0.0,0.0,0.0,0.0,0.0,0.0,0.0,0.0,0.0,0.0,0.0,0.0,0.0,0.3286680795917144,0.0,0.0,0.0,0.0,0.0,0.13348323253456348,0.0,0.0,0.0,0.0,0.0,0.0,0.0,0.0,0.0,0.0,0.0,0.0,0.0,0.0,0.0,0.0,0.0,0.0,0.0,0.0,0.17004750821201392,0.0,0.0,0.0,0.0,0.0,0.0,0.0,0.0,0.0,0.0,0.0,0.0,0.0,0.0,0.0,0.0,0.0,0.0,0.0,0.0,0.0,0.0,0.0,0.0,0.0,0.0,0.0,0.0,0.0,0.0,0.0,0.0,0.0,0.0,0.0,0.0,0.0,0.0,0.0,0.0,0.0,0.0,0.0,0.0,0.0,0.0,0.0,0.0,0.0,0.0,0.0,0.0,0.0,0.0,0.0,0.0,0.0,0.0,0.0,0.0,0.0,0.0,0.0,0.0,0.0,0.0,0.1928466394808726,0.0,0.0,0.0,0.0,0.0,0.0,0.0,0.0,0.0,0.0,0.0,0.0,0.0,0.0,0.0,0.0,0.0,0.0,0.0,0.0,0.0,0.0,0.0,0.0,0.0,0.0,0.0,0.0,0.0,0.0,0.0,0.0,0.0,0.0,0.0,0.0,0.0,0.0,0.0,0.0,0.0,0.0,0.0,0.0,0.0,0.0,0.0,0.0,0.0,0.0,0.0,0.0,0.0,0.0,0.0,0.0,0.0,0.0,0.0,0.0,0.0,0.0,0.0,0.0,0.0,0.0,0.0,0.0,0.0,0.0,0.0,0.0,0.0,0.0,0.0,0.0,0.0,0.0,0.0,0.0,0.0,0.0,0.0,0.0,0.0,0.0,0.0,0.0,0.0,0.0,0.0,0.0,0.0,0.0,0.0,0.0,0.0,0.0,0.0,0.0,0.0,0.14649629342282666,0.0,0.1928466394808726,0.0,0.0,0.0,0.0,0.0,0.0,0.0,0.0,0.0,0.0,0.0,0.0,0.0
The Poppy War — R. F. Kuang,Dark Fantasy/Histórica,Jinjer — Progressive Metalcore,"Guerra, trauma, poder y una transformación brutal.",Jinjer,Progressive Metalcore,The Poppy War,jinjer,the poppy war,Jinjer,Metalcore,UA,12.484919552600571,False,False,False,False,False,False,False,False,False,False,False,False,False,False,True,False,False,False,False,False,False,False,False,False,1,0,0,0,0,0,0,1,0,0,0,0,0,1,0,0,0,0,0,0,0,0,0,0,0,1,0,0,0,0,The Poppy War,Fantasia oscura / gotica,2010.0,False,False,False,False,False,False,False,True,False,False,False,False,False,False,False,0.0,0.0,0.0,0.0,0.0,0.0,0.0,0.0,0.0,0.0,0.12202746161127112,0.0,0.0,0.0,0.0,0.0,0.0,0.0,0.0,0.0,0.0,0.0,0.0,0.0,0.0,0.0,0.0,0.0,0.0,0.0,0.0,0.0,0.0,0.0,0.0,0.0,0.0,0.0,0.0,0.0,0.14319970424476883,0.0,0.0,0.0,0.0,0.0,0.0,0.0,0.0,0.09911896557824688,0.0,0.0,0.0,0.0,0.0,0.11823234590909812,0.0,0.0,0.14319970424476883,0.0,0.0,0.0,0.0,0.0,0.0,0.0,0.13663242997970626,0.0,0.0,0.0,0.0,0.0,0.0,0.0,0.0,0.15123739834814143,0.0,0.1310798787050617,0.0,0.22959849231843216,0.0,0.0,0.0,0.0,0.0,0.0,0.11479924615921608,0.0,0.0,0.0,0.0,0.0,0.0,0.0,0.09911896557824688,0.0,0.0,0.0,0.0,0.0,0.0,0.28639940848953765,0.10362737754066297,0.0,0.14319970424476883,0.0,0.0,0.0,0.0,0.0,0.0,0.0,0.11479924615921608,0.12202746161127112,0.13663242997970626,0.1262700400124707,0.0,0.0,0.0,0.0,0.0,0.0,0.0,0.10878191057710584,0.0,0.0,0.0,0.11823234590909812,0.0,0.0,0.0,0.0,0.0,0.0,0.0,0.0,0.0,0.0,0.0,0.0,0.19412020655120082,0.0,0.0,0.0,0.0,0.13663242997970626,0.0,0.0,0.0,0.0,0.0,0.0,0.0,0.0,0.0,0.12202746161127112,0.0,0.0,0.0,0.0,0.0,0.0,0.0,0.0,0.11479924615921608,0.0,0.10611252036939099,0.0,0.10878191057710584,0.0,0.0,0.0,0.09911896557824688,0.0,0.0,0.11166507164403554,0.0,0.0,0.0,0.0,0.0,0.0,0.0,0.0,0.0,0.0,0.0,0.0,0.0,0.0,0.13663242997970626,0.0,0.0,0.0,0.0,0.0,0.0,0.0,0.0,0.0,0.0,0.0,0.0,0.0,0.0,0.0,0.0,0.24405492322254224,0.0,0.0,0.0,0.0,0.0,0.0,0.0,0.0,0.0,0.0,0.2621597574101234,0.0,0.0,0.0,0.0,0.0,0.0,0.0,0.0,0.13663242997970626,0.0,0.0,0.0,0.0,0.0,0.0,0.0,0.0,0.0,0.0,0.0,0.0,0.10611252036939099,0.22333014328807108,0.10362737754066297,0.0,0.0,0.0,0.0,0.0,0.0,0.0,0.0,0.0,0.0,0.0,0.0,0.0,0.0,0.0,0.0,0.0,0.0,0.0,0.0,0.0,0.0,0.0,0.0,0.1310798787050617,0.0,0.0,0.0,0.0,0.0,0.0,0.1262700400124707,0.0,0.0,0.0,0.0,0.0,0.0,0.0,0.0,0.41450951016265186,0.10878191057710584,0.0,0.0,0.0,0.0,0.0,0.0,0.0,0.0,0.0,0.0,0.0,0.0,0.0,0.0,0.0
Babel — R. F. Kuang,Dark Academia/Fantasy,Muse — Alternative Rock,"Poder, revolución, colonialismo y conocimiento como arma.",Muse,Alternative Rock,Babel,muse,babel,Muse,Alternative Rock,GB,12.620117508717787,False,True,False,False,False,False,False,False,False,False,False,False,False,False,False,False,False,False,False,False,False,False,False,False,0,1,0,0,1,0,0,0,0,0,0,0,0,0,0,0,0,1,0,0,0,0,0,0,0,0,0,0,0,0,Babel,Dark Academia,2020.0,False,False,True,False,False,False,False,False,False,False,False,False,False,False,False,0.0,0.0,0.0,0.0,0.0,0.10270322221262634,0.0,0.0,0.0,0.0,0.0,0.0,0.0,0.0,0.0,0.0,0.12801576190818614,0.0,0.0,0.0,0.0,0.0,0.13289209809075725,0.0,0.0,0.0,0.0,0.0,0.0,0.0,0.0,0.0,0.0,0.0,0.0,0.0,0.0,0.12801576190818614,0.0,0.0,0.0,0.0,0.0,0.0,0.0,0.0,0.0,0.0,0.0,0.0,0.0,0.0,0.11638638082403427,0.0,0.0,0.0,0.0,0.0,0.0,0.13852141508382776,0.0,0.0,0.0,0.0,0.0,0.0,0.0,0.0,0.0,0.0,0.0,0.0,0.0,0.0,0.0,0.0,0.0,0.0,0.0,0.11638638082403427,0.0,0.0,0.0,0.0,0.0,0.0,0.0,0.0,0.0,0.0,0.0,0.0,0.0,0.0,0.0,0.0,0.0,0.0,0.0,0.0,0.0,0.0,0.10506005770731565,0.0,0.0,0.0,0.0,0.0,0.0,0.0,0.0,0.0,0.0,0.0,0.0,0.0,0.0,0.0,0.0,0.0,0.0,0.0,0.0,0.0,0.0,0.0,0.0,0.11986694422723386,0.0,0.0,0.0,0.0,0.0,0.0,0.0,0.0,0.0,0.0,0.0,0.0,0.0,0.0,0.0,0.0,0.0,0.0,0.0,0.0,0.4599849048112379,0.11028585373839303,0.0,0.0,0.0,0.0,0.0,0.0,0.0,0.0,0.0,0.0,0.0,0.0,0.0,0.0,0.0,0.13852141508382776,0.0,0.0,0.11028585373839303,0.0,0.0,0.0,0.1004893155715907,0.0,0.0,0.0,0.0,0.0,0.0,0.0,0.0,0.0,0.0,0.0,0.0,0.0,0.11028585373839303,0.0,0.0,0.0,0.0,0.0,0.0,0.0,0.0,0.0,0.0,0.0,0.0,0.0,0.0,0.0,0.0,0.0,0.0,0.0,0.0,0.0,0.0,0.0,0.0,0.0,0.0,0.0,0.0,0.0,0.1855453437505585,0.10757955839519746,0.0,0.0,0.0,0.0,0.13289209809075725,0.0,0.13852141508382776,0.0,0.0,0.0,0.14517948392279367,0.0,0.0,0.0,0.0,0.0,0.0,0.0,0.0,0.0,0.0,0.0,0.0,0.0,0.0,0.11638638082403427,0.0,0.0,0.0,0.0,0.0,0.0,0.0,0.0,0.0,0.0,0.0,0.0,0.0,0.0,0.0,0.12371452856390958,0.0,0.0,0.0,0.0,0.0,0.0,0.0,0.0,0.0,0.0,0.0,0.0,0.0,0.6553358191175502,0.0,0.0,0.0,0.0,0.0,0.0,0.0,0.0,0.0,0.10506005770731565,0.0,0.0,0.0,0.0,0.0,0.0,0.0,0.0,0.0,0.0,0.07517677587603089,0.0,0.0,0.0,0.10506005770731565,0.0
La guerra de la amapola — R. F. Kuang,Dark Fantasy,Jinjer — Progressive Metalcore,"Violencia, dioses, guerra y destrucción psicológica.",Jinjer,Progressive Metalcore,La guerra de la amapola,jinjer,la guerra de la amapola,Jinjer,Metalcore,UA,12.484919552600571,False,False,False,False,False,False,False,False,False,False,False,False,False,False,True,False,False,False,False,False,False,False,False,False,1,0,0,0,0,0,0,1,0,0,0,0,0,1,0,0,0,0,0,0,0,0,0,0,0,1,0,0,0,0,La guerra de la amapola,Fantasia oscura / gotica,2020.0,False,False,False,False,False,False,False,True,False,False,False,False,False,False,False,,,,,,,,,,,,,,,,,,,,,,,,,,,,,,,,,,,,,,,,,,,,,,,,,,,,,,,,,,,,,,,,,,,,,,,,,,,,,,,,,,,,,,,,,,,,,,,,,,,,,,,,,,,,,,,,,,,,,,,,,,,,,,,,,,,,,,,,,,,,,,,,,,,,,,,,,,,,,,,,,,,,,,,,,,,,,,,,,,,,,,,,,,,,,,,,,,,,,,,,,,,,,,,,,,,,,,,,,,,,,,,,,,,,,,,,,,,,,,,,,,,,,,,,,,,,,,,,,,,,,,,,,,,,,,,,,,,,,,,,,,,,,,,,,,,,,,,,,,,,
El priorato del naranjo — Samantha Shannon,Alta Fantasía,Nightwish — Symphonic Metal,"Dragones, reinos, magia y épica.",Nightwish,Symphonic Metal,El priorato del naranjo,nightwish,el priorato del naranjo,Nightwish,Symphonic Metal,FI,11.500366935722832,False,False,False,False,False,False,False,False,False,False,False,False,False,False,False,False,False,False,False,False,False,False,False,True,1,0,0,0,0,0,0,0,0,1,1,0,0,0,0,0,0,0,0,0,1,0,0,0,0,0,0,0,0,0,El priorato del naranjo,Alta fantasia / epica,2010.0,True,False,False,False,False,False,False,False,False,False,False,False,False,False,False,,,,,,,,,,,,,,,,,,,,,,,,,,,,,,,,,,,,,,,,,,,,,,,,,,,,,,,,,,,,,,,,,,,,,,,,,,,,,,,,,,,,,,,,,,,,,,,,,,,,,,,,,,,,,,,,,,,,,,,,,,,,,,,,,,,,,,,,,,,,,,,,,,,,,,,,,,,,,,,,,,,,,,,,,,,,,,,,,,,,,,,,,,,,,,,,,,,,,,,,,,,,,,,,,,,,,,,,,,,,,,,,,,,,,,,,,,,,,,,,,,,,,,,,,,,,,,,,,,,,,,,,,,,,,,,,,,,,,,,,,,,,,,,,,,,,,,,,,,,,
Un día de diciembre — Josie Silver,Romance,The Maine — Alternative/Pop Rock,"Romance, nostalgia y sentimientos contenidos.",The Maine,Alternative/Pop Rock,Un día de diciembre,the maine,un dia de diciembre,The Maine,Alternative Rock,US,11.561563236576122,False,True,False,False,False,False,False,False,False,False,False,False,False,False,False,False,False,False,False,False,False,False,False,False,0,1,0,0,0,1,0,0,0,0,0,0,0,0,0,1,0,0,0,0,0,0,0,0,0,0,0,0,0,0,Un día de diciembre,Romance historico / gotico,2020.0,False,False,False,False,False,False,False,False,False,False,False,False,True,False,False,,,,,,,,,,,,,,,,,,,,,,,,,,,,,,,,,,,,,,,,,,,,,,,,,,,,,,,,,,,,,,,,,,,,,,,,,,,,,,,,,,,,,,,,,,,,,,,,,,,,,,,,,,,,,,,,,,,,,,,,,,,,,,,,,,,,,,,,,,,,,,,,,,,,,,,,,,,,,,,,,,,,,,,,,,,,,,,,,,,,,,,,,,,,,,,,,,,,,,,,,,,,,,,,,,,,,,,,,,,,,,,,,,,,,,,,,,,,,,,,,,,,,,,,,,,,,,,,,,,,,,,,,,,,,,,,,,,,,,,,,,,,,,,,,,,,,,,,,,,,
The Infernal Devices — Cassandra Clare,Fantasía Urbana,HIM — Gothic Rock,"Romance, demonios, Londres victoriano y tragedia.",HIM,Gothic Rock,The Infernal Devices,him,the infernal devices,HIM,Gothic Rock,FI,,False,False,False,False,False,False,False,False,False,False,True,False,False,False,False,False,False,False,False,False,False,False,False,False,0,1,0,0,0,0,0,0,0,0,0,1,0,0,0,0,0,0,0,0,1,0,0,1,0,0,0,0,0,0,The Infernal Devices,Fantasia urbana,2010.0,False,False,False,False,False,False,False,False,True,False,False,False,False,False,False,0.0,0.0,0.0,0.0,0.0,0.0,0.0,0.0,0.0,0.0,0.0,0.0,0.0,0.0,0.0,0.1440383860060598,0.0,0.0,0.0,0.0,0.0,0.0,0.0,0.0,0.31938018350855196,0.0,0.1398559590807664,0.0,0.0,0.0,0.0,0.0,0.0,0.0,0.0,0.0,0.0,0.0,0.0,0.0,0.0,0.0,0.0,0.0,0.0,0.0,0.0,0.1262456571611433,0.0,0.12075321448377227,0.0,0.0,0.0,0.0,0.0,0.0,0.0,0.0,0.0,0.0,0.16645457331527452,0.0,0.0,0.16645457331527452,0.0,0.0,0.0,0.0,0.0,0.0,0.0,0.0,0.16645457331527452,0.0,0.0,0.0,0.0,0.0,0.0,0.0,0.0,0.0,0.0,0.17445525687039928,0.0,0.0,0.0,0.0,0.0,0.0,0.0,0.0,0.0,0.0,0.0,0.0,0.0,0.0,0.0,0.0,0.0,0.0,0.1262456571611433,0.0,0.0,0.0,0.0,0.33290914663054905,0.0,0.0,0.0,0.0,0.0,0.0,0.0,0.0,0.17445525687039928,0.0,0.0,0.0,0.0,0.0,0.0,0.0,0.0,0.0,0.0,0.0,0.0,0.0,0.0,0.0,0.0,0.0,0.0,0.0,0.0,0.0,0.0,0.0,0.0,0.0,0.0,0.0,0.0,0.0,0.0,0.0,0.0,0.0,0.0,0.0,0.0,0.0,0.0,0.14866184447035802,0.0,0.0,0.0,0.0,0.0,0.0,0.0,0.0,0.0,0.16645457331527452,0.0,0.0,0.0,0.0,0.11824497360601854,0.0,0.12075321448377227,0.0,0.0,0.0,0.0,0.0,0.0,0.0,0.0,0.0,0.0,0.0,0.0,0.0,0.13252524684089959,0.0,0.0,0.0,0.0,0.14866184447035802,0.09299668956717258,0.0,0.0,0.0,0.0,0.0,0.0,0.17445525687039928,0.0,0.0,0.0,0.0,0.0,0.0,0.0,0.0,0.0,0.0,0.15383043129585153,0.0,0.0,0.0,0.16645457331527452,0.0,0.22296098409004006,0.0,0.0,0.0,0.0,0.0,0.0,0.0,0.0,0.0,0.0,0.0,0.17445525687039928,0.0,0.0,0.0,0.0,0.0,0.0,0.0,0.0,0.0,0.0,0.0,0.12927322088993654,0.0,0.0,0.1398559590807664,0.0,0.0,0.0,0.0,0.0,0.0,0.15969009175427598,0.30766086259170305,0.0,0.0,0.0,0.15969009175427598,0.0,0.0,0.0,0.0,0.0,0.0,0.0,0.0,0.0,0.0,0.15969009175427598,0.0,0.0,0.16645457331527452,0.0,0.0,0.0,0.0,0.0,0.0,0.0,0.0,0.0,0.0,0.0,0.0,0.0,0.0,0.0,0.0,0.0,0.0,0.0,0.0,0.0,0.0,0.0,0.0,0.18067268723886556,0.0,0.0,0.0,0.0,0.0
Ciudad de hueso — Cassandra Clare,Fantasía Urbana,Fall Out Boy — Pop Punk/Alternative,"Adolescentes, demonios, romance y acción.",Fall Out Boy,Pop Punk/Alternative,Ciudad de hueso,fall out boy,ciudad de hueso,Fall Out Boy,Pop Punk,US,14.03167058111074,False,False,False,False,False,False,False,False,False,False,False,False,False,False,False,False,False,True,False,False,False,False,False,False,0,1,0,0,0,1,0,0,0,0,0,0,0,0,0,1,0,0,0,0,0,0,0,0,0,0,1,0,0,0,Ciudad de hueso,Fantasia urbana,2010.0,False,False,False,False,False,False,False,False,True,False,False,False,False,False,False,,,,,,,,,,,,,,,,,,,,,,,,,,,,,,,,,,,,,,,,,,,,,,,,,,,,,,,,,,,,,,,,,,,,,,,,,,,,,,,,,,,,,,,,,,,,,,,,,,,,,,,,,,,,,,,,,,,,,,,,,,,,,,,,,,,,,,,,,,,,,,,,,,,,,,,,,,,,,,,,,,,,,,,,,,,,,,,,,,,,,,,,,,,,,,,,,,,,,,,,,,,,,,,,,,,,,,,,,,,,,,,,,,,,,,,,,,,,,,,,,,,,,,,,,,,,,,,,,,,,,,,,,,,,,,,,,,,,,,,,,,,,,,,,,,,,,,,,,,,,
Cazadores de sombras — Cassandra Clare,Fantasía Urbana,My Chemical Romance — Emo/Alternative,"Oscuridad, romance, conflictos sobrenaturales y estética gótica.",My Chemical Romance,Emo/Alternative,Cazadores de sombras,my chemical romance,cazadores de sombras,My Chemical Romance,Emo / Alternative Rock,US,14.274384354768253,False,False,False,False,False,False,False,True,False,False,False,False,False,False,False,False,False,False,False,False,False,False,False,False,0,1,0,0,1,1,0,0,0,0,0,0,0,0,0,0,0,0,1,0,0,0,0,0,0,0,0,0,0,0,Cazadores de sombras,Fantasia urbana,2010.0,False,False,False,False,False,False,False,False,True,False,False,False,False,False,False,,,,,,,,,,,,,,,,,,,,,,,,,,,,,,,,,,,,,,,,,,,,,,,,,,,,,,,,,,,,,,,,,,,,,,,,,,,,,,,,,,,,,,,,,,,,,,,,,,,,,,,,,,,,,,,,,,,,,,,,,,,,,,,,,,,,,,,,,,,,,,,,,,,,,,,,,,,,,,,,,,,,,,,,,,,,,,,,,,,,,,,,,,,,,,,,,,,,,,,,,,,,,,,,,,,,,,,,,,,,,,,,,,,,,,,,,,,,,,,,,,,,,,,,,,,,,,,,,,,,,,,,,,,,,,,,,,,,,,,,,,,,,,,,,,,,,,,,,,,,
Vampire Academy — Richelle Mead,Paranormal Romance,The 69 Eyes — Gothic Rock,"Vampiros, romance, peligro y estética nocturna.",The 69 Eyes,Gothic Rock,Vampire Academy,the 69 eyes,vampire academy,The 69 Eyes,Gothic Rock,FI,9.155144736508232,False,False,False,False,False,False,False,False,False,False,True,False,False,False,False,False,False,False,False,False,False,False,False,False,0,0,0,0,1,0,0,0,0,0,0,1,0,0,0,0,0,0,0,0,1,0,0,1,0,0,0,0,0,0,Vampire Academy,Gotico clasico / vampiros,2000.0,False,False,False,False,False,False,False,False,False,True,False,False,False,False,False,0.0,0.0,0.0,0.0,0.0,0.0,0.0,0.0,0.0,0.0,0.0,0.0,0.0,0.0,0.0,0.19160858866623315,0.0,0.0,0.0,0.0,0.0,0.0,0.0,0.0,0.0,0.0,0.0,0.0,0.0,0.0,0.0,0.0,0.0,0.0,0.0,0.0,0.0,0.0,0.0,0.0,0.0,0.0,0.0,0.0,0.0,0.0,0.20463456063216376,0.16793962265635298,0.0,0.0,0.0,0.0,0.0,0.0,0.0,0.0,0.0,0.0,0.0,0.0,0.0,0.0,0.0,0.0,0.0,0.0,0.0,0.0,0.0,0.0,0.0,0.0,0.0,0.0,0.0,0.0,0.0,0.0,0.0,0.0,0.0,0.0,0.0,0.0,0.0,0.0,0.0,0.0,0.0,0.0,0.0,0.0,0.0,0.0,0.0,0.0,0.0,0.0,0.0,0.0,0.0,0.0,0.0,0.19775899326090737,0.0,0.0,0.19160858866623315,0.0,0.0,0.0,0.0,0.0,0.0,0.0,0.0,0.0,0.0,0.0,0.2214279592707875,0.0,0.0,0.0,0.0,0.0,0.0,0.21242943602360842,0.0,0.0,0.0,0.0,0.0,0.21242943602360842,0.0,0.0,0.0,0.0,0.0,0.0,0.0,0.0,0.15729662861240346,0.0,0.0,0.0,0.0,0.0,0.0,0.0,0.0,0.0,0.0,0.0,0.0,0.0,0.0,0.0,0.0,0.0,0.0,0.0,0.0,0.0,0.0,0.0,0.0,0.0,0.0,0.0,0.0,0.0,0.0,0.0,0.16063324260779444,0.0,0.18604487094780905,0.0,0.0,0.0,0.0,0.0,0.0,0.0,0.0,0.0,0.0,0.0,0.0,0.0,0.0,0.0,0.0,0.0,0.0,0.0,0.0,0.0,0.0,0.0,0.0,0.0,0.0,0.0,0.0,0.0,0.0,0.0,0.0,0.0,0.0,0.0,0.0,0.35258622668488715,0.0,0.0,0.0,0.0,0.0,0.0,0.0,0.0,0.0,0.2214279592707875,0.0,0.0,0.0,0.0,0.0,0.0,0.0,0.0,0.0,0.0,0.0,0.0,0.0,0.0,0.0,0.0,0.0,0.0,0.0,0.1809655946222836,0.0,0.0,0.0,0.0,0.0,0.0,0.0,0.0,0.0,0.0,0.0,0.0,0.0,0.0,0.0,0.0,0.0,0.0,0.0,0.0,0.0,0.0,0.0,0.0,0.0,0.0,0.0,0.0,0.0,0.0,0.0,0.0,0.0,0.0,0.0,0.2214279592707875,0.5237806478385828,0.0,0.0,0.0,0.0,0.0,0.0,0.2214279592707875,0.0,0.0,0.0,0.0,0.0,0.0,0.0,0.0,0.12017087795929052,0.0,0.0,0.0,0.0,0.0
Entrevista con el vampiro — Anne Rice,Gótico/Vampiros,HIM — Gothic Rock,"Amor, muerte, deseo y melancolía.",HIM,Gothic Rock,Entrevista con el vampiro,him,entrevista con el vampiro,HIM,Gothic Rock,FI,,False,False,False,False,False,False,False,False,False,False,True,False,False,False,False,False,False,False,False,False,False,False,False,False,0,1,0,0,0,0,0,0,0,0,0,1,0,0,0,0,0,0,0,0,1,0,0,1,0,0,0,0,0,0,Entrevista con el vampiro,Gotico clasico / vampiros,1670.0,False,False,False,False,False,False,False,False,False,True,False,False,False,False,False,0.0,0.0,0.0,0.0,0.0,0.0,0.0,0.0,0.0,0.0,0.0,0.0,0.0,0.0,0.0,0.0,0.0,0.0,0.0,0.0,0.10882214013228388,0.0,0.0,0.08083574797415763,0.0,0.0,0.0,0.0,0.0,0.0,0.08830993220820738,0.07525320613799133,0.0,0.0,0.0,0.0,0.0,0.0,0.0,0.0,0.0,0.0,0.0,0.0,0.0,0.0,0.0,0.0,0.0,0.0,0.0,0.0,0.0,0.0,0.0,0.0,0.0,0.0,0.0,0.0,0.0,0.0,0.08083574797415763,0.0,0.0,0.0,0.0,0.0,0.0,0.0,0.0,0.0,0.0,0.0,0.0,0.09326670376805556,0.0,0.0,0.0,0.0,0.0,0.0,0.0,0.0,0.0,0.0,0.0,0.0,0.0,0.0,0.0,0.0,0.0,0.0,0.0,0.0,0.0,0.0,0.0,0.0,0.0,0.0,0.0,0.0,0.0,0.0,0.0,0.0,0.0,0.0,0.0,0.0,0.0,0.0,0.0,0.0,0.0,0.0,0.0,0.07525320613799133,0.0,0.0,0.0,0.0,0.0,0.0,0.0,0.0,0.0,0.0,0.0,0.0,0.0,0.0,0.0,0.08425995495302344,0.0,0.0,0.0,0.07079563257019804,0.0,0.0,0.08425995495302344,0.0,0.0,0.0,0.0,0.0,0.0,0.0,0.0688628161553597,0.0,0.0,0.0,0.0,0.0,0.0,0.0,0.0,0.0,0.2989712812520615,0.14552671739354336,0.07786956497039182,0.0,0.0,0.0,0.0,0.0,0.06708479741077696,0.6975996562548102,0.0,0.0,0.0,0.0,0.0,0.0688628161553597,0.0,0.0,0.0,0.0,0.0,0.0,0.0,0.0,0.0,0.0,0.0,0.0,0.0,0.0,0.0,0.0,0.047075287375064355,0.0,0.0,0.0,0.058655051836477554,0.0,0.0,0.0,0.0,0.0,0.0,0.0,0.0,0.08083574797415763,0.0,0.0,0.0,0.0,0.0,0.0,0.0,0.0,0.0,0.0,0.05643186036146179,0.0,0.0,0.0,0.0,0.0,0.0,0.09326670376805556,0.0,0.0,0.0,0.0,0.0,0.0,0.0,0.0,0.0,0.0,0.0,0.0,0.0,0.0,0.0,0.0,0.0,0.0,0.0,0.0,0.0,0.0,0.0,0.0,0.0,0.0,0.0,0.0,0.08425995495302344,0.0,0.0,0.0,0.0,0.1833772459990758,0.0,0.0,0.0,0.0,0.0,0.0,0.0,0.0,0.0,0.0,0.0,0.0,0.0,0.0,0.07786956497039182,0.0,0.0,0.0,0.0,0.25277986485907034,0.39862837500274867,0.0,0.0,0.0,0.0,0.0,0.06708479741077696,0.0,0.0,0.0,0.0,0.0,0.0,0.0,0.08425995495302344,0.0,0.045728609868694856,0.0,0.0,0.0,0.0,0.058655051836477554
El vampiro Lestat — Anne Rice,Gótico/Vampiros,Lacuna Coil — Gothic Metal,"Vampiros, teatralidad, oscuridad y sensualidad.",Lacuna Coil,Gothic Metal,El vampiro Lestat,lacuna coil,el vampiro lestat,Lacuna Coil,Gothic Metal,IT,9.772524288017316,False,False,False,False,False,False,False,False,False,True,False,False,False,False,False,False,False,False,False,False,False,False,False,False,0,0,0,1,0,0,0,0,0,0,0,1,0,0,0,0,0,0,0,0,0,0,0,0,0,0,0,0,0,0,El vampiro Lestat,Gotico clasico / vampiros,1980.0,False,False,False,False,False,False,False,False,False,True,False,False,False,False,False,0.0,0.0,0.0,0.0,0.15028858186947663,0.0,0.0,0.0,0.0,0.0,0.0,0.0,0.0,0.0,0.0,0.0,0.0,0.0,0.0,0.0,0.0,0.0,0.0,0.0,0.0,0.0,0.0,0.0,0.0,0.0,0.0,0.0,0.0,0.0,0.0,0.0,0.0,0.0,0.0,0.0,0.0,0.0,0.0,0.0,0.0,0.0,0.0,0.0,0.0,0.0,0.0,0.0,0.0,0.0,0.0,0.0,0.0,0.0,0.0,0.15665481492574557,0.0,0.0,0.0,0.0,0.0,0.0,0.0,0.0,0.0,0.0,0.0,0.0,0.0,0.0,0.0,0.0,0.0,0.0,0.0,0.0,0.0,0.0,0.0,0.0,0.0,0.0,0.0,0.3283689409493439,0.0,0.0,0.0,0.0,0.0,0.0,0.0,0.0,0.0,0.0,0.0,0.0,0.0,0.0,0.0,0.0,0.0,0.0,0.0,0.0,0.0,0.0,0.0,0.0,0.0,0.0,0.0,0.0,0.0,0.0,0.0,0.0,0.0,0.0,0.0,0.0,0.0,0.0,0.0,0.0,0.0,0.0,0.0,0.0,0.0,0.0,0.0,0.0,0.0,0.0,0.0,0.0,0.0,0.0,0.0,0.0,0.0,0.0,0.0,0.0,0.0,0.0,0.0,0.0,0.0,0.0,0.0,0.0,0.0,0.0,0.0,0.0,0.3705618780891928,0.0,0.0,0.0,0.0,0.0,0.0,0.0,0.0,0.1852809390445964,0.0,0.0,0.0,0.0,0.0,0.0,0.0,0.0,0.0,0.0,0.0,0.0,0.0,0.0,0.0,0.0,0.0,0.0,0.0,0.0,0.0,0.0,0.0,0.0,0.0,0.0,0.10905057206624695,0.0,0.0,0.0,0.0,0.0,0.0,0.0,0.0,0.0,0.0,0.0,0.0,0.0,0.0,0.0,0.0,0.0,0.0,0.0,0.0,0.0,0.0,0.0,0.0,0.0,0.0,0.0,0.0,0.0,0.0,0.0,0.0,0.0,0.0,0.0,0.0,0.0,0.0,0.0,0.0,0.0,0.0,0.0,0.0,0.0,0.11881313720530391,0.0,0.0,0.0,0.0,0.0,0.0,0.0,0.0,0.0,0.0,0.0,0.0,0.0,0.0,0.11364405368914154,0.0,0.0,0.0,0.0,0.0,0.0,0.0,0.0,0.0,0.0,0.0,0.0,0.0,0.0,0.14477389995741194,0.0,0.0,0.0,0.0,0.7832740746287278,0.0,0.0,0.0,0.0,0.0,0.0,0.0,0.0,0.0,0.0,0.0,0.0,0.0,0.0,0.0,0.0,0.0,0.0,0.0,0.0,0.0,0.0
Las brujas de Mayfair — Anne Rice,Gótico/Sobrenatural,Black Sabbath — Heavy/Doom Metal,"Brujería, demonios, familias malditas y oscuridad.",Black Sabbath,Heavy/Doom Metal,Las brujas de Mayfair,black sabbath,las brujas de mayfair,Black Sabbath,Heavy Metal,GB,14.238148695213066,False,False,False,False,False,False,False,False,False,False,False,False,True,False,False,False,False,False,False,False,False,False,False,False,1,0,1,0,0,0,1,0,0,0,0,0,0,0,0,0,0,0,0,0,0,0,0,0,0,0,0,0,0,0,Las brujas de Mayfair,Gotico clasico / vampiros,1990.0,False,False,False,False,False,False,False,False,False,True,False,False,False,False,False,0.0,0.0,0.0,0.0,0.0,0.10050766954532463,0.0,0.0,0.0,0.48099471367644997,0.0,0.0,0.0,0.11078873663345502,0.0,0.0,0.0,0.0,0.0,0.0,0.0,0.0,0.0,0.0,0.0,0.0,0.0,0.0,0.0,0.2505581736826775,0.0,0.0,0.0,0.0,0.0,0.0,0.0,0.0,0.0,0.14207588895958723,0.0,0.0,0.0,0.0,0.0,0.0,0.0,0.0,0.0,0.0,0.0,0.0,0.11389831449709104,0.0,0.0,0.0,0.0,0.0,0.0,0.0,0.0,0.0,0.0,0.0,0.0,0.0,0.0,0.0,0.0,0.0,0.0,0.0,0.0,0.0,0.0,0.0,0.0,0.0,0.0,0.11389831449709104,0.0,0.0,0.0,0.0,0.0,0.0,0.0,0.0,0.0,0.0,0.0,0.0,0.0,0.45559325798836414,0.0,0.0,0.0,0.0,0.0,0.0,0.0,0.0,0.0,0.12106980372158545,0.0,0.0,0.11730447166357308,0.0,0.0,0.0,0.0,0.0,0.0,0.0,0.0,0.0,0.0,0.14207588895958723,0.0,0.0,0.14207588895958723,0.10792820229256324,0.0,0.0,0.0,0.0,0.0,0.0,0.0,0.0,0.0,0.0,0.0,0.0,0.0,0.0,0.0,0.0,0.0,0.0,0.0,0.0,0.13556015392946918,0.0,0.0,0.0,0.0,0.0,0.0,0.0,0.0,0.0,0.12106980372158545,0.0,0.0,0.0,0.0,0.0,0.0,0.0,0.0,0.0,0.0,0.0,0.0,0.13556015392946918,0.10527976116105889,0.0,0.10792820229256324,0.0,0.0,0.0,0.09834109100681744,0.0,0.0,0.0,0.0,0.0,0.0,0.0,0.0,0.0,0.0,0.0,0.0,0.0,0.10792820229256324,0.0,0.0,0.0,0.0,0.0,0.15147250449862096,0.0,0.0,0.0,0.1887323073013008,0.0,0.0,0.0,0.10281412145568934,0.1500505041373529,0.0,0.0,0.0,0.0,0.12106980372158545,0.0,0.0,0.0,0.0,0.0,0.0,0.0,0.0,0.0,0.0,0.0,0.130051178457073,0.0,0.0,0.0,0.0,0.0,0.0,0.0,0.0,0.0,0.0,0.0,0.0,0.0,0.0,0.0,0.0,0.0,0.0,0.0,0.0,0.0,0.0,0.0,0.0,0.0,0.0,0.13556015392946918,0.0,0.0,0.0,0.0,0.0,0.0,0.0,0.0,0.0,0.0,0.0,0.09834109100681744,0.0,0.0,0.0,0.0,0.0,0.0,0.0,0.0,0.0,0.0,0.0,0.0,0.0,0.08455843918979325,0.0,0.0,0.0,0.0,0.0,0.0,0.0,0.0,0.0,0.0,0.0,0.0,0.0,0.0,0.0,0.0,0.0,0.3001010082747058,0.0,0.0,0.0,0.0,0.0735696737108033,0.0,0.0,0.0,0.0,0.0
Carmilla — Sheridan Le Fanu,Gótico/Vampiros,The 69 Eyes — Gothic Rock,"Vampirismo, erotismo, misterio y decadencia.",The 69 Eyes,Gothic Rock,Carmilla,the 69 eyes,carmilla,The 69 Eyes,Gothic Rock,FI,9.155144736508232,False,False,False,False,False,False,False,False,False,False,True,False,False,False,False,False,False,False,False,False,False,False,False,False,0,0,0,0,1,0,0,0,0,0,0,1,0,0,0,0,0,0,0,0,1,0,0,1,0,0,0,0,0,0,Carmilla,Gotico clasico / vampiros,1870.0,False,False,False,False,False,False,False,False,False,True,False,False,False,False,False,0.0,0.0,0.0,0.0,0.0,0.0,0.0,0.0,0.0,0.0,0.0,0.0,0.0,0.0,0.0,0.0,0.0,0.0,0.0,0.0,0.0,0.0,0.0,0.0,0.0,0.0,0.0,0.0,0.0,0.0,0.0,0.0,0.0,0.0,0.0,0.0,0.0,0.0,0.0,0.0,0.0,0.0,0.0,0.0,0.0,0.0,0.0,0.0,0.0,0.23817035084312296,0.0,0.0,0.0,0.0,0.0,0.0,0.0,0.0,0.0,0.0,0.0,0.0,0.0,0.0,0.0,0.0,0.0,0.0,0.0,0.0,0.0,0.0,0.0,0.0,0.0,0.0,0.0,0.0,0.0,0.0,0.0,0.0,0.0,0.0,0.0,0.0,0.0,0.0,0.0,0.0,0.0,0.0,0.0,0.0,0.0,0.0,0.0,0.0,0.0,0.0,0.3634043597513407,0.0,0.0,0.0,0.0,0.0,0.0,0.0,0.0,0.0,0.0,0.0,0.0,0.0,0.0,0.0,0.0,0.0,0.0,0.0,0.0,0.0,0.0,0.0,0.0,0.0,0.0,0.0,0.0,0.0,0.0,0.0,0.0,0.0,0.0,0.0,0.0,0.0,0.0,0.0,0.0,0.0,0.0,0.0,0.0,0.0,0.0,0.0,0.0,0.0,0.0,0.0,0.0,0.3440907963641328,0.0,0.0,0.0,0.0,0.0,0.0,0.0,0.0,0.0,0.0,0.0,0.0,0.0,0.0,0.0,0.0,0.0,0.0,0.0,0.0,0.0,0.0,0.0,0.0,0.0,0.0,0.0,0.0,0.0,0.0,0.0,0.0,0.0,0.0,0.2840973888488136,0.0,0.0,0.0,0.0,0.0,0.0,0.0,0.0,0.0,0.0,0.0,0.0,0.0,0.0,0.0,0.0,0.0,0.0,0.0,0.0,0.0,0.0,0.0,0.0,0.0,0.0,0.0,0.0,0.0,0.0,0.0,0.0,0.0,0.0,0.0,0.0,0.0,0.0,0.0,0.0,0.0,0.0,0.0,0.0,0.0,0.0,0.0,0.0,0.0,0.0,0.0,0.0,0.0,0.0,0.0,0.0,0.0,0.0,0.0,0.0,0.0,0.0,0.0,0.0,0.0,0.0,0.0,0.0,0.23817035084312296,0.0,0.0,0.0,0.0,0.0,0.0,0.0,0.0,0.0,0.0,0.0,0.0,0.0,0.0,0.0,0.0,0.0,0.0,0.0,0.6566209321287922,0.0,0.0,0.0,0.0,0.0,0.0,0.0,0.0,0.0,0.0,0.0,0.0,0.2683170585490769,0.0,0.0,0.0,0.0,0.0,0.0,0.0,0.0,0.2285435283724214
El retrato de Dorian Gray — Oscar Wilde,Gótico/Clásico,Ghost — Occult Rock,"Decadencia, tentación, belleza y oscuridad.",Ghost,Occult Rock,El retrato de Dorian Gray,ghost,el retrato de dorian gray,Ghost,Occult Rock,SE,,False,False,False,False,False,False,False,False,False,False,False,False,False,False,False,False,True,False,False,False,False,False,False,False,0,0,1,0,0,0,1,0,0,0,0,0,1,0,0,0,0,1,0,0,0,0,0,0,0,0,0,0,0,0,El retrato de Dorian Gray,Gotico clasico / vampiros,1890.0,False,False,False,False,False,False,False,False,False,True,False,False,False,False,False,0.0,0.0,0.0,0.0,0.48227093183142866,0.0,0.0,0.0,0.0,0.0,0.0,0.0,0.0,0.0,0.0,0.0,0.0,0.0,0.0,0.0,0.0,0.0,0.0,0.0,0.0,0.0,0.0,0.0,0.0,0.0,0.0,0.0,0.0,0.0,0.0,0.0,0.0,0.0,0.0,0.0,0.0,0.0,0.0,0.0,0.0,0.0,0.0,0.0,0.0,0.0,0.0,0.0,0.0,0.0,0.0,0.0,0.0,0.0,0.0,0.0,0.0,0.0,0.0,0.0,0.0,0.0,0.0,0.0,0.0,0.0,0.0,0.0,0.0,0.0,0.0,0.0,0.0,0.0,0.0,0.0,0.0,0.0,0.0,0.0,0.0,0.0,0.0,0.0,0.0,0.0,0.0,0.0,0.0,0.0,0.0,0.0,0.0,0.0,0.0,0.0,0.0,0.0,0.0,0.0,0.0,0.0,0.0,0.0,0.0,0.0,0.0,0.0,0.0,0.0,0.0,0.0,0.5268623642801924,0.0,0.0,0.0,0.0,0.0,0.0,0.0,0.0,0.0,0.0,0.0,0.0,0.0,0.0,0.0,0.0,0.0,0.0,0.0,0.0,0.0,0.0,0.0,0.0,0.0,0.0,0.0,0.0,0.0,0.0,0.0,0.0,0.0,0.0,0.0,0.0,0.0,0.0,0.0,0.0,0.0,0.0,0.0,0.0,0.0,0.0,0.0,0.0,0.0,0.0,0.0,0.0,0.0,0.0,0.0,0.0,0.0,0.0,0.0,0.0,0.0,0.0,0.0,0.0,0.0,0.0,0.0,0.0,0.0,0.0,0.0,0.0,0.0,0.0,0.0,0.0,0.0,0.0,0.0,0.6998791305757954,0.0,0.0,0.0,0.0,0.0,0.0,0.0,0.0,0.0,0.0,0.0,0.0,0.0,0.0,0.0,0.0,0.0,0.0,0.0,0.0,0.0,0.0,0.0,0.0,0.0,0.0,0.0,0.0,0.0,0.0,0.0,0.0,0.0,0.0,0.0,0.0,0.0,0.0,0.0,0.0,0.0,0.0,0.0,0.0,0.0,0.0,0.0,0.0,0.0,0.0,0.0,0.0,0.0,0.0,0.0,0.0,0.0,0.0,0.0,0.0,0.0,0.0,0.0,0.0,0.0,0.0,0.0,0.0,0.0,0.0,0.0,0.0,0.0,0.0,0.0,0.0,0.0,0.0,0.0,0.0,0.0,0.0,0.0,0.0,0.0,0.0,0.0,0.0,0.0,0.0,0.0,0.0,0.0,0.0,0.0,0.0,0.0,0.0,0.0,0.0,0.0,0.0,0.0
Frankenstein — Mary Shelley,Gótico/Clásico,Black Sabbath — Heavy Metal,"Monstruosidad, aislamiento, muerte y rebeldía contra la naturaleza.",Black Sabbath,Heavy Metal,Frankenstein,black sabbath,frankenstein,Black Sabbath,Heavy Metal,GB,14.238148695213066,False,False,False,False,False,False,False,False,False,False,False,False,True,False,False,False,False,False,False,False,False,False,False,False,1,0,1,0,0,0,1,0,0,0,0,0,0,0,0,0,0,0,0,0,0,0,0,0,0,0,0,0,0,0,Frankenstein,Gotico clasico / vampiros,1810.0,False,False,False,False,False,False,False,False,False,True,False,False,False,False,False,0.0,0.0,0.0,0.0,0.0,0.0,0.0,0.0,0.0,0.0,0.0,0.0,0.0,0.0,0.0,0.0,0.0,0.0,0.0,0.0,0.0,0.0,0.0,0.0,0.0,0.0,0.0,0.0,0.0,0.0,0.0,0.0,0.0,0.0,0.0,0.0,0.0,0.0,0.0,0.0,0.0,0.0,0.0,0.0,0.0,0.0,0.0,0.0,0.0,0.0,0.0,0.0,0.0,0.0,0.0,0.0,0.0,0.0,0.0,0.0,0.0,0.0,0.0,0.0,0.0,0.0,0.0,0.0,0.0,0.0,0.0,0.0,0.0,0.0,0.0,0.0,0.0,0.0,0.0,0.0,0.0,0.0,0.0,0.0,0.0,0.0,0.0,0.0,0.0,0.0,0.0,0.0,0.0,0.0,0.0,0.0,0.0,0.0,0.0,0.0,0.0,0.0,0.0,0.0,0.0,0.0,0.0,0.0,0.0,0.0,0.0,0.0,0.0,0.0,0.0,0.0,0.0,0.0,0.0,0.0,0.0,0.0,0.0,0.0,0.0,0.0,0.0,0.0,0.0,0.0,0.0,0.0,0.0,0.0,0.0,0.0,0.0,0.0,0.0,0.0,0.0,0.0,0.0,0.0,0.0,0.0,0.0,0.0,0.0,0.0,0.0,0.0,0.0,0.0,0.0,0.0,0.0,0.0,0.0,0.0,0.0,0.0,0.0,0.0,0.0,0.36761688466893233,0.0,0.0,0.0,0.0,0.0,0.0,0.0,0.0,0.0,0.0,0.0,0.0,0.0,0.0,0.0,0.0,0.0,0.38528648848441993,0.0,0.0,0.0,0.0,0.0,0.0,0.0,0.0,0.0,0.0,0.0,0.0,0.2559055180867611,0.0,0.0,0.0,0.0,0.0,0.0,0.0,0.0,0.0,0.0,0.0,0.0,0.0,0.0,0.0,0.0,0.0,0.0,0.0,0.0,0.0,0.0,0.0,0.0,0.0,0.0,0.0,0.0,0.0,0.0,0.0,0.0,0.0,0.0,0.0,0.0,0.0,0.0,0.0,0.0,0.0,0.0,0.0,0.0,0.0,0.27881502000343555,0.0,0.0,0.0,0.0,0.0,0.0,0.0,0.0,0.0,0.0,0.0,0.0,0.0,0.0,0.5333697913869246,0.0,0.0,0.0,0.0,0.0,0.0,0.0,0.0,0.0,0.0,0.0,0.0,0.0,0.0,0.0,0.0,0.0,0.0,0.0,0.0,0.0,0.0,0.0,0.0,0.0,0.0,0.0,0.0,0.0,0.0,0.0,0.0,0.0,0.0,0.0,0.0,0.0,0.3397363184077194,0.3283214335590467,0.0,0.0,0.2559055180867611
El castillo de Otranto — Horace Walpole,Gótico,Paradise Lost — Gothic/Doom Metal,"Castillos, maldiciones, muerte y atmósfera sombría.",Paradise Lost,Gothic/Doom Metal,El castillo de Otranto,paradise lost,el castillo de otranto,Paradise Lost,Gothic Metal,GB,,False,False,False,False,False,False,False,False,False,True,False,False,False,False,False,False,False,False,False,False,False,False,False,False,1,0,0,0,0,0,0,0,1,0,0,1,1,0,0,0,0,0,0,0,0,0,0,0,0,0,0,0,0,0,El castillo de Otranto,Gotico clasico / vampiros,1760.0,False,False,False,False,False,False,False,False,False,True,False,False,False,False,False,0.0,0.0,0.0,0.0,0.0,0.2541328823276708,0.0,0.0,0.0,0.0,0.0,0.0,0.0,0.0,0.0,0.0,0.0,0.0,0.0,0.0,0.22133992408442532,0.0,0.0,0.0,0.0,0.0,0.0,0.37940156491191307,0.0,0.0,0.0,0.0,0.0,0.0,0.0,0.0,0.0,0.0,0.0,0.0,0.0,0.0,0.0,0.0,0.0,0.0,0.0,0.0,0.0,0.0,0.0,0.0,0.0,0.0,0.0,0.0,0.0,0.0,0.0,0.0,0.0,0.0,0.0,0.0,0.0,0.0,0.0,0.0,0.0,0.0,0.0,0.0,0.0,0.0,0.0,0.0,0.0,0.0,0.0,0.0,0.0,0.0,0.0,0.0,0.0,0.0,0.0,0.0,0.0,0.0,0.0,0.0,0.0,0.0,0.0,0.0,0.0,0.0,0.0,0.0,0.0,0.0,0.0,0.0,0.0,0.0,0.0,0.0,0.0,0.0,0.0,0.0,0.0,0.0,0.0,0.0,0.0,0.0,0.0,0.0,0.0,0.0,0.0,0.0,0.0,0.0,0.0,0.0,0.0,0.0,0.0,0.0,0.0,0.0,0.0,0.0,0.0,0.0,0.0,0.0,0.0,0.0,0.0,0.0,0.0,0.0,0.0,0.0,0.0,0.0,0.0,0.0,0.0,0.0,0.0,0.0,0.0,0.0,0.0,0.0,0.0,0.0,0.0,0.0,0.0,0.0,0.0,0.0,0.0,0.0,0.0,0.0,0.0,0.0,0.0,0.0,0.0,0.0,0.0,0.0,0.0,0.0,0.0,0.35923781074521566,0.0,0.0,0.0,0.0,0.0,0.0,0.0,0.0,0.0,0.0,0.0,0.0,0.23860410583493827,0.35923781074521566,0.0,0.0,0.0,0.0,0.0,0.0,0.0,0.0,0.0,0.0,0.0,0.0,0.0,0.0,0.0,0.0,0.0,0.0,0.0,0.0,0.0,0.0,0.0,0.0,0.0,0.0,0.0,0.0,0.0,0.0,0.0,0.0,0.0,0.0,0.0,0.0,0.0,0.0,0.0,0.0,0.0,0.0,0.0,0.0,0.25996472853983293,0.0,0.0,0.0,0.2966034694530945,0.0,0.0,0.0,0.0,0.0,0.0,0.0,0.0,0.0,0.0,0.24865470487841845,0.0,0.0,0.0,0.0,0.0,0.0,0.0,0.0,0.0,0.0,0.0,0.0,0.0,0.213805373994276,0.0,0.40539716529077263,0.0,0.0,0.0,0.0,0.0,0.0,0.0,0.0,0.0,0.0,0.0,0.0,0.0,0.0,0.0,0.0,0.0,0.0,0.0,0.0,0.0,0.0,0.0,0.0,0.0,0.0
Los juegos del hambre — Suzanne Collins,Distopía/Fantasía Juvenil,Paramore — Pop Punk/Alternative,"Rebeldía, supervivencia y lucha contra un sistema opresivo.",Paramore,Pop Punk/Alternative,Los juegos del hambre,paramore,los juegos del hambre,Paramore,Pop Punk,US,15.076745537413437,False,False,False,False,False,False,False,False,False,False,False,False,False,False,False,False,False,True,False,False,False,False,False,False,0,1,0,0,1,1,0,0,0,0,0,0,0,0,0,1,0,0,1,0,0,0,0,0,0,0,0,0,0,0,Los juegos del hambre,Distopia juvenil,2000.0,False,False,False,True,False,False,False,False,False,False,False,False,False,False,False,0.0,0.0,0.0,0.0,0.10800672409016175,0.0,0.0,0.0,0.0,0.0,0.0,0.0,0.0,0.09200938162830148,0.0,0.09742066051090578,0.0,0.0,0.0,0.0,0.07270003159942297,0.0,0.10800672409016175,0.0,0.0,0.0,0.0,0.0,0.0,0.0,0.0,0.0,0.0,0.0,0.0,0.0,0.0,0.0,0.0,0.0,0.11799317407790877,0.0,0.0,0.0,0.0,0.0,0.0,0.0,0.0,0.0,0.0,0.0,0.0,0.0,0.0,0.0,0.0,0.0896337250062501,0.0,0.0,0.0,0.0,0.0,0.0,0.0,0.0,0.0,0.0,0.0,0.0,0.0,0.0,0.0,0.0,0.0,0.0,0.0,0.0,0.0,0.0,0.0,0.0,0.0,0.0,0.0,0.0,0.0,0.0,0.0,0.0,0.0,0.0,0.0,0.0,0.0,0.0,0.0,0.0,0.0,0.0,0.0,0.0,0.0,0.0,0.0,0.0,0.0,0.0,0.09459186740304952,0.0,0.0,0.6657720438115373,0.09459186740304952,0.0,0.0,0.0,0.0,0.0,0.0,0.0,0.0,0.0,0.0,0.0,0.0,0.0,0.0,0.0,0.0,0.0,0.0,0.0,0.5326176350492298,0.0,0.0,0.0,0.0,0.11258189519530447,0.0,0.0,0.0,0.0,0.0,0.0,0.0,0.0,0.0,0.0,0.0,0.0,0.0,0.0,0.0,0.0,0.0,0.0,0.0,0.0,0.0,0.0,0.0,0.0,0.0,0.0,0.09459186740304952,0.0,0.0,0.0,0.0,0.0,0.0,0.0,0.0,0.0,0.0,0.0,0.0,0.0,0.0,0.0,0.0,0.0,0.0,0.0,0.0,0.0,0.0,0.11799317407790877,0.09742066051090578,0.0,0.0,0.0,0.0,0.0,0.0,0.11799317407790877,0.156741049819242,0.0,0.0,0.0,0.0853865115286318,0.0,0.0,0.0,0.0,0.0,0.0,0.0,0.0,0.0,0.0,0.0,0.0,0.0,0.11258189519530447,0.0,0.0,0.0,0.0,0.0,0.0,0.0,0.0,0.0,0.0,0.0,0.0,0.0,0.0,0.0,0.0,0.0,0.0,0.0,0.0,0.0,0.0,0.12461604417757845,0.0,0.0,0.0,0.0,0.0,0.0,0.0,0.0,0.0,0.0,0.0,0.0,0.0,0.0,0.0,0.0,0.0,0.0,0.0,0.0,0.0,0.0,0.0,0.0,0.0,0.0,0.0,0.0,0.0,0.0,0.0,0.0,0.0,0.0,0.0,0.0,0.0,0.0,0.0,0.0,0.0,0.0,0.0,0.0,0.0,0.0,0.0,0.0,0.0,0.0,0.0,0.0,0.0,0.11258189519530447,0.0,0.0,0.0,0.10404353061057547,0.1005477462130305,0.16694203408714497,0.0,0.078370524909621
En llamas — Suzanne Collins,Distopía,My Chemical Romance — Emo/Alternative,"Trauma, revolución, pérdida y resistencia.",My Chemical Romance,Emo/Alternative,En llamas,my chemical romance,en llamas,My Chemical Romance,Emo / Alternative Rock,US,14.274384354768253,False,False,False,False,False,False,False,True,False,False,False,False,False,False,False,False,False,False,False,False,False,False,False,False,0,1,0,0,1,1,0,0,0,0,0,0,0,0,0,0,0,0,1,0,0,0,0,0,0,0,0,0,0,0,En llamas,Distopia juvenil,1950.0,False,False,False,True,False,False,False,False,False,False,False,False,False,False,False,0.0,0.0,0.0,0.0,0.0,0.0,0.0,0.0,0.0,0.0,0.0,0.0,0.0,0.0,0.0,0.0,0.0,0.0,0.0,0.0,0.0,0.0,0.0,0.0,0.0,0.0,0.0,0.0,0.0,0.0,0.0,0.0,0.0,0.0,0.0,0.0,0.0,0.0,0.0,0.0,0.0,0.0,0.0,0.0,0.0,0.0,0.0,0.0,0.0,0.0,0.0,0.0,0.0,0.0,0.0,0.0,0.0,0.0,0.0,0.0,0.0,0.0,0.0,0.0,0.0,0.0,0.0,0.0,0.0,0.0,0.0,0.0,0.0,0.0,0.0,0.0,0.0,0.0,0.0,0.0,0.0,0.0,0.0,0.0,0.0,0.0,0.0,0.0,0.0,0.0,0.0,0.0,0.0,0.0,0.0,0.0,0.0,0.0,0.0,0.0,0.0,0.0,0.0,0.0,0.0,0.0,0.0,0.0,0.0,0.0,0.0,0.0,0.0,0.0,0.0,0.0,0.0,0.0,0.0,0.0,0.0,0.0,0.0,0.0,0.0,0.0,0.0,0.0,0.0,0.0,0.0,0.0,0.0,0.0,0.0,0.0,0.0,0.0,0.0,0.0,0.0,0.0,0.0,0.0,0.0,0.0,0.0,0.0,0.0,0.0,0.0,0.0,0.0,0.0,0.0,0.0,0.0,0.0,0.0,0.0,0.0,0.0,0.0,0.0,0.0,0.0,0.0,0.0,0.0,0.0,0.0,0.0,0.0,0.0,0.0,0.0,0.0,0.0,0.0,0.0,0.0,0.0,0.0,0.0,0.0,0.0,0.0,0.0,0.0,0.0,0.0,0.0,0.0,0.0,0.0,0.0,0.0,0.0,0.0,0.0,0.0,0.0,0.0,0.0,0.0,0.0,0.0,0.0,0.0,0.0,0.0,0.0,0.0,0.0,0.0,0.0,0.0,0.0,0.0,0.0,0.0,0.0,0.0,0.0,0.0,0.0,0.0,0.0,0.0,0.0,0.0,0.0,0.0,0.0,0.0,0.0,0.0,0.0,0.0,0.0,0.0,0.0,0.0,0.0,0.0,0.0,0.0,0.0,0.0,0.0,0.0,0.0,0.0,0.0,0.0,0.0,0.0,0.0,0.0,0.0,0.0,0.0,0.0,0.0,0.0,0.0,0.0,0.0,0.0,0.0,0.0,0.0,0.0,0.0,0.0,0.0,0.0,0.0,0.0,0.0,0.0,0.0,0.0,0.0,0.0,0.0,0.0,0.0,0.0,0.0,0.0,0.0,0.0,0.0,0.0,0.0,0.0,0.0,0.0,0.0
Sinsajo — Suzanne Collins,Distopía,Green Day — Punk Rock,"Rebelión, política y desafío al poder.",Green Day,Punk Rock,Sinsajo,green day,sinsajo,Green Day,Punk Rock,US,14.23630162134154,False,False,False,False,False,False,False,False,False,False,False,False,False,False,False,False,False,False,False,False,False,False,True,False,0,1,0,0,1,1,0,0,0,0,0,0,0,0,0,0,0,0,0,0,0,0,0,0,0,0,0,1,0,0,Sinsajo,Distopia juvenil,2010.0,False,False,False,True,False,False,False,False,False,False,False,False,False,False,False,0.38377236430634776,0.0,0.0,0.0,0.0,0.0,0.0,0.0,0.0,0.0,0.0,0.0,0.0,0.0,0.0,0.0,0.0,0.0,0.0,0.0,0.49564386820200557,0.0,0.0,0.0,0.0,0.0,0.0,0.0,0.0,0.0,0.0,0.0,0.0,0.0,0.0,0.0,0.0,0.0,0.0,0.0,0.0,0.0,0.0,0.0,0.0,0.0,0.0,0.0,0.0,0.0,0.0,0.0,0.0,0.0,0.0,0.0,0.0,0.0,0.0,0.0,0.0,0.0,0.0,0.0,0.0,0.0,0.0,0.0,0.0,0.0,0.0,0.0,0.0,0.0,0.0,0.0,0.0,0.0,0.0,0.0,0.0,0.0,0.0,0.0,0.0,0.0,0.0,0.0,0.0,0.0,0.0,0.0,0.0,0.0,0.0,0.0,0.0,0.0,0.0,0.0,0.0,0.0,0.0,0.0,0.0,0.0,0.0,0.0,0.0,0.0,0.0,0.45390053329512525,0.0,0.0,0.0,0.0,0.0,0.0,0.0,0.0,0.0,0.0,0.0,0.0,0.0,0.0,0.0,0.0,0.0,0.0,0.0,0.0,0.45390053329512525,0.0,0.0,0.0,0.0,0.0,0.0,0.0,0.0,0.0,0.0,0.0,0.0,0.0,0.0,0.0,0.0,0.0,0.0,0.0,0.0,0.0,0.0,0.0,0.0,0.0,0.0,0.0,0.0,0.0,0.0,0.0,0.0,0.0,0.0,0.0,0.0,0.0,0.0,0.0,0.0,0.0,0.0,0.0,0.0,0.0,0.0,0.0,0.0,0.0,0.0,0.0,0.0,0.0,0.0,0.0,0.0,0.0,0.0,0.0,0.0,0.0,0.0,0.0,0.0,0.0,0.0,0.0,0.0,0.0,0.0,0.0,0.0,0.0,0.0,0.0,0.0,0.0,0.0,0.0,0.0,0.0,0.0,0.0,0.0,0.0,0.0,0.0,0.0,0.0,0.0,0.0,0.0,0.0,0.0,0.0,0.0,0.0,0.0,0.0,0.0,0.0,0.0,0.0,0.0,0.0,0.0,0.0,0.0,0.0,0.0,0.0,0.0,0.0,0.33209031657974525,0.0,0.0,0.0,0.0,0.0,0.0,0.0,0.0,0.0,0.0,0.0,0.0,0.0,0.0,0.0,0.0,0.0,0.0,0.0,0.0,0.0,0.0,0.0,0.0,0.0,0.0,0.0,0.0,0.0,0.0,0.0,0.0,0.0,0.0,0.0,0.0,0.2910679674770741,0.0,0.0,0.0,0.0,0.0,0.0,0.0,0.0,0.0,0.0,0.0,0.0,0.0,0.0,0.0,0.0
Divergente — Veronica Roth,Distopía Juvenil,All Time Low — Pop Punk,"Juventud, rebeldía, romance y ruptura con las reglas.",All Time Low,Pop Punk,Divergente,all time low,divergente,All Time Low,Pop Punk,US,,False,False,False,False,False,False,False,False,False,False,False,False,False,False,False,False,False,True,False,False,False,False,False,False,0,1,0,0,0,1,0,0,0,0,0,0,0,0,0,0,0,0,1,0,0,0,0,0,0,0,0,0,0,0,Divergente,Distopia juvenil,2010.0,False,False,False,True,False,False,False,False,False,False,False,False,False,False,False,0.13558271888635356,0.0,0.0,0.0,0.0,0.0,0.0,0.0,0.0,0.0,0.1210899566560709,0.0,0.0,0.0,0.0,0.0,0.0,0.0,0.0,0.0,0.35021147690840054,0.0,0.0,0.0,0.0,0.13558271888635356,0.0,0.0,0.0,0.0,0.0,0.1210899566560709,0.0,0.0,0.0,0.0,0.0,0.0,0.0,0.0,0.0,0.0,0.0,0.0,0.0,0.0,0.0,0.0,0.0,0.0,0.0,0.0,0.0,0.0,0.0,0.0,0.0,0.0,0.0,0.0,0.0,0.0,0.0,0.0,0.13007282640560053,0.0,0.0,0.0,0.0,0.0,0.0,0.0,0.0,0.0,0.0,0.3001509622332725,0.0,0.0,0.0,0.0,0.0,0.0,0.0,0.0,0.0,0.0,0.0,0.0,0.0,0.0,0.0,0.0,0.0,0.0,0.0,0.0,0.0,0.0,0.0,0.0,0.45022644334990874,0.0,0.0,0.0,0.0,0.0,0.0,0.0,0.0,0.0,0.0,0.0,0.0,0.0,0.0,0.12529994044109613,0.0,0.0,0.0,0.0,0.14209953850715526,0.0,0.0,0.0,0.0,0.0,0.0,0.0,0.0,0.0,0.0,0.0,0.0,0.0,0.0,0.0,0.0,0.0,0.0,0.0,0.0963144159805308,0.0,0.0,0.0,0.0,0.0,0.0,0.13558271888635356,0.0,0.0,0.0,0.0,0.0,0.0,0.0,0.0,0.0,0.0,0.0,0.0,0.0,0.0,0.0,0.0,0.0,0.0,0.0,0.0,0.0,0.0,0.0963144159805308,0.0,0.0,0.0,0.0,0.0,0.2841990770143105,0.0,0.0,0.0,0.0,0.0,0.0,0.0,0.0,0.0,0.0,0.0,0.0,0.0,0.0,0.1210899566560709,0.0,0.0,0.0,0.0,0.0,0.4262986155214658,0.0,0.0,0.0,0.0,0.0,0.0,0.0,0.0,0.0,0.0,0.0,0.0,0.0,0.0,0.0,0.0,0.13558271888635356,0.0,0.0,0.0,0.0,0.0,0.0,0.0,0.0,0.0,0.0,0.0,0.0,0.0,0.0,0.0,0.0,0.0,0.0,0.0,0.0,0.14209953850715526,0.0,0.0,0.0,0.0,0.0,0.0,0.10283123560133246,0.0,0.0,0.13558271888635356,0.0,0.0,0.0,0.0,0.0,0.0,0.0,0.0,0.0,0.0,0.0,0.09835746058455992,0.0,0.0,0.0,0.0,0.0,0.0,0.0,0.0,0.0,0.0,0.0,0.0,0.0,0.0,0.0,0.0,0.12529994044109613,0.0,0.0,0.0,0.0,0.0,0.0,0.0,0.0,0.0,0.0,0.0,0.0,0.0,0.0,0.0,0.0,0.0,0.0,0.0,0.0,0.0,0.2421799133121418,0.0,0.0,0.0
Maze Runner — James Dashner,Distopía Juvenil,Blink-182 — Pop Punk,"Jóvenes atrapados, caos, humor y supervivencia.",Blink-182,Pop Punk,Maze Runner,blink 182,maze runner,Blink-182,Pop Punk,US,15.480780638496439,False,False,False,False,False,False,False,False,False,False,False,False,False,False,False,False,False,True,False,False,False,False,False,False,0,1,0,0,0,1,0,0,0,0,0,0,0,0,0,1,0,0,0,0,0,0,0,0,0,0,0,1,0,0,Maze Runner,Distopia juvenil,2000.0,False,False,False,True,False,False,False,False,False,False,False,False,False,False,False,0.0,0.0,0.0,0.0,0.0,0.0,0.0,0.0,0.0,0.0,0.0,0.0,0.0,0.0,0.0,0.0,0.0,0.0,0.0,0.0,0.0,0.0,0.20943185517610396,0.0,0.0,0.0,0.0,0.0,0.0,0.0,0.0,0.0,0.0,0.0,0.0,0.0,0.0,0.0,0.0,0.0,0.0,0.0,0.0,0.0,0.0,0.0,0.0,0.0,0.0,0.15836655518195128,0.0,0.0,0.18341960134125784,0.20943185517610396,0.0,0.0,0.0,0.0,0.0,0.0,0.0,0.0,0.0,0.0,0.0,0.0,0.0,0.0,0.0,0.0,0.0,0.0,0.0,0.0,0.0,0.0,0.0,0.0,0.0,0.0,0.0,0.0,0.0,0.0,0.0,0.0,0.0,0.0,0.0,0.0,0.0,0.0,0.0,0.0,0.0,0.0,0.0,0.0,0.0,0.0,0.0,0.0,0.16556983527737662,0.0,0.0,0.0,0.0,0.0,0.0,0.0,0.0,0.0,0.3668392026825157,0.0,0.0,0.0,0.0,0.0,0.0,0.0,0.0,0.0,0.0,0.0,0.0,0.0,0.0,0.0,0.0,0.0,0.0,0.0,0.0,0.0,0.0,0.0,0.0,0.0,0.0,0.0,0.15507702397506326,0.0,0.0,0.0,0.0,0.0,0.0,0.4366068014489858,0.0,0.0,0.0,0.0,0.0,0.0,0.0,0.0,0.0,0.0,0.0,0.0,0.0,0.0,0.201746972870455,0.0,0.0,0.0,0.0,0.0,0.0,0.0,0.0,0.0,0.0,0.0,0.0,0.0,0.0,0.0,0.0,0.0,0.0,0.2183034007244929,0.0,0.0,0.0,0.0,0.0,0.0,0.0,0.0,0.0,0.0,0.12196416826698746,0.20943185517610396,0.0,0.0,0.0,0.0,0.0,0.0,0.0,0.0,0.0,0.0,0.0,0.0,0.0,0.0,0.0,0.0,0.0,0.0,0.0,0.0,0.0,0.0,0.0,0.0,0.0,0.0,0.0,0.0,0.0,0.0,0.0,0.0,0.0,0.0,0.0,0.0,0.0,0.0,0.0,0.0,0.0,0.0,0.0,0.0,0.0,0.0,0.0,0.0,0.0,0.0,0.2183034007244929,0.0,0.0,0.0,0.0,0.0,0.0,0.0,0.0,0.0,0.4366068014489858,0.0,0.0,0.0,0.0,0.0,0.0,0.0,0.0,0.0,0.0,0.0,0.0,0.20943185517610396,0.0,0.0,0.0,0.0,0.0,0.0,0.0,0.0,0.0,0.0,0.0,0.0,0.0,0.2183034007244929,0.0,0.0,0.0,0.0,0.0,0.0,0.0,0.0,0.0,0.0,0.0,0.0,0.0,0.0,0.0,0.0,0.0,0.0
Ready Player One — Ernest Cline,Ciencia Ficción/Fantasía,Sum 41 — Pop Punk,"Cultura geek, aventura, competencia y energía juvenil.",Sum 41,Pop Punk,Ready Player One,sum 41,ready player one,Sum 41,Pop Punk,CA,13.632768512777465,False,False,False,False,False,False,False,False,False,False,False,False,False,False,False,False,False,True,False,False,False,False,False,False,0,1,0,0,0,1,0,0,0,0,0,0,0,0,0,0,0,0,0,0,0,0,0,0,0,0,0,1,0,0,Ready Player One,Distopia juvenil,2000.0,False,False,False,True,False,False,False,False,False,False,False,False,False,False,False,0.0,0.0,0.0,0.0,0.0,0.0,0.0,0.0,0.0,0.0,0.0,0.0,0.0,0.0,0.0,0.0,0.0,0.0,0.0,0.0,0.0,0.0,0.0,0.0,0.0,0.0,0.0,0.0,0.0,0.0,0.0,0.0,0.0,0.0,0.0,0.0,0.0,0.0,0.0,0.0,0.0,0.0,0.0,0.0,0.0,0.0,0.0,0.0,0.0,0.0,0.0,0.0,0.0,0.0,0.0,0.0,0.0,0.0,0.2990409299713701,0.0,0.0,0.0,0.27373135325402026,0.0,0.0,0.0,0.0,0.0,0.0,0.0,0.0,0.0,0.0,0.0,0.0,0.0,0.0,0.0,0.0,0.0,0.0,0.0,0.0,0.0,0.0,0.0,0.0,0.0,0.0,0.0,0.0,0.0,0.0,0.0,0.0,0.0,0.0,0.0,0.0,0.0,0.0,0.0,0.21640287257357352,0.0,0.0,0.0,0.0,0.0,0.0,0.0,0.0,0.0,0.0,0.0,0.0,0.0,0.0,0.0,0.0,0.0,0.0,0.0,0.0,0.0,0.0,0.27373135325402026,0.0,0.0,0.0,0.0,0.0,0.0,0.0,0.0,0.0,0.0,0.0,0.0,0.0,0.0,0.0,0.263687068293863,0.0,0.0,0.0,0.0,0.0,0.0,0.0,0.2271669754808764,0.0,0.0,0.0,0.0,0.0,0.0,0.0,0.0,0.0,0.0,0.0,0.16426406338395777,0.0,0.0,0.0,0.0,0.0,0.0,0.0,0.0,0.0,0.0,0.0,0.0,0.0,0.0,0.0,0.0,0.0,0.0,0.0,0.0,0.0,0.0,0.0,0.0,0.0,0.0,0.0,0.0,0.0,0.0,0.0,0.0,0.0,0.0,0.0,0.0,0.0,0.0,0.0,0.0,0.0,0.0,0.0,0.0,0.25482738106711716,0.0,0.0,0.0,0.0,0.2271669754808764,0.0,0.2990409299713701,0.0,0.0,0.1910932958562237,0.0,0.0,0.0,0.0,0.0,0.0,0.0,0.0,0.0,0.28532662927529795,0.0,0.0,0.0,0.0,0.0,0.0,0.0,0.0,0.0,0.0,0.0,0.0,0.0,0.0,0.0,0.0,0.0,0.0,0.0,0.0,0.0,0.0,0.0,0.0,0.0,0.0,0.0,0.0,0.0,0.0,0.0,0.0,0.0,0.263687068293863,0.0,0.0,0.0,0.0,0.0,0.0,0.0,0.0,0.0,0.0,0.1779783640800299,0.0,0.0,0.0,0.0,0.0,0.0,0.0,0.0,0.0,0.0,0.0,0.0,0.0,0.0,0.0,0.0,0.0,0.0,0.0,0.0,0.0,0.0,0.30969848304699693,0.0,0.0,0.2115482591042473,0.0,0.0
Scott Pilgrim — Bryan Lee O'Malley,Fantasía/Comedia,Blink-182 — Pop Punk,"Romance, videojuegos, humor y caos adolescente.",Blink-182,Pop Punk,Scott Pilgrim,blink 182,scott pilgrim,Blink-182,Pop Punk,US,15.480780638496439,False,False,False,False,False,False,False,False,False,False,False,False,False,False,False,False,False,True,False,False,False,False,False,False,0,1,0,0,0,1,0,0,0,0,0,0,0,0,0,1,0,0,0,0,0,0,0,0,0,0,0,1,0,0,Scott Pilgrim,Distopia juvenil,2000.0,False,False,False,True,False,False,False,False,False,False,False,False,False,False,False,0.0,0.0,0.0,0.0,0.0,0.0,0.0,0.0,0.0,0.0,0.0,0.0,0.0,0.0,0.0,0.0,0.0,0.0,0.0,0.0,0.0,0.0,0.0,0.0,0.0,0.0,0.0,0.0,0.0,0.0,0.0,0.0,0.0,0.0,0.0,0.0,0.0,0.0,0.0,0.0,0.0,0.0,0.0,0.0,0.0,0.0,0.0,0.0,0.0,0.0,0.0,0.0,0.0,0.0,0.0,0.0,0.0,0.0,0.0,0.0,0.0,0.0,0.0,0.0,0.0,0.0,0.0,0.0,0.0,0.0,0.0,0.0,0.0,0.0,0.0,0.0,0.0,0.0,0.0,0.0,0.0,0.0,0.0,0.0,0.0,0.0,0.0,0.0,0.0,0.0,0.0,0.0,0.0,0.0,0.0,0.0,0.0,0.0,0.0,0.0,0.0,0.0,0.0,0.0,0.0,0.0,0.0,0.0,0.0,0.0,0.0,0.0,0.6198038892753922,0.0,0.0,0.0,0.0,0.0,0.0,0.0,0.0,0.0,0.0,0.0,0.0,0.0,0.29365807491883683,0.0,0.0,0.0,0.0,0.0,0.0,0.0,0.0,0.0,0.0,0.0,0.0,0.0,0.0,0.0,0.0,0.0,0.0,0.0,0.0,0.0,0.0,0.0,0.0,0.0,0.0,0.0,0.0,0.0,0.0,0.0,0.0,0.0,0.0,0.42468733432373057,0.0,0.0,0.0,0.0,0.0,0.0,0.0,0.0,0.0,0.0,0.0,0.0,0.0,0.0,0.0,0.0,0.0,0.0,0.0,0.0,0.0,0.0,0.0,0.0,0.0,0.0,0.3191696386707045,0.0,0.0,0.0,0.0,0.0,0.0,0.0,0.0,0.0,0.0,0.0,0.27974335104096876,0.0,0.0,0.0,0.0,0.0,0.0,0.0,0.0,0.0,0.0,0.0,0.0,0.0,0.0,0.0,0.0,0.0,0.0,0.0,0.0,0.0,0.0,0.0,0.0,0.0,0.0,0.0,0.0,0.0,0.0,0.0,0.0,0.0,0.0,0.0,0.0,0.0,0.0,0.0,0.0,0.301441202868179,0.0,0.0,0.0,0.0,0.0,0.0,0.0,0.0,0.0,0.0,0.0,0.0,0.0,0.0,0.0,0.0,0.0,0.0,0.0,0.0,0.0,0.0,0.0,0.0,0.0,0.0,0.0,0.0,0.0,0.0,0.0,0.0,0.0,0.0,0.0,0.0,0.0,0.0,0.0,0.0,0.0,0.0,0.0,0.0,0.0,0.0,0.0,0.0,0.0,0.0,0.0,0.0,0.0,0.0,0.0,0.0,0.27974335104096876,0.0
Las ventajas de ser invisible — Stephen Chbosky,Coming-of-Age,The Wonder Years — Pop Punk,"Adolescencia, amistad, nostalgia y crecimiento.",The Wonder Years,Pop Punk,Las ventajas de ser invisible,the wonder years,las ventajas de ser invisible,The Wonder Years,Pop Punk,US,11.814931951376826,False,False,False,False,False,False,False,False,False,False,False,False,False,False,False,False,False,True,False,False,False,False,False,False,0,0,0,0,0,1,0,0,0,0,0,0,0,0,0,0,0,0,1,0,0,0,0,0,0,0,1,0,0,0,Las ventajas de ser invisible,Romance juvenil / coming-of-age,2010.0,False,False,False,False,False,False,False,False,False,False,False,False,False,True,False,,,,,,,,,,,,,,,,,,,,,,,,,,,,,,,,,,,,,,,,,,,,,,,,,,,,,,,,,,,,,,,,,,,,,,,,,,,,,,,,,,,,,,,,,,,,,,,,,,,,,,,,,,,,,,,,,,,,,,,,,,,,,,,,,,,,,,,,,,,,,,,,,,,,,,,,,,,,,,,,,,,,,,,,,,,,,,,,,,,,,,,,,,,,,,,,,,,,,,,,,,,,,,,,,,,,,,,,,,,,,,,,,,,,,,,,,,,,,,,,,,,,,,,,,,,,,,,,,,,,,,,,,,,,,,,,,,,,,,,,,,,,,,,,,,,,,,,,,,,,
Heartstopper — Alice Oseman,Romance Juvenil,Neck Deep — Pop Punk,"Amor adolescente, amistad y vulnerabilidad.",Neck Deep,Pop Punk,Heartstopper,neck deep,heartstopper,Neck Deep,Pop Punk,GB,13.0710890302057,False,False,False,False,False,False,False,False,False,False,False,False,False,False,False,False,False,True,False,False,False,False,False,False,0,1,0,0,0,1,0,0,0,0,0,0,0,0,0,0,0,0,0,0,0,0,0,0,0,0,0,1,0,0,Heartstopper,Romance juvenil / coming-of-age,2010.0,False,False,False,False,False,False,False,False,False,False,False,False,False,True,False,0.0,0.0,0.0,0.0,0.0,0.0,0.0,0.0,0.0,0.0,0.0,0.0,0.0,0.0,0.0,0.0,0.0,0.0,0.0,0.0,0.0,0.0,0.4979358371549292,0.0,0.0,0.0,0.0,0.0,0.0,0.0,0.0,0.0,0.0,0.0,0.0,0.0,0.0,0.0,0.0,0.0,0.0,0.0,0.0,0.0,0.0,0.0,0.0,0.0,0.0,0.0,0.0,0.0,0.21804513135713136,0.0,0.0,0.0,0.0,0.0,0.0,0.0,0.0,0.0,0.0,0.0,0.0,0.0,0.0,0.2489679185774646,0.0,0.0,0.0,0.0,0.0,0.0,0.0,0.0,0.0,0.0,0.0,0.0,0.0,0.0,0.0,0.0,0.0,0.0,0.0,0.0,0.0,0.0,0.0,0.0,0.0,0.0,0.0,0.0,0.0,0.0,0.0,0.0,0.0,0.0,0.0,0.0,0.0,0.0,0.0,0.5190284281353253,0.0,0.0,0.0,0.0,0.0,0.0,0.0,0.0,0.0,0.0,0.0,0.0,0.0,0.0,0.0,0.0,0.0,0.0,0.0,0.0,0.0,0.0,0.0,0.0,0.0,0.0,0.0,0.0,0.0,0.0,0.0,0.0,0.0,0.0,0.0,0.0,0.0,0.0,0.0,0.0,0.0,0.0,0.0,0.0,0.0,0.0,0.0,0.0,0.0,0.0,0.0,0.0,0.0,0.0,0.0,0.0,0.0,0.0,0.0,0.0,0.0,0.0,0.3687042149895864,0.0,0.0,0.0,0.0,0.0,0.0,0.0,0.0,0.0,0.2595142140676627,0.0,0.0,0.0,0.0,0.0,0.0,0.0,0.0,0.0,0.0,0.0,0.0,0.0,0.0,0.0,0.0,0.0,0.0,0.0,0.0,0.0,0.0,0.0,0.0,0.0,0.0,0.0,0.0,0.0,0.0,0.0,0.0,0.0,0.0,0.0,0.0,0.0,0.0,0.0,0.0,0.0,0.0,0.0,0.0,0.0,0.0,0.0,0.0,0.0,0.0,0.0,0.0,0.0,0.0,0.0,0.0,0.0,0.0,0.0,0.0,0.2120922046897305,0.0,0.0,0.0,0.0,0.0,0.0,0.0,0.0,0.0,0.23983230188466784,0.0,0.0,0.0,0.0,0.0,0.0,0.0,0.0,0.0,0.0,0.0,0.0,0.0,0.0,0.0,0.0,0.0,0.0,0.0,0.0,0.0,0.0,0.0,0.0,0.0,0.0,0.0,0.0,0.0,0.0,0.0,0.0,0.0,0.2595142140676627,0.0,0.0,0.0,0.0,0.0,0.0,0.0,0.0,0.0,0.0,0.0,0.0,0.0,0.0
A todos los chicos de los que me enamoré — Jenny Han,Romance Juvenil,Simple Plan — Pop Punk,"Romance adolescente, inseguridades y energía dosmilera.",Simple Plan,Pop Punk,A todos los chicos de los que me enamoré,simple plan,a todos los chicos de los que me enamore,Simple Plan,Pop Punk,CA,13.564231129070881,False,False,False,False,False,False,False,False,False,False,False,False,False,False,False,False,False,True,False,False,False,False,False,False,0,1,0,0,0,1,0,0,0,0,0,0,0,0,0,0,0,0,0,0,0,0,0,0,0,0,0,0,0,0,A todos los chicos de los que me enamoré,Romance juvenil / coming-of-age,2010.0,False,False,False,False,False,False,False,False,False,False,False,False,False,True,False,,,,,,,,,,,,,,,,,,,,,,,,,,,,,,,,,,,,,,,,,,,,,,,,,,,,,,,,,,,,,,,,,,,,,,,,,,,,,,,,,,,,,,,,,,,,,,,,,,,,,,,,,,,,,,,,,,,,,,,,,,,,,,,,,,,,,,,,,,,,,,,,,,,,,,,,,,,,,,,,,,,,,,,,,,,,,,,,,,,,,,,,,,,,,,,,,,,,,,,,,,,,,,,,,,,,,,,,,,,,,,,,,,,,,,,,,,,,,,,,,,,,,,,,,,,,,,,,,,,,,,,,,,,,,,,,,,,,,,,,,,,,,,,,,,,,,,,,,,,,
Eleanor & Park — Rainbow Rowell,Romance/Coming-of-Age,Mayday Parade — Emo/Pop Punk,"Primer amor, vulnerabilidad y melancolía.",Mayday Parade,Emo/Pop Punk,Eleanor & Park,mayday parade,eleanor park,Mayday Parade,Pop Punk,US,12.304944656294797,False,False,False,False,False,False,False,False,False,False,False,False,False,False,False,False,False,True,False,False,False,False,False,False,0,1,0,0,0,1,0,0,0,0,0,0,0,0,0,0,0,0,1,0,0,0,0,0,0,0,1,0,1,0,Eleanor & Park,Romance juvenil / coming-of-age,2010.0,False,False,False,False,False,False,False,False,False,False,False,False,False,True,False,0.0,0.0,0.0,0.0,0.0,0.0,0.0,0.0,0.0,0.0,0.0,0.0,0.0,0.0,0.0,0.0,0.0,0.0,0.0,0.0,0.0,0.0,0.0,0.0,0.0,0.0,0.0,0.0,0.0,0.0,0.0,0.0,0.0,0.0,0.0,0.0,0.0,0.0,0.0,0.0,0.0,0.21524863396424032,0.0,0.0,0.0,0.0,0.0,0.0,0.0,0.0,0.0,0.0,0.0,0.0,0.0,0.0,0.0,0.0,0.0,0.0,0.0,0.0,0.21524863396424032,0.0,0.0,0.0,0.0,0.0,0.0,0.0,0.0,0.0,0.0,0.0,0.0,0.0,0.0,0.0,0.0,0.0,0.0,0.0,0.0,0.0,0.0,0.0,0.0,0.0,0.0,0.200383496517041,0.0,0.0,0.0,0.0,0.0,0.0,0.0,0.0,0.0,0.0,0.0,0.0,0.0,0.0,0.0,0.0,0.0,0.0,0.0,0.0,0.0,0.0,0.0,0.0,0.0,0.20735031106070698,0.0,0.0,0.0,0.0,0.23515081816733063,0.0,0.0,0.0,0.0,0.0,0.0,0.0,0.0,0.0,0.0,0.0,0.0,0.0,0.0,0.0,0.0,0.0,0.0,0.0,0.15938414689495986,0.0,0.0,0.0,0.0,0.0,0.0,0.22436657859991452,0.0,0.0,0.1833672289778334,0.0,0.0,0.0,0.0,0.0,0.0,0.0,0.0,0.0,0.0,0.0,0.0,0.0,0.0,0.0,0.0,0.0,0.0,0.0,0.4781524406848796,0.0,0.0,0.0,0.0,0.1833672289778334,0.23515081816733063,0.0,0.0,0.0,0.0,0.0,0.0,0.0,0.0,0.0,0.0,0.0,0.0,0.0,0.0,0.0,0.0,0.0,0.0,0.0,0.0,0.0,0.0,0.0,0.0,0.0,0.0,0.0,0.0,0.0,0.0,0.0,0.0,0.0,0.0,0.17863273816744837,0.0,0.0,0.0,0.0,0.0,0.0,0.0,0.0,0.0,0.0,0.0,0.0,0.0,0.0,0.0,0.0,0.0,0.23515081816733063,0.0,0.0,0.0,0.0,0.0,0.0,0.0,0.0,0.0,0.0,0.0,0.1833672289778334,0.0,0.0,0.0,0.0,0.0,0.1833672289778334,0.0,0.0,0.0,0.0,0.0,0.0,0.0,0.0,0.0,0.16276504183126264,0.0,0.0,0.0,0.0,0.0,0.0,0.0,0.0,0.0,0.0,0.0,0.0,0.0,0.0,0.0,0.0,0.0,0.0,0.0,0.0,0.0,0.0,0.0,0.0,0.22436657859991452,0.0,0.0,0.0,0.0,0.0,0.0,0.0,0.0,0.0,0.0,0.0,0.0,0.0,0.0,0.3327019228772517,0.0,0.0
Carry On — Rainbow Rowell,Fantasy Romance,Fall Out Boy — Pop Punk/Alternative,"Magia, romance, humor y protagonistas adolescentes.",Fall Out Boy,Pop Punk/Alternative,Carry On,fall out boy,carry on,Fall Out Boy,Pop Punk,US,14.03167058111074,False,False,False,False,False,False,False,False,False,False,False,False,False,False,False,False,False,True,False,False,False,False,False,False,0,1,0,0,0,1,0,0,0,0,0,0,0,0,0,1,0,0,0,0,0,0,0,0,0,0,1,0,0,0,Carry On,Romantasy (fantasia romantica),2010.0,False,False,False,False,False,False,False,False,False,False,False,False,False,False,True,0.0,0.0,0.0,0.0,0.0,0.0,0.0,0.0,0.0,0.0,0.0,0.0,0.0,0.0,0.0,0.0,0.0,0.0,0.0,0.0,0.0,0.0,0.0,0.0,0.0,0.0,0.0,0.0,0.0,0.0,0.0,0.0,0.0,0.0,0.0,0.0,0.0,0.0,0.0,0.0,0.0,0.0,0.0,0.0,0.0,0.0,0.0,0.0,0.0,0.0,0.0,0.0,0.23086259185057134,0.0,0.0,0.0,0.0,0.0,0.0,0.0,0.0,0.0,0.0,0.0,0.0,0.0,0.0,0.0,0.0,0.0,0.0,0.0,0.0,0.0,0.0,0.0,0.0,0.0,0.0,0.0,0.0,0.0,0.0,0.0,0.0,0.0,0.0,0.0,0.24539861547046002,0.0,0.2747693732431744,0.0,0.0,0.0,0.0,0.0,0.0,0.0,0.0,0.0,0.0,0.0,0.0,0.0,0.0,0.0,0.0,0.0,0.0,0.0,0.0,0.0,0.0,0.0,0.0,0.0,0.0,0.0,0.5495387464863488,0.0,0.0,0.0,0.0,0.0,0.28797623660639854,0.0,0.0,0.0,0.0,0.0,0.0,0.0,0.0,0.0,0.0,0.0,0.0,0.0,0.0,0.0,0.0,0.0,0.0,0.0,0.0,0.0,0.0,0.0,0.0,0.0,0.0,0.0,0.0,0.0,0.0,0.0,0.0,0.0,0.0,0.0,0.0,0.0,0.0,0.0,0.0,0.0,0.0,0.0,0.0,0.0,0.0,0.0,0.1993293689682004,0.0,0.23086259185057134,0.0,0.0,0.0,0.0,0.0,0.0,0.0,0.0,0.0,0.0,0.0,0.0,0.0,0.0,0.0,0.0,0.0,0.0,0.0,0.0,0.0,0.0,0.0,0.0,0.0,0.0,0.0,0.0,0.0,0.0,0.0,0.0,0.0,0.0,0.0,0.0,0.0,0.0,0.0,0.0,0.0,0.0,0.0,0.0,0.0,0.0,0.0,0.0,0.0,0.0,0.0,0.0,0.0,0.0,0.0,0.0,0.0,0.0,0.0,0.0,0.28797623660639854,0.0,0.0,0.0,0.0,0.0,0.22455973119517064,0.0,0.0,0.0,0.0,0.0,0.0,0.0,0.0,0.0,0.0,0.0,0.0,0.0,0.0,0.0,0.0,0.0,0.0,0.0,0.0,0.0,0.0,0.0,0.0,0.0,0.0,0.0,0.0,0.0,0.17139305810090077,0.0,0.0,0.0,0.0,0.0,0.2747693732431744,0.0,0.0,0.0,0.0,0.0,0.0,0.0,0.0,0.0,0.0,0.0,0.0,0.0,0.0,0.0,0.23086259185057134,0.0,0.0,0.0,0.20372084691988127,0.0,0.0
Ninth House — Leigh Bardugo,Dark Academia,Deftones — Alternative Metal,"Magia prohibida, sociedades secretas y oscuridad.",Deftones,Alternative Metal,Ninth House,deftones,ninth house,Deftones,Alternative Metal,US,13.448275768884846,True,False,False,False,False,False,False,False,False,False,False,False,False,False,False,False,False,False,False,False,False,False,False,False,1,1,1,1,0,0,0,0,0,0,0,0,0,0,0,0,1,0,0,0,0,0,0,0,0,0,0,0,0,0,Ninth House,Dark Academia,2010.0,False,False,True,False,False,False,False,False,False,False,False,False,False,False,False,0.0,0.0,0.7203170019217362,0.0,0.0,0.0,0.0,0.15607757451590545,0.0,0.0,0.1452988087933324,0.0,0.0,0.0,0.0,0.0,0.0,0.0,0.0,0.0,0.0,0.0,0.0,0.0,0.0,0.0,0.0,0.0,0.16268902963688323,0.0,0.0,0.0,0.0,0.0,0.0,0.0,0.0,0.0,0.0,0.0,0.0,0.0,0.0,0.0,0.0,0.0,0.0,0.0,0.0,0.0,0.0,0.0,0.0,0.0,0.0,0.14077994243753436,0.0,0.0,0.0,0.0,0.0,0.0,0.0,0.0,0.0,0.0,0.0,0.0,0.0,0.0,0.0,0.0,0.0,0.0,0.0,0.0,0.0,0.15607757451590545,0.0,0.0,0.1452988087933324,0.0,0.0,0.0,0.0,0.0,0.0,0.0,0.0,0.1452988087933324,0.0,0.0,0.0,0.0,0.0,0.0,0.0,0.0,0.0,0.0,0.0,0.0,0.0,0.0,0.0,0.0,0.0,0.0,0.13669213058321916,0.0,0.0,0.0,0.0,0.0,0.0,0.0,0.0,0.0,0.0,0.0,0.0,0.0,0.0,0.0,0.0,0.0,0.12952725408209562,0.0,0.0,0.0,0.0,0.0,0.0,0.0,0.15607757451590545,0.0,0.0,0.0,0.0,0.0,0.0,0.0,0.0,0.0,0.0,0.0,0.0,0.0,0.0,0.12952725408209562,0.0,0.0,0.0,0.0,0.0,0.0,0.0,0.0,0.0,0.0,0.0,0.09366094270283795,0.0,0.0,0.0,0.0,0.0,0.0,0.0,0.0,0.0,0.0,0.0,0.0,0.0,0.0,0.0,0.0,0.0,0.0,0.0,0.0,0.0,0.0,0.0,0.0,0.12952725408209562,0.0,0.0,0.0,0.0,0.0,0.09089291380699735,0.0,0.0,0.0,0.0,0.0,0.0,0.0,0.0,0.0,0.0,0.0,0.0,0.0,0.0,0.0,0.0,0.0,0.0,0.0,0.0,0.17050872132867992,0.0,0.0,0.0,0.12634879562475992,0.0,0.0,0.0,0.0,0.0,0.0,0.16268902963688323,0.0,0.0,0.0,0.0,0.0,0.0,0.0,0.0,0.16268902963688323,0.0,0.0,0.0,0.0,0.0,0.0,0.0,0.13296025074573764,0.12338972159398352,0.13669213058321916,0.0,0.0,0.0,0.0,0.0,0.1503504715892885,0.0,0.0,0.0,0.0,0.0,0.0,0.0,0.0,0.0,0.0,0.0,0.0,0.0,0.0,0.0,0.0,0.0,0.0,0.0,0.0,0.0,0.0,0.0,0.0,0.0,0.0,0.0,0.0,0.0,0.0,0.18007925048043405,0.0,0.0,0.0,0.0,0.0,0.0,0.0,0.0,0.0,0.0,0.0,0.0,0.0,0.08829275033827465,0.0,0.0,0.0,0.0,0.0
Gideon the Ninth — Tamsyn Muir,Dark Fantasy/Sci-Fi,Bring Me The Horizon — Metalcore,"Necromancia, espadas, humor negro y muerte.",Bring Me The Horizon,Metalcore,Gideon the Ninth,bring me the horizon,gideon the ninth,Bring Me The Horizon,Metalcore,GB,13.146726179515642,False,False,False,False,False,False,False,False,False,False,False,False,False,False,True,False,False,False,False,False,False,False,False,False,0,1,0,1,0,0,0,0,0,0,0,0,0,1,0,1,0,0,0,0,0,0,0,0,1,0,0,0,0,0,Gideon the Ninth,Fantasia oscura / gotica,2010.0,False,False,False,False,False,False,False,True,False,False,False,False,False,False,False,0.13937398211840588,0.0,0.0,0.0,0.0,0.1033353366156625,0.0,0.0,0.0,0.0,0.0,0.0,0.0,0.0,0.0,0.0,0.0,0.0,0.0,0.0,0.0,0.0,0.0,0.0,0.0,0.0,0.0,0.0,0.0,0.0,0.0,0.1244759626619379,0.13371001799086465,0.0,0.0,0.0,0.0,0.0,0.0,0.0,0.0,0.13371001799086465,0.0,0.0,0.0,0.0,0.0,0.0,0.1288036690952682,0.0,0.0,0.1288036690952682,0.0,0.0,0.0,0.1206046973401508,0.13371001799086465,0.0,0.0,0.0,0.0,0.0,0.0,0.0,0.0,0.13937398211840588,0.0,0.0,0.0,0.0,0.0,0.0,0.0,0.0,0.0,0.0,0.0,0.0,0.0,0.0,0.0,0.0,0.0,0.0,0.0,0.0,0.11710271188017009,0.0,0.0,0.0,0.0,0.0,0.0,0.0,0.10110780389508789,0.0,0.0,0.0,0.0,0.0,0.0,0.0,0.0,0.0,0.14607302981975648,0.0,0.0,0.0,0.0,0.0,0.0,0.0,0.0,0.0,0.0,0.0,0.0,0.0,0.0,0.0,0.0,0.11096463747172955,0.0,0.0,0.0,0.0,0.0,0.0,0.0,0.0,0.22781129927760038,0.0,0.0,0.0,0.0,0.13937398211840588,0.0,0.0,0.0,0.0,0.0,0.0,0.0,0.0,0.0,0.0,0.0,0.0,0.0,0.0,0.0,0.0,0.0,0.0,0.0,0.0,0.0,0.13371001799086465,0.0,0.0,0.0,0.08023834540407712,0.0,0.0,0.0,0.0,0.0,0.0,0.0,0.0,0.0,0.0,0.0,0.0,0.0,0.0,0.0,0.0,0.0,0.0,0.0,0.0,0.0,0.0,0.0,0.0,0.0,0.0,0.0,0.0,0.0,0.0,0.0,0.0,0.6593692583920463,0.0,0.0,0.0,0.0,0.0,0.0,0.0,0.0,0.0,0.0,0.0,0.0,0.0,0.0,0.0,0.0,0.0,0.0,0.0,0.0,0.0,0.0,0.108241685511259,0.0,0.0,0.0,0.0,0.0,0.0,0.0,0.0,0.0,0.0,0.0,0.0,0.0,0.0,0.0,0.0,0.0,0.0,0.0,0.0,0.0,0.0,0.0,0.0,0.0,0.0,0.0,0.0,0.0,0.11390564963880019,0.0,0.0,0.0,0.0,0.0,0.0,0.0,0.0,0.0,0.0,0.0,0.0,0.0,0.43821908945926946,0.0,0.0,0.0,0.0,0.0,0.0,0.0,0.0,0.0,0.08693739310542772,0.0,0.0,0.0,0.0,0.0,0.0,0.0,0.0,0.0,0.0,0.0,0.0,0.0,0.0,0.0,0.0,0.14607302981975648,0.0,0.0,0.0,0.0,0.0,0.0,0.0,0.0,0.0,0.0,0.0
The Locked Tomb — Tamsyn Muir,Dark Fantasy,Spiritbox — Metalcore,"Oscuridad, relaciones intensas, fantasmas y mundos extraños.",Spiritbox,Metalcore,The Locked Tomb,spiritbox,the locked tomb,Spiritbox,Metalcore,CA,11.782708297534178,False,False,False,False,False,False,False,False,False,False,False,False,False,False,True,False,False,False,False,False,False,False,False,False,0,0,0,0,0,0,0,1,0,0,0,0,0,1,0,0,0,0,0,0,0,0,0,0,0,1,0,0,0,0,The Locked Tomb,Fantasia oscura / gotica,2000.0,False,False,False,False,False,False,False,True,False,False,False,False,False,False,False,0.0,0.15839564272039336,0.0,0.0,0.0,0.2714300092773749,0.0,0.0,0.6494847616414575,0.0,0.0,0.0,0.0,0.0,0.0,0.0,0.0,0.0,0.0,0.0,0.0,0.0,0.0,0.0,0.0,0.0,0.0,0.0,0.0,0.0,0.0,0.0,0.0,0.0,0.0,0.0,0.0,0.0,0.0,0.0,0.0,0.0,0.0,0.0,0.0,0.0,0.0,0.0,0.0,0.0,0.0,0.0,0.0,0.0,0.0,0.15839564272039336,0.0,0.145734912977711,0.0,0.0,0.0,0.191844363882109,0.0,0.0,0.0,0.0,0.0,0.0,0.0,0.0,0.0,0.0,0.0,0.0,0.0,0.0,0.0,0.0,0.0,0.0,0.0,0.0,0.0,0.0,0.0,0.0,0.0,0.0,0.0,0.0,0.0,0.0,0.0,0.0,0.0,0.0,0.0,0.0,0.0,0.0,0.0,0.0,0.0,0.0,0.0,0.0,0.0,0.0,0.0,0.0,0.0,0.0,0.0,0.0,0.0,0.0,0.0,0.0,0.0,0.0,0.0,0.0,0.0,0.0,0.0,0.0,0.0,0.0,0.0,0.0,0.0,0.0,0.0,0.0,0.0,0.0,0.0,0.0,0.0,0.0,0.0,0.0,0.0,0.1421587361339596,0.0,0.18304619938543687,0.0,0.0,0.0,0.0,0.0,0.0,0.0,0.0,0.0,0.0,0.0,0.0,0.0,0.0,0.0,0.0,0.0,0.0,0.0,0.0,0.0,0.0,0.145734912977711,0.0,0.0,0.0,0.0,0.0,0.0,0.0,0.0,0.0,0.191844363882109,0.0,0.0,0.0,0.0,0.0,0.0,0.0,0.0,0.0,0.0,0.0,0.0,0.0,0.0,0.0,0.0,0.0,0.0,0.0,0.0,0.0,0.0,0.0,0.0,0.0,0.0,0.0,0.0,0.0,0.0,0.0,0.0,0.0,0.0,0.0,0.0,0.191844363882109,0.0,0.0,0.0,0.0,0.0,0.0,0.0,0.0,0.0,0.0,0.0,0.0,0.0,0.0,0.0,0.0,0.0,0.0,0.0,0.0,0.432989841094305,0.0,0.0,0.0,0.0,0.0,0.0,0.0,0.0,0.0,0.0,0.0,0.16347995180875505,0.0,0.0,0.0,0.0,0.0,0.0,0.0,0.0,0.0,0.0,0.0,0.0,0.0,0.0,0.0,0.0,0.0,0.0,0.0,0.0,0.0,0.0,0.0,0.0,0.0,0.0,0.0,0.0,0.0,0.0,0.0,0.0,0.0,0.0,0.0,0.0,0.0,0.0,0.0,0.0,0.0,0.0,0.0,0.18304619938543687,0.0,0.0,0.0,0.0,0.0,0.0,0.0
Mexican Gothic — Silvia Moreno-García,Horror Gótico,Deftones — Alternative Metal,"Casa maldita, decadencia, horror y atmósfera opresiva.",Deftones,Alternative Metal,Mexican Gothic,deftones,mexican gothic,Deftones,Alternative Metal,US,13.448275768884846,True,False,False,False,False,False,False,False,False,False,False,False,False,False,False,False,False,False,False,False,False,False,False,False,1,1,1,1,0,0,0,0,0,0,0,0,0,0,0,0,1,0,0,0,0,0,0,0,0,0,0,0,0,0,Mexican Gothic,Fantasia oscura / gotica,2020.0,False,False,False,False,False,False,False,True,False,False,False,False,False,False,False,0.0,0.0,0.0,0.0,0.0,0.09198984493226142,0.0,0.0,0.0,0.0,0.0,0.0,0.0,0.0,0.08813729016491127,0.0,0.0,0.0,0.0,0.1300352406252124,0.0,0.0,0.0,0.0,0.0,0.0,0.0,0.0,0.0,0.0,0.0,0.0,0.0,0.0,0.0,0.0,0.0,0.11466193399890798,0.0,0.0,0.0,0.0,0.0,0.1300352406252124,0.0,0.0,0.0,0.0,0.0,0.09000687960541176,0.0,0.0,0.0,0.0,0.0,0.0,0.0,0.0,0.0,0.0,0.0,0.0,0.0,0.0,0.0,0.0,0.0,0.0,0.2600704812504248,0.0,0.0,0.0,0.12407170114855617,0.0,0.12407170114855617,0.0,0.0,0.0,0.0,0.10424565942112957,0.0,0.0,0.0,0.0,0.1300352406252124,0.0,0.0,0.0,0.0,0.0,0.0,0.0,0.0,0.0,0.0,0.0,0.0,0.09878150232339632,0.0,0.0,0.0,0.0,0.0,0.0,0.0,0.0,0.0,0.0,0.0,0.0,0.0,0.0,0.0,0.0,0.12407170114855617,0.0,0.0,0.0,0.0,0.0,0.0,0.0,0.0,0.09878150232339632,0.0,0.0,0.296344506970189,0.0,0.0,0.0,0.3041988362457288,0.0,0.0,0.27466804613110907,0.0,0.0,0.12407170114855617,0.0,0.0,0.0,0.0,0.0,0.0,0.0,0.0,0.0,0.0,0.0,0.13733402306555453,0.0,0.10139961208190962,0.0,0.0,0.0,0.0,0.0,0.1300352406252124,0.0,0.0,0.0,0.0,0.0,0.0,0.0,0.0,0.0,0.0,0.0,0.0,0.0,0.0,0.0,0.0,0.0,0.0,0.0,0.0,0.0,0.0,0.0,0.0,0.0,0.0,0.0,0.0,0.0,0.09878150232339632,0.0,0.0,0.0,0.0,0.0,0.06931775586561485,0.0,0.0,0.0,0.0,0.0,0.0,0.0,0.0,0.0,0.0,0.0,0.0,0.0,0.11080937923155783,0.0,0.0,0.0,0.0,0.296344506970189,0.0,0.0,0.0,0.0,0.0,0.0,0.0,0.0,0.0,0.0,0.0,0.0,0.0,0.0,0.0,0.0,0.0,0.1300352406252124,0.0,0.0,0.0,0.0,0.0,0.0,0.0,0.0,0.0,0.0,0.09635751129762249,0.0,0.0,0.0,0.24814340229711235,0.0,0.0,0.10139961208190962,0.0,0.34398580199672396,0.0,0.11466193399890798,0.0,0.0,0.0,0.0,0.11902960036426903,0.0,0.0,0.0,0.0,0.0,0.0,0.0,0.0,0.0,0.23805920072853806,0.0,0.0,0.0,0.0,0.0,0.0,0.0,0.0,0.0,0.0,0.0,0.0,0.0,0.0,0.12407170114855617,0.12407170114855617,0.0,0.0,0.0,0.0,0.0,0.0,0.0,0.0,0.0,0.0,0.0,0.0673347905387652,0.0,0.0,0.0,0.0,0.0
Gods of Jade and Shadow — Silvia Moreno-García,Fantasía/Mitología,Florence + The Machine — Indie Rock,"Dioses, viaje, folklore mexicano y magia.",Florence + The Machine,Indie Rock,Gods of Jade and Shadow,florence the machine,gods of jade and shadow,Florence + The Machine,Alternative Rock,GB,,False,True,False,False,False,False,False,False,False,False,False,False,False,False,False,False,False,False,False,False,False,False,False,False,0,1,0,0,0,0,0,0,0,0,0,0,0,0,0,0,0,0,0,0,0,0,0,0,0,0,0,0,1,0,Gods of Jade and Shadow,Mitologia (nordica / celta / griega),2010.0,False,False,False,False,False,False,False,False,False,False,False,True,False,False,False,0.0,0.14392401139415292,0.0,0.0,0.0,0.0,0.0,0.0,0.0,0.0,0.0,0.0,0.0,0.0,0.11815108042003436,0.0,0.0,0.0,0.0,0.0,0.0,0.0,0.0,0.0,0.15956328880419987,0.0,0.0,0.0,0.0,0.0,0.0,0.0,0.0,0.0,0.0,0.0,0.14854379857135758,0.0,0.18410099939838018,0.0,0.0,0.0,0.0,0.0,0.0,0.0,0.0,0.0,0.0,0.0,0.16632239898486886,0.0,0.13974490555200736,0.0,0.0,0.0,0.0,0.26484002862320494,0.0,0.0,0.16632239898486886,0.0,0.0,0.0,0.0,0.0,0.0,0.0,0.0,0.0,0.0,0.0,0.0,0.0,0.3326447979697377,0.0,0.0,0.0,0.0,0.0,0.0,0.0,0.0,0.0,0.0,0.0,0.0,0.0,0.0,0.0,0.0,0.0,0.15956328880419987,0.0,0.0,0.15370828124705696,0.0,0.0,0.0,0.0,0.0,0.0,0.1261454109806416,0.0,0.0,0.0,0.0,0.0,0.0,0.0,0.0,0.0,0.0,0.4456313957140728,0.0,0.0,0.0,0.0,0.0,0.0,0.0,0.0,0.0,0.13242001431160247,0.0,0.0,0.0,0.0,0.0,0.0,0.13592968083354565,0.0,0.0,0.0,0.0,0.0,0.0,0.0,0.0,0.13974490555200736,0.0,0.0,0.16632239898486886,0.0,0.0,0.0,0.0,0.0,0.0,0.0,0.0,0.0,0.0,0.0,0.0,0.0,0.0,0.0,0.0,0.0,0.0,0.3830107713172736,0.0,0.0,0.0,0.0,0.0,0.0,0.0,0.0,0.0,0.0,0.0,0.0,0.13974490555200736,0.0,0.0,0.0,0.0,0.0,0.0,0.0,0.0,0.0,0.0,0.0,0.0,0.0,0.0,0.0,0.0,0.0,0.09292284494441054,0.0,0.0,0.0,0.0,0.0,0.0,0.0,0.0,0.0,0.0,0.0,0.0,0.0,0.0,0.0,0.0,0.0,0.0,0.0,0.0,0.0,0.0,0.0,0.0,0.0,0.0,0.0,0.0,0.0,0.0,0.0,0.0,0.0,0.0,0.0,0.0,0.0,0.0,0.0,0.0,0.0,0.0,0.0,0.0,0.0,0.0,0.0,0.0,0.0,0.0,0.0,0.0,0.0,0.0,0.0,0.0,0.0,0.0,0.0,0.0,0.0,0.0,0.0,0.0,0.0,0.0,0.0,0.0,0.0,0.15370828124705696,0.0,0.0,0.0,0.0,0.0,0.0,0.0,0.17431672954547614,0.0,0.0,0.0,0.0,0.14392401139415292,0.0,0.0,0.0,0.0,0.0,0.0,0.0,0.0,0.0,0.0,0.0,0.0,0.0,0.0,0.13592968083354565,0.0,0.0,0.0,0.0,0.0,0.0,0.0,0.0,0.11578037205768445
The Hazel Wood — Melissa Albert,Dark Fantasy,The Pretty Reckless — Alternative Rock,"Cuentos oscuros, familia, misterio y peligro.",The Pretty Reckless,Alternative Rock,The Hazel Wood,the pretty reckless,the hazel wood,The Pretty Reckless,Alternative Rock,US,11.456217537881178,False,True,False,False,False,False,False,False,False,False,False,False,False,False,False,False,False,False,False,False,False,False,False,False,0,1,0,0,1,0,1,0,0,0,0,0,0,0,0,0,0,0,0,0,0,0,0,0,0,0,0,0,0,0,The Hazel Wood,Fantasia oscura / gotica,2010.0,False,False,False,False,False,False,False,True,False,False,False,False,False,False,False,0.0,0.0,0.0,0.48007804581451097,0.0,0.0,0.0,0.0,0.0,0.0,0.0,0.0,0.0,0.0,0.0,0.0,0.0,0.0,0.0,0.0,0.14003690026931487,0.0,0.0,0.0,0.0,0.0,0.0,0.0,0.0,0.0,0.0,0.0,0.0,0.0,0.0,0.0,0.0,0.0,0.0,0.0,0.0,0.0,0.0,0.0,0.0,0.0,0.0,0.0,0.0,0.15731836112527692,0.0,0.0,0.0,0.0,0.0,0.0,0.0,0.0,0.0,0.0,0.0,0.0,0.0,0.0,0.0,0.0,0.0,0.0,0.0,0.0,0.0,0.0,0.0,0.0,0.0,0.0,0.0,0.0,0.0,0.0,0.0,0.0,0.0,0.0,0.0,0.24003902290725548,0.0,0.0,0.0,0.0,0.0,0.0,0.4160913418351096,0.0,0.0,0.0,0.0,0.0,0.0,0.0,0.0,0.0,0.0,0.0,0.0,0.0,0.0,0.0,0.0,0.0,0.0,0.0,0.0,0.0,0.0,0.0,0.0,0.0,0.0,0.0,0.0,0.0,0.0,0.0,0.0,0.0,0.0,0.0,0.0,0.0,0.0,0.0,0.0,0.0,0.0,0.0,0.0,0.0,0.0,0.0,0.0,0.0,0.0,0.0,0.0,0.0,0.0,0.0,0.0,0.0,0.0,0.0,0.0,0.0,0.0,0.0,0.0,0.0,0.0,0.0,0.0,0.0,0.0,0.0,0.0,0.0,0.0,0.0,0.0,0.0,0.0,0.0,0.0,0.19367797233323747,0.0,0.0,0.0,0.0,0.0,0.0,0.0,0.0,0.0,0.0,0.0,0.2080456709175548,0.0,0.0,0.0,0.0,0.0,0.0,0.0,0.0,0.0,0.0,0.0,0.0,0.0,0.0,0.1644739642640626,0.0,0.0,0.0,0.0,0.0,0.0,0.0,0.0,0.0,0.0,0.0,0.0,0.0,0.0,0.0,0.0,0.0,0.0,0.0,0.0,0.0,0.0,0.0,0.0,0.0,0.21685849762024648,0.0,0.0,0.0,0.22728185926867142,0.0,0.0,0.0,0.0,0.0,0.0,0.0,0.0,0.0,0.0,0.0,0.0,0.0,0.0,0.0,0.0,0.0,0.0,0.0,0.0,0.0,0.0,0.0,0.0,0.0,0.0,0.0,0.0,0.0,0.0,0.0,0.0,0.45456371853734284,0.0,0.0,0.0,0.0,0.0,0.0,0.0,0.0,0.0,0.0,0.0,0.0,0.0,0.0,0.0,0.0,0.0,0.0,0.0,0.0,0.0,0.0,0.0,0.0,0.0,0.0,0.0,0.0,0.0,0.0,0.23538198281535422,0.0,0.0,0.16078428347205587,0.0,0.0
A Darker Shade of Magic — V. E. Schwab,Fantasía,Muse — Alternative Rock,"Mundos paralelos, magia, aventura y misterio.",Muse,Alternative Rock,A Darker Shade of Magic,muse,a darker shade of magic,Muse,Alternative Rock,GB,12.620117508717787,False,True,False,False,False,False,False,False,False,False,False,False,False,False,False,False,False,False,False,False,False,False,False,False,0,1,0,0,1,0,0,0,0,0,0,0,0,0,0,0,0,1,0,0,0,0,0,0,0,0,0,0,0,0,A Darker Shade of Magic,Fantasia oscura / gotica,2010.0,False,False,False,False,False,False,False,True,False,False,False,False,False,False,False,0.0,0.16961630589202484,0.0,0.0,0.0,0.0,0.0,0.0,0.0,0.0,0.0,0.0,0.0,0.0,0.0,0.0,0.0,0.0,0.09800654744695027,0.0,0.0632879654760049,0.0,0.0,0.0,0.0,0.0,0.0,0.0,0.0,0.0,0.0,0.0,0.0,0.0,0.0,0.1750607847348139,0.0,0.09057359712806538,0.0,0.0,0.10271725834444062,0.0,0.0,0.0,0.0,0.0,0.0,0.07433199786646909,0.09057359712806538,0.0,0.0,0.0,0.0,0.0,0.0,0.0,0.09402369813342416,0.0,0.0,0.0,0.0,0.0,0.0,0.0,0.0,0.0,0.0,0.0,0.0,0.0,0.0,0.0,0.0,0.0,0.0,0.0,0.0,0.0,0.0,0.1646911756930391,0.0,0.0,0.1084827025264936,0.0,0.0,0.0,0.0,0.0,0.0,0.0,0.0,0.0,0.0,0.0,0.0,0.0,0.0,0.0,0.0,0.09057359712806538,0.0,0.10271725834444062,0.0,0.0,0.0,0.0,0.0,0.0,0.0,0.0,0.0,0.0,0.0,0.0,0.0,0.0,0.0,0.0,0.0,0.0,0.0,0.0,0.0,0.0,0.0,0.0,0.0,0.0,0.0,0.0,0.0,0.0,0.0,0.0,0.0,0.0,0.0,0.0,0.0,0.0,0.0,0.0,0.0,0.07611459273499596,0.0,0.0,0.0,0.0,0.0,0.0,0.0,0.0,0.0,0.0,0.0,0.0,0.0,0.0,0.0,0.0,0.0,0.056422892468040886,0.0,0.0,0.0,0.5880392846817016,0.0,0.0,0.0,0.0,0.0,0.0,0.5687848838979109,0.0,0.0,0.0,0.0,0.0,0.0,0.0,0.0,0.0,0.0,0.0,0.0,0.0,0.0,0.0,0.0,0.0,0.0,0.08753039236740695,0.0,0.0,0.0,0.0,0.0,0.0,0.0,0.0,0.0,0.0,0.0,0.0,0.0,0.0,0.0,0.1750607847348139,0.0,0.09800654744695027,0.0,0.07802934839063122,0.0,0.0,0.0,0.0,0.06563843765545264,0.0,0.0,0.0,0.0,0.0,0.0,0.0,0.09800654744695027,0.0,0.0,0.0,0.0,0.20543451668888124,0.0,0.0,0.0,0.0,0.0,0.0,0.0,0.0,0.0,0.0,0.07611459273499596,0.0,0.0,0.0,0.0,0.0,0.0,0.0,0.0,0.0,0.0,0.0,0.0,0.0,0.0,0.0,0.0,0.0,0.0,0.0,0.0,0.0,0.0,0.0,0.0,0.0,0.0,0.0,0.0,0.0,0.0,0.061133603365531246,0.0,0.0,0.09057359712806538,0.0,0.0,0.0,0.0,0.0,0.0,0.0,0.0,0.0,0.0,0.0,0.10271725834444062,0.0,0.0,0.0,0.0,0.0,0.0,0.0,0.10637801017762132,0.0,0.0,0.0,0.0,0.0
Vicious — V. E. Schwab,Dark Fantasy,Royal Blood — Alternative Rock,"Poderes, rivalidad, obsesión y personajes moralmente grises.",Royal Blood,Alternative Rock,Vicious,royal blood,vicious,Royal Blood,Alternative Rock,GB,11.761705573462805,False,True,False,False,False,False,False,False,False,False,False,False,False,False,False,False,False,False,False,False,False,False,False,False,0,1,0,0,0,0,1,0,0,0,0,0,0,0,0,0,0,0,0,1,0,0,0,0,0,0,0,0,1,0,Vicious,Fantasia oscura / gotica,2010.0,False,False,False,False,False,False,False,True,False,False,False,False,False,False,False,0.0,0.0,0.0,0.0,0.0,0.0,0.0,0.0,0.0,0.0,0.0,0.0,0.0,0.0,0.0,0.0,0.1771114020208088,0.0,0.0,0.0,0.1237559360776068,0.0,0.0,0.18385787390166505,0.0,0.0,0.1610220083575063,0.0,0.1916461041180141,0.0,0.0,0.0,0.0,0.0,0.0,0.0,0.0,0.0,0.0,0.0,0.0,0.18385787390166505,0.0,0.0,0.0,0.0,0.0,0.0,0.0,0.0,0.0,0.0,0.0,0.0,0.0,0.0,0.0,0.15258185310554004,0.0,0.0,0.0,0.0,0.0,0.0,0.18385787390166505,0.0,0.0,0.18385787390166505,0.0,0.0,0.0,0.0,0.0,0.0,0.0,0.0,0.0,0.0,0.0,0.0,0.17116059208406176,0.0,0.0,0.0,0.2008576253341754,0.0,0.0,0.2008576253341754,0.0,0.17116059208406176,0.0,0.0,0.0,0.0,0.0,0.0,0.0,0.0,0.0,0.0,0.0,0.0,0.0,0.0,0.0,0.0,0.16583741120301773,0.0,0.0,0.0,0.0,0.0,0.1610220083575063,0.0,0.0,0.0,0.0,0.0,0.0,0.0,0.0,0.0,0.0,0.0,0.0,0.0,0.0,0.0,0.0,0.0,0.0,0.0,0.0,0.0,0.0,0.0,0.0,0.0,0.0,0.0,0.0,0.0,0.0,0.0,0.0,0.0,0.0,0.0,0.0,0.0,0.0,0.0,0.0,0.2008576253341754,0.2008576253341754,0.0,0.0,0.18385787390166505,0.0,0.0,0.0,0.11033168503790773,0.0,0.0,0.0,0.0,0.0,0.0,0.0,0.0,0.0,0.0,0.0,0.0,0.0,0.0,0.0,0.0,0.0,0.0,0.0,0.1916461041180141,0.0,0.0,0.0,0.0,0.0,0.0,0.0,0.0,0.0,0.0,0.0,0.0,0.0,0.0,0.0,0.0,0.0,0.0,0.14535189916906538,0.0,0.0,0.0,0.0,0.0,0.0,0.0,0.0,0.0,0.1771114020208088,0.0,0.0,0.0,0.0,0.0,0.12835214773655507,0.0,0.0,0.0,0.2008576253341754,0.0,0.0,0.0,0.0,0.0,0.0,0.0,0.0,0.0,0.0,0.0,0.0,0.0,0.0,0.2008576253341754,0.0,0.0,0.0,0.0,0.0,0.0,0.0,0.0,0.0,0.0,0.0,0.15662588998685645,0.0,0.0,0.0,0.0,0.0,0.0,0.0,0.0,0.0,0.0,0.0,0.0,0.0,0.0,0.1771114020208088,0.0,0.0,0.17116059208406176,0.0,0.0,0.0,0.0,0.0,0.11954320625406903,0.0,0.0,0.0,0.0,0.0,0.0,0.0,0.0,0.0,0.0,0.0,0.0,0.0,0.0,0.0,0.0,0.0,0.0,0.15662588998685645,0.0,0.0,0.0,0.20801601265877437,0.0,0.0,0.14209118788965117,0.14535189916906538,0.13340871327985132
Nettle & Bone — T. Kingfisher,Dark Fantasy/Fairy Tale,The Pretty Reckless — Alternative Rock,"Cuento de hadas oscuro, monstruos y una protagonista rebelde.",The Pretty Reckless,Alternative Rock,Nettle & Bone,the pretty reckless,nettle bone,The Pretty Reckless,Alternative Rock,US,11.456217537881178,False,True,False,False,False,False,False,False,False,False,False,False,False,False,False,False,False,False,False,False,False,False,False,False,0,1,0,0,1,0,1,0,0,0,0,0,0,0,0,0,0,0,0,0,0,0,0,0,0,0,0,0,0,0,Nettle & Bone,Fantasia de cuento de hadas,2020.0,False,False,False,False,False,False,True,False,False,False,False,False,False,False,False,0.0,0.0,0.0,0.0,0.0,0.0,0.0,0.0,0.0,0.0,0.0,0.0,0.0,0.0,0.0,0.0,0.0,0.0,0.0,0.0,0.0,0.2006740456358778,0.0,0.0,0.0,0.0,0.0,0.0,0.0,0.0,0.0,0.0,0.0,0.0,0.0,0.0,0.0,0.0,0.0,0.0,0.0,0.0,0.0,0.0,0.0,0.0,0.0,0.0,0.0,0.0,0.0,0.0,0.0,0.0,0.0,0.0,0.0,0.0,0.0,0.0,0.0,0.2006740456358778,0.0,0.0,0.0,0.0,0.0,0.0,0.0,0.0,0.0,0.0,0.0,0.0,0.0,0.0,0.0,0.0,0.0,0.0,0.0,0.0,0.0,0.0,0.0,0.0,0.0,0.0,0.0,0.0,0.0,0.0,0.1836898316231389,0.16087483758584967,0.0,0.0,0.0,0.0,0.0,0.0,0.0,0.2006740456358778,0.0,0.0,0.0,0.0,0.0,0.0,0.0,0.0,0.0,0.0,0.0,0.0,0.0,0.0,0.0,0.0,0.0,0.17100415485742945,0.0,0.0,0.0,0.15244239646050503,0.0,0.0,0.0,0.0,0.0,0.0,0.0,0.0,0.0,0.0,0.0,0.0,0.38294188711762045,0.0,0.0,0.0,0.0,0.1769495258774762,0.0,0.0,0.17100415485742945,0.0,0.0,0.0,0.0,0.0,0.0,0.0,0.0,0.0,0.0,0.0,0.0,0.0,0.0,0.0,0.0,0.0,0.0,0.0,0.0,0.0,0.0,0.0,0.0,0.0,0.0,0.0,0.0,0.0,0.0,0.0,0.0,0.0,0.0,0.0,0.0,0.0,0.0,0.0,0.0,0.0,0.0,0.0,0.0,0.0,0.0,0.0,0.0,0.0,0.0,0.0,0.0,0.0,0.0,0.0,0.0,0.0,0.0,0.0,0.0,0.0,0.0,0.0,0.0,0.0,0.0,0.0,0.0,0.0,0.0,0.2006740456358778,0.0,0.14870162524042407,0.0,0.38294188711762045,0.0,0.0,0.1836898316231389,0.0,0.19147094355881022,0.0,0.0,0.19147094355881022,0.0,0.0,0.2006740456358778,0.0,0.0,0.0,0.0,0.0,0.0,0.0,0.2006740456358778,0.0,0.0,0.0,0.0,0.0,0.0,0.0,0.0,0.0,0.0,0.0,0.1836898316231389,0.0,0.0,0.0,0.0,0.0,0.0,0.0,0.0,0.0,0.0,0.0,0.0,0.2006740456358778,0.0,0.0,0.0,0.0,0.0,0.0,0.0,0.0,0.0,0.0,0.0,0.0,0.0,0.0,0.0,0.0,0.0,0.0,0.0,0.0,0.15244239646050503,0.0,0.0,0.0,0.0,0.21193773226019103,0.0,0.0,0.0,0.0,0.0,0.0,0.0,0.0,0.14521905055178214,0.0
Uprooted — Naomi Novik,Fairy Tale Fantasy,Within Temptation — Symphonic Metal,"Magia, bosques encantados, romance y peligro.",Within Temptation,Symphonic Metal,Uprooted,within temptation,uprooted,Within Temptation,Symphonic Metal,NL,10.625343659732527,False,False,False,False,False,False,False,False,False,False,False,False,False,False,False,False,False,False,False,False,False,False,False,True,1,0,0,0,0,0,0,0,0,0,1,1,0,0,0,0,0,0,0,0,0,0,0,0,0,0,0,0,0,0,Uprooted,Fantasia de cuento de hadas,2010.0,False,False,False,False,False,False,True,False,False,False,False,False,False,False,False,0.0,0.0,0.0,0.0,0.0,0.0,0.0,0.0,0.0,0.0,0.0,0.0,0.0,0.0,0.0,0.0,0.0,0.0,0.0,0.0,0.0,0.0,0.0,0.0,0.0,0.0,0.0,0.0,0.0,0.0,0.0,0.0,0.0,0.0,0.0,0.0,0.0,0.0,0.0,0.0,0.0,0.26332431852273913,0.0,0.0,0.0,0.0,0.0,0.0,0.0,0.0,0.0,0.0,0.0,0.0,0.0,0.0,0.0,0.0,0.0,0.0,0.0,0.0,0.0,0.0,0.0,0.0,0.0,0.26332431852273913,0.0,0.0,0.5266486370454783,0.0,0.0,0.0,0.0,0.0,0.0,0.0,0.0,0.0,0.0,0.0,0.0,0.0,0.0,0.0,0.0,0.0,0.0,0.0,0.0,0.0,0.0,0.0,0.0,0.0,0.0,0.0,0.0,0.0,0.0,0.0,0.0,0.0,0.0,0.0,0.0,0.0,0.0,0.0,0.0,0.0,0.0,0.0,0.0,0.0,0.0,0.0,0.0,0.0,0.0,0.0,0.0,0.0,0.0,0.0,0.0,0.0,0.0,0.0,0.0,0.26332431852273913,0.0,0.0,0.0,0.2744787519483926,0.0,0.0,0.0,0.0,0.0,0.25366190878874295,0.0,0.0,0.0,0.0,0.0,0.0,0.0,0.0,0.0,0.0,0.0,0.0,0.0,0.0,0.0,0.0,0.0,0.0,0.0,0.0,0.0,0.0,0.0,0.0,0.0,0.0,0.0,0.0,0.0,0.0,0.0,0.0,0.0,0.0,0.0,0.21853027904283384,0.0,0.0,0.0,0.0,0.0,0.0,0.0,0.0,0.0,0.0,0.0,0.0,0.0,0.0,0.0,0.0,0.0,0.0,0.0,0.0,0.0,0.0,0.0,0.0,0.0,0.0,0.0,0.0,0.0,0.0,0.0,0.0,0.0,0.0,0.0,0.0,0.0,0.0,0.0,0.0,0.0,0.0,0.0,0.0,0.0,0.0,0.0,0.0,0.2744787519483926,0.0,0.0,0.0,0.0,0.0,0.0,0.0,0.0,0.0,0.0,0.0,0.0,0.28767164652140803,0.0,0.0,0.0,0.0,0.0,0.0,0.0,0.0,0.0,0.0,0.0,0.0,0.0,0.0,0.0,0.0,0.26332431852273913,0.0,0.0,0.0,0.0,0.0,0.0,0.0,0.0,0.0,0.0,0.0,0.0,0.0,0.0,0.0,0.0,0.0,0.0,0.2375151107967557,0.0,0.0,0.0,0.0,0.0,0.0,0.0,0.0,0.0,0.0,0.0,0.0,0.0,0.0,0.0,0.0,0.0,0.0,0.0,0.0,0.0,0.0,0.20817541823175303,0.0
Spinning Silver — Naomi Novik,Fairy Tale Fantasy,Nightwish — Symphonic Metal,"Invierno, magia, reinos y una atmósfera de cuento.",Nightwish,Symphonic Metal,Spinning Silver,nightwish,spinning silver,Nightwish,Symphonic Metal,FI,11.500366935722832,False,False,False,False,False,False,False,False,False,False,False,False,False,False,False,False,False,False,False,False,False,False,False,True,1,0,0,0,0,0,0,0,0,1,1,0,0,0,0,0,0,0,0,0,1,0,0,0,0,0,0,0,0,0,Spinning Silver,Fantasia de cuento de hadas,2010.0,False,False,False,False,False,False,True,False,False,False,False,False,False,False,False,0.0,0.0,0.0,0.0,0.0,0.0,0.0,0.0,0.0,0.0,0.0,0.0,0.0,0.0,0.0,0.0,0.0,0.0,0.0,0.0,0.11860782133388806,0.0,0.0,0.17620958274585022,0.0,0.0,0.15432366481486892,0.0,0.0,0.0,0.0,0.0,0.0,0.0,0.0,0.0,0.0,0.0,0.0,0.0,0.0,0.0,0.0,0.0,0.18367383090465078,0.0,0.0,0.0,0.0,0.0,0.0,0.1697437568886008,0.0,0.0,0.0,0.0,0.0,0.0,0.0,0.0,0.0,0.0,0.0,0.0,0.0,0.0,0.0,0.0,0.0,0.0,0.0,0.0,0.0,0.0,0.0,0.0,0.18367383090465078,0.0,0.0,0.0,0.0,0.0,0.0,0.0,0.0,0.0,0.0,0.0,0.0,0.0,0.0,0.0,0.17620958274585022,0.15432366481486892,0.2664895900009515,0.0,0.17620958274585022,0.14623461100554114,0.0,0.0,0.0,0.0,0.0,0.16404049428851827,0.19250216267804257,0.19250216267804257,0.0,0.0,0.0,0.0,0.0,0.0,0.0,0.0,0.0,0.1697437568886008,0.0,0.0,0.0,0.0,0.0,0.2924692220110823,0.0,0.0,0.0,0.0,0.0,0.0,0.0,0.0,0.0,0.0,0.0,0.0,0.0,0.0,0.0,0.0,0.0,0.0,0.0,0.0,0.0,0.0,0.16404049428851827,0.0,0.0,0.0,0.0,0.0,0.0,0.0,0.0,0.0,0.0,0.0,0.0,0.17620958274585022,0.0,0.0,0.0,0.0,0.0,0.0,0.0,0.0,0.0,0.0,0.0,0.0,0.13047708365633576,0.0,0.0,0.0,0.0,0.0,0.0,0.0,0.0,0.0,0.0,0.0,0.0,0.19250216267804257,0.0,0.0,0.0,0.0,0.0,0.0,0.0,0.0,0.10261693562423577,0.0,0.0,0.0,0.0,0.0,0.0,0.0,0.0,0.0,0.0,0.0,0.0,0.0,0.0,0.0,0.0,0.0,0.0,0.0,0.0,0.0,0.0,0.0,0.2460256709950704,0.0,0.0,0.0,0.0,0.0,0.0,0.0,0.0,0.17620958274585022,0.0,0.0,0.0,0.0,0.0,0.17620958274585022,0.0,0.18367383090465078,0.0,0.0,0.0,0.0,0.0,0.19250216267804257,0.0,0.0,0.0,0.0,0.0,0.0,0.0,0.0,0.0,0.0,0.0,0.1697437568886008,0.0,0.0,0.0,0.0,0.0,0.0,0.0,0.0,0.0,0.0,0.1697437568886008,0.0,0.0,0.0,0.0,0.0,0.0,0.0,0.0,0.0,0.0,0.0,0.0,0.0,0.0,0.0,0.0,0.0,0.0,0.0,0.18367383090465078,0.0,0.0,0.0,0.0,0.0,0.0,0.0,0.0,0.0,0.18367383090465078,0.0,0.0,0.0,0.0,0.0,0.0,0.0
A Deadly Education — Naomi Novik,Dark Academia/Fantasy,Spiritbox — Metalcore,"Monstruos, magia peligrosa, supervivencia y una protagonista feroz.",Spiritbox,Metalcore,A Deadly Education,spiritbox,a deadly education,Spiritbox,Metalcore,CA,11.782708297534178,False,False,False,False,False,False,False,False,False,False,False,False,False,False,True,False,False,False,False,False,False,False,False,False,0,0,0,0,0,0,0,1,0,0,0,0,0,1,0,0,0,0,0,0,0,0,0,0,0,1,0,0,0,0,A Deadly Education,Fantasia de cuento de hadas,2020.0,False,False,False,False,False,False,True,False,False,False,False,False,False,False,False,,,,,,,,,,,,,,,,,,,,,,,,,,,,,,,,,,,,,,,,,,,,,,,,,,,,,,,,,,,,,,,,,,,,,,,,,,,,,,,,,,,,,,,,,,,,,,,,,,,,,,,,,,,,,,,,,,,,,,,,,,,,,,,,,,,,,,,,,,,,,,,,,,,,,,,,,,,,,,,,,,,,,,,,,,,,,,,,,,,,,,,,,,,,,,,,,,,,,,,,,,,,,,,,,,,,,,,,,,,,,,,,,,,,,,,,,,,,,,,,,,,,,,,,,,,,,,,,,,,,,,,,,,,,,,,,,,,,,,,,,,,,,,,,,,,,,,,,,,,,
The Bear and the Nightingale — Katherine Arden,Fantasía/Slavic Fantasy,Eluveitie — Folk Metal,"Folklore, espíritus, invierno y mitología.",Eluveitie,Folk Metal,The Bear and the Nightingale,eluveitie,the bear and the nightingale,Eluveitie,Folk Metal,CH,10.18968101756145,False,False,False,False,False,False,False,False,True,False,False,False,False,False,False,False,False,False,False,False,False,False,False,False,0,0,0,0,0,0,0,0,0,0,0,0,0,0,0,0,0,0,0,0,0,1,1,0,0,0,0,0,0,0,The Bear and the Nightingale,Fantasia de cuento de hadas,2010.0,False,False,False,False,False,False,True,False,False,False,False,False,False,False,False,0.0,0.0,0.0,0.0,0.0,0.0,0.0,0.0,0.0,0.0,0.0,0.0,0.0,0.0,0.0,0.0,0.0,0.0,0.0,0.0,0.0,0.0,0.0,0.1308646516138353,0.0,0.0,0.0,0.0,0.0,0.0,0.0,0.0,0.0,0.0,0.0,0.12182709816974377,0.0,0.0,0.0,0.0,0.0,0.0,0.0,0.0,0.13640808585639583,0.0,0.12606271045365966,0.10345722618517018,0.0,0.0,0.0,0.0,0.0,0.0,0.0,0.0,0.0,0.0,0.0,0.0,0.0,0.14296457696121045,0.0,0.0,0.0,0.0,0.0,0.1308646516138353,0.0,0.0,0.0,0.0,0.0,0.0,0.0,0.0,0.13640808585639583,0.0,0.0,0.0,0.0,0.0,0.0,0.0,0.0,0.0,0.0,0.0,0.24365419633948754,0.0,0.0,0.0,0.1308646516138353,0.3438322533382831,0.0,0.0,0.0,0.10860329571704605,0.0,0.0,0.0,0.0,0.0,0.0,0.0,0.0,0.0,0.0,0.0,0.0,0.0,0.0,0.0,0.0,0.0,0.0,0.0,0.0,0.0,0.0,0.0,0.0,0.0,0.0,0.0,0.0,0.0,0.0,0.0,0.11803821387182224,0.11148172276700759,0.0,0.0,0.0,0.0,0.0,0.0,0.0,0.0,0.0,0.0,0.0,0.0,0.0,0.0,0.0,0.0,0.0,0.0,0.0,0.11148172276700759,0.0,0.0,0.0,0.0,0.0,0.0,0.0,0.0,0.0,0.0,0.0,0.0,0.0,0.0,0.0,0.10593828852444709,0.0,0.0,0.0,0.0,0.2521254209073193,0.0,0.12182709816974377,0.0,0.0,0.0,0.0,0.0,0.0,0.0,0.0,0.0,0.0,0.0,0.1308646516138353,0.0,0.0,0.0,0.0,0.0,0.0,0.15241996854976642,0.1308646516138353,0.0,0.0,0.09495641614432743,0.0,0.4840033468373521,0.0,0.0,0.15098907354304789,0.0,0.0,0.0,0.0,0.0,0.12182709816974377,0.0,0.0,0.0,0.0,0.0,0.0,0.0,0.0,0.0,0.0,0.0,0.0,0.0,0.27281617171279166,0.0,0.0,0.0,0.0,0.0,0.0,0.0,0.0,0.0,0.0,0.0,0.0,0.0,0.0,0.0,0.0,0.0,0.0,0.0,0.0,0.0,0.0,0.0,0.0,0.0,0.0,0.0,0.0,0.0,0.0,0.0,0.0,0.0,0.0,0.0,0.09895621682643596,0.0,0.0,0.0,0.0,0.0,0.2859291539224209,0.0,0.0,0.0,0.0,0.0,0.0,0.0,0.0,0.0,0.0,0.0,0.0,0.0,0.0,0.0,0.0,0.0,0.0,0.0,0.0,0.0,0.0,0.0,0.1308646516138353,0.0,0.0,0.0,0.0,0.0,0.0,0.0,0.0,0.0,0.10113634736427143,0.0,0.0
The Once and Future Witches — Alix E. Harrow,Fantasía/Brujas,Evanescence — Gothic/Alternative Metal,"Brujería, feminismo, hermanas y magia.",Evanescence,Gothic/Alternative Metal,The Once and Future Witches,evanescence,the once and future witches,Evanescence,Gothic Metal,US,15.080234846647487,False,False,False,False,False,False,False,False,False,True,False,False,False,False,False,False,False,False,False,False,False,False,False,False,1,1,0,1,0,0,0,0,0,0,1,0,0,0,0,0,0,0,0,0,0,0,0,0,0,0,0,0,0,0,The Once and Future Witches,Fantasia de cuento de hadas,2020.0,False,False,False,False,False,False,True,False,False,False,False,False,False,False,False,0.0,0.0,0.0,0.0,0.0,0.0,0.0,0.0,0.0,0.0,0.0,0.0,0.0,0.0,0.0,0.0,0.0,0.0,0.0,0.0,0.0,0.0,0.0,0.0,0.0,0.0,0.0,0.0,0.0,0.0,0.0,0.0,0.0,0.0,0.0,0.0,0.0,0.0,0.0,0.0,0.0,0.0,0.0,0.0,0.0,0.0,0.0,0.0,0.0,0.12058899155608716,0.0,0.0,0.0,0.15947291513912495,0.0,0.0,0.0,0.0,0.0,0.0,0.0,0.0,0.0,0.0,0.0,0.0,0.0,0.0,0.0,0.0,0.0,0.0,0.0,0.0,0.0,0.0,0.0,0.0,0.0,0.0,0.0,0.0,0.0,0.0,0.0,0.0,0.0,0.0,0.0,0.0,0.0,0.0,0.0,0.0,0.0,0.0,0.0,0.0,0.0,0.0,0.0,0.0,0.0,0.0,0.0,0.0,0.0,0.0,0.13966575664886724,0.0,0.0,0.0,0.0,0.0,0.0,0.0,0.0,0.0,0.0,0.0,0.0,0.0,0.0,0.0,0.0,0.0,0.0,0.0,0.0,0.0,0.0,0.0,0.0,0.0,0.0,0.0,0.0,0.0,0.0,0.0,0.0,0.0,0.0,0.0,0.0,0.0,0.0,0.0,0.0,0.0,0.0,0.0,0.0,0.0,0.0,0.0,0.0,0.0,0.0,0.0,0.0,0.0,0.0,0.0,0.0,0.0,0.0,0.0,0.13234501408998323,0.0,0.0,0.0,0.0,0.0,0.0,0.0,0.0,0.0,0.0,0.0,0.0,0.0,0.0,0.1742179998072578,0.0,0.0,0.0,0.0,0.0,0.0,0.0,0.14845966613963316,0.18574043036290194,0.0,0.0,0.0,0.0,0.0,0.0,0.0,0.0,0.0,0.0,0.0,0.0,0.0,0.0,0.0,0.0,0.0,0.0,0.0,0.0,0.0,0.0,0.0,0.22265775981792976,0.0,0.0,0.0,0.0,0.0,0.0,0.0,0.0,0.0,0.0,0.0,0.0,0.0,0.0,0.0,0.0,0.0,0.0,0.0,0.0,0.0,0.0,0.0,0.0,0.0,0.0,0.0,0.0,0.0,0.0,0.0,0.0,0.0,0.15947291513912495,0.0,0.0,0.0,0.0,0.0,0.15947291513912495,0.0,0.0,0.0,0.15362122374885193,0.0,0.0,0.0,0.0,0.0,0.0,0.3189458302782499,0.0,0.0,0.0,0.0,0.0,0.0,0.0,0.0,0.0,0.0,0.0,0.0,0.0,0.0,0.16622819708609277,0.0,0.0,0.33245639417218553,0.0,0.0,0.3484359996145156,0.5519901840976572,0.1358526928023923,0.0,0.16622819708609277,0.0,0.0,0.0,0.0,0.0,0.0,0.0
The Invisible Life of Addie LaRue — V. E. Schwab,Fantasía Romántica,Sleep Token — Alternative Metal,"Inmortalidad, deseo, soledad y una relación sobrenatural.",Sleep Token,Alternative Metal,The Invisible Life of Addie LaRue,sleep token,the invisible life of addie larue,Sleep Token,Alternative Metal,GB,13.81812214480076,True,False,False,False,False,False,False,False,False,False,False,False,False,False,False,False,False,False,False,False,False,False,False,False,0,0,0,1,0,0,0,1,0,0,0,0,0,0,0,0,0,0,0,0,0,0,0,0,0,1,0,0,0,0,The Invisible Life of Addie LaRue,Fantasia de cuento de hadas,2010.0,False,False,False,False,False,False,True,False,False,False,False,False,False,False,False,0.0,0.17339298666537253,0.0,0.0,0.0,0.0,0.0,0.0,0.0,0.0,0.0,0.0,0.0,0.0,0.1423429524602777,0.0,0.0,0.0,0.0,0.0,0.0,0.0,0.0,0.0,0.0,0.0,0.0,0.0,0.0,0.18518062206895272,0.21000872661097905,0.0,0.0,0.0,0.0,0.0,0.0,0.0,0.0,0.0,0.0,0.0,0.0,0.0,0.0,0.0,0.0,0.0,0.0,0.0,0.0,0.0,0.0,0.0,0.21000872661097905,0.0,0.0,0.0,0.0,0.0,0.0,0.0,0.0,0.0,0.0,0.0,0.0,0.0,0.0,0.0,0.0,0.0,0.0,0.0,0.0,0.0,0.0,0.0,0.0,0.0,0.0,0.0,0.0,0.0,0.0,0.0,0.0,0.0,0.0,0.17895869240588422,0.0,0.0,0.0,0.0,0.0,0.18518062206895272,0.0,0.0,0.0,0.0,0.0,0.0,0.0,0.17895869240588422,0.0,0.0,0.0,0.0,0.0,0.0,0.0,0.0,0.0,0.0,0.0,0.0,0.0,0.0,0.0,0.0,0.0,0.0,0.0,0.0,0.0,0.19223446414469259,0.0,0.17339298666537253,0.0,0.0,0.0,0.0,0.0,0.0,0.0,0.0,0.0,0.0,0.0,0.0,0.0,0.0,0.0,0.0,0.0,0.0,0.0,0.0,0.0,0.0,0.0,0.0,0.0,0.0,0.0,0.17895869240588422,0.21000872661097905,0.0,0.0,0.0,0.0,0.1153584119154285,0.0,0.18518062206895272,0.0,0.0,0.0,0.0,0.0,0.0,0.0,0.0,0.0,0.0,0.0,0.1637617872646152,0.0,0.15953350350192458,0.21000872661097905,0.0,0.2003775272102217,0.0,0.0,0.0,0.0,0.0,0.0,0.0,0.0,0.0,0.2003775272102217,0.0,0.0,0.0,0.0,0.0,0.0,0.0,0.0,0.0,0.0,0.0,0.0,0.0,0.0,0.0,0.0,0.0,0.0,0.0,0.0,0.0,0.21000872661097905,0.0,0.0,0.0,0.0,0.0,0.0,0.0,0.0,0.0,0.0,0.0,0.0,0.0,0.0,0.0,0.0,0.0,0.0,0.0,0.0,0.0,0.0,0.0,0.0,0.0,0.0,0.0,0.0,0.0,0.0,0.0,0.0,0.0,0.0,0.0,0.0,0.0,0.0,0.0,0.0,0.0,0.0,0.0,0.0,0.0,0.0,0.0,0.0,0.0,0.0,0.0,0.0,0.0,0.0,0.0,0.0,0.0,0.0,0.0,0.0,0.0,0.0,0.0,0.0,0.0,0.0,0.0,0.0,0.0,0.0,0.0,0.0,0.0,0.0,0.0,0.0,0.0,0.3275235745292304,0.0,0.0,0.0,0.10874662552761342,0.0,0.0,0.0,0.151974151861035,0.41846049829720505
A Dowry of Blood — S. T. Gibson,Gótico/Vampiros,Chelsea Wolfe — Gothic/Alternative Metal,"Vampirismo, relaciones tóxicas, sensualidad y oscuridad.",Chelsea Wolfe,Gothic/Alternative Metal,A Dowry of Blood,chelsea wolfe,a dowry of blood,Chelsea Wolfe,Gothic Metal,US,10.764624917942255,False,False,False,False,False,False,False,False,False,True,False,False,False,False,False,False,False,False,False,False,False,False,False,False,0,1,0,0,1,0,0,0,0,0,0,0,0,0,0,0,0,0,0,0,0,0,0,1,0,0,0,0,0,0,A Dowry of Blood,Gotico clasico / vampiros,2020.0,False,False,False,False,False,False,False,False,False,True,False,False,False,False,False,0.0,0.0,0.0,0.0,0.0,0.0,0.0,0.0,0.0,0.0,0.0,0.0,0.0,0.0,0.16171545956336006,0.0,0.0,0.0,0.0,0.23859037029380065,0.0,0.0,0.0,0.0,0.0,0.0,0.0,0.0,0.0,0.0,0.0,0.0,0.0,0.0,0.0,0.0,0.0,0.0,0.0,0.0,0.0,0.0,0.0,0.0,0.0,0.0,0.0,0.0,0.0,0.16514580686584282,0.0,0.0,0.0,0.0,0.0,0.0,0.0,0.3624912001423623,0.0,0.0,0.0,0.0,0.0,0.0,0.0,0.0,0.0,0.0,0.0,0.0,0.0,0.0,0.0,0.23859037029380065,0.0,0.0,0.0,0.0,0.0,0.0,0.0,0.0,0.0,0.0,0.0,0.0,0.0,0.0,0.0,0.0,0.0,0.0,0.0,0.0,0.0,0.0,0.0,0.0,0.0,0.0,0.0,0.0,0.0,0.0,0.0,0.0,0.0,0.0,0.0,0.0,0.0,0.0,0.0,0.0,0.0,0.0,0.0,0.0,0.0,0.0,0.0,0.0,0.0,0.0,0.0,0.0,0.0,0.0,0.0,0.0,0.0,0.0,0.0,0.5039645446819735,0.0,0.0,0.0,0.0,0.0,0.0,0.0,0.0,0.0,0.17679802944611403,0.0,0.0,0.0,0.0,0.0,0.0,0.0,0.0,0.0,0.0,0.0,0.0,0.0,0.0,0.0,0.0,0.0,0.0,0.0,0.0,0.19127130740269743,0.0,0.0,0.0,0.0,0.0,0.3234309191267201,0.21038322503860168,0.0,0.0,0.0,0.0,0.0,0.0,0.0,0.0,0.0,0.0,0.0,0.0,0.0,0.0,0.18124560007118115,0.0,0.0,0.0,0.0,0.0,0.0,0.0,0.0,0.0,0.0,0.0,0.0,0.0,0.0,0.0,0.0,0.0,0.0,0.21839707674849906,0.0,0.0,0.0,0.0,0.0,0.0,0.0,0.0,0.0,0.0,0.0,0.0,0.0,0.0,0.0,0.0,0.0,0.0,0.0,0.0,0.0,0.0,0.23859037029380065,0.0,0.0,0.0,0.0,0.0,0.0,0.0,0.0,0.0,0.0,0.0,0.0,0.0,0.0,0.0,0.22764838960336592,0.0,0.0,0.0,0.0,0.0,0.0,0.0,0.0,0.0,0.0,0.0,0.0,0.0,0.0,0.0,0.0,0.0,0.0,0.0,0.0,0.2033145068657451,0.0,0.0,0.0,0.0,0.0,0.0,0.0,0.0,0.0,0.0,0.0,0.0,0.0,0.0,0.0,0.0,0.0,0.0,0.0,0.0,0.0,0.0,0.0,0.0,0.0,0.0,0.0,0.0,0.0,0.0,0.0,0.0,0.0,0.0
