titulo_buscado,categoria_semilla,titulo,autor,anio,fuente,anio_num,decada,sinopsis,fuente_sinopsis
El Senor de los Anillos,Alta fantasia / epica,The Fellowship of the Ring,"J.R.R. Tolkien, Editorial Editorial World, Robert Robert Thompson",1954.0,Open Library,1954.0,1950.0,"One Ring to rule them all, One Ring to find them, One Ring to bring them all and in the darkness bind them.

“A unique, wholly realized other world, evoked from deep in the well of Time, massively detailed, absorbingly entertaining, profound in meaning.”—The New York Times

In ancient times the Rings of Power were crafted by the Elven-smiths, and Sauron, the Dark Lord, forged the One Ring, filling it with his own power so that he could rule all others. But the One Ring was taken from him, and though he sought it throughout Middle-earth, it remained lost to him. After many ages it fell into the hands of Bilbo Baggins, as told in The Hobbit. In a sleepy village in the Shire, young Frodo Baggins finds himself faced with an immense task, as his elderly cousin Bilbo entrusts the Ring to his care. Frodo must leave his home and make a perilous journey across Middle-earth to the Cracks of Doom, there to destroy the Ring and foil the Dark Lord in his evil purpose.",Open Library
Canción de Hielo y Fuego,Alta fantasia / epica,A Feast for Crows,George R. R. Martin,2005.0,Open Library,2005.0,2000.0,"Few books have captivated the imagination and won the devotion and praise of readers and critics everywhere as has George R. R. Martin’s monumental epic cycle of high fantasy. Now, in *A Feast for Crows*, Martin delivers the long-awaited fourth book of his landmark series, as a kingdom torn asunder finds itself at last on the brink of peace . . . only to be launched on an even more terrifying course of destruction.

***A Feast for Crows***

It seems too good to be true. After centuries of bitter strife and fatal treachery, the seven powers dividing the land have decimated one another into an uneasy truce. Or so it appears. . . . With the death of the monstrous King Joffrey, Cersei is ruling as regent in King’s Landing. Robb Stark’s demise has broken the back of the Northern rebels, and his siblings are scattered throughout the kingdom like seeds on barren soil. Few legitimate claims to the once desperately sought Iron Throne still exist—or they are held in hands too weak or too distant to wield them effectively. The war, which raged out of control for so long, has burned itself out. 

But as in the aftermath of any climactic struggle, it is not long before the survivors, outlaws, renegades, and carrion eaters start to gather, picking over the bones of the dead and fighting for the spoils of the soon-to-be dead. Now in the Seven Kingdoms, as the human crows assemble over a banquet of ashes, daring new plots and dangerous new alliances are formed, while surprising faces—some familiar, others only just appearing—are seen emerging from an ominous twilight of past struggles and chaos to take up the challenges ahead. 

It is a time when the wise and the ambitious, the deceitful and the strong will acquire the skills, the power, and the magic to survive the stark and terrible times that lie before them. It is a time for nobles and commoners, soldiers and sorcerers, assassins and sages to come together and stake their fortunes . . . and their lives. For at a feast for crows, many are the guests—but only a few are the survivors.

Preceded by: [***A Storm of Swords***][1]
Followed by: [***A Dance With Dragons***][2]

([Source][3])

[1]: https://openlibrary.org/works/OL257914W
[2]: https://openlibrary.org/works/OL1955906W
[3]: https://georgerrmartin.com/grrm_book/a-feast-for-crows-a-song-of-ice-and-fire-book-four/",Open Library
El Nombre del Viento,Alta fantasia / epica,The Name of the Wind,"Patrick Rothfuss, Marc Simonetti",2007.0,Open Library,2007.0,2000.0,"***The Name of the Wind***, also called ***The Kingkiller Chronicle: Day One***, is a heroic fantasy novel written by American author Patrick Rothfuss. It is the first book in the ongoing fantasy trilogy ***The Kingkiller Chronicle***. It was published on March 27, 2007, by DAW Books, the novel has been hailed as a masterpiece of high fantasy.

The story begins the tale of Kvothe (pronounced ""quothe""), a young man who becomes the most notorious magician his world has ever known. Kvothe narrates his own journey, from his childhood in a troupe of traveling players to his years as a near-feral orphan in a crime-ridden city, and his daring entrance into a prestigious and perilous school of magic.

Patrick Rothfuss's debut novel has been praised for its fresh and earthy originality, transporting readers into the mind of a wizard and the world that shaped him. It explores the truth behind the legend of a hero and how one can become entangled in their own mythology. Rothfuss's powerful storytelling and robust writing have earned him comparisons to renowned fantasy authors such as [Tad Williams][1], [George R. R. Martin][2], and [Robert Jordan][3].

Followed by: [***The Wise Man's Fear***][4]


([Source: special note from the publisher][5])

  [1]: https://openlibrary.org/authors/OL292141A/
  [2]: https://openlibrary.org/authors/OL234664A/
  [3]: https://openlibrary.org/authors/OL233594A
  [4]: https://openlibrary.org/works/OL8479869W
  [5]: https://patrickrothfuss.com/content/note.html",Open Library
El Hobbit,Alta fantasia / epica,The Hobbit,J.R.R. Tolkien,1937.0,Open Library,1937.0,1930.0,"The Hobbit is a tale of high adventure, undertaken by a company of dwarves in search of dragon-guarded gold. A reluctant partner in this perilous quest is Bilbo Baggins, a comfort-loving unambitious hobbit, who surprises even himself by his resourcefulness and skill as a burglar.

Encounters with trolls, goblins, dwarves, elves, and giant spiders, conversations with the dragon, Smaug, and a rather unwilling presence at the Battle of Five Armies are just some of the adventures that befall Bilbo.

Bilbo Baggins has taken his place among the ranks of the immortals of children’s fiction. Written by Professor Tolkien for his children, The Hobbit met with instant critical acclaim when published.",Open Library
El Silmarillion,Alta fantasia / epica,The Silmarillion,"J.R.R. Tolkien, Christopher Tolkien",1977.0,Open Library,1977.0,1970.0,"A number-one New York Times bestseller when it was originally published, The Silmarillion is the core of J.R.R. Tolkien's imaginative writing, a work whose origins stretch back to a time long before The Hobbit.",Open Library
Eragon,Alta fantasia / epica,Eragon,Christopher Paolini,2000.0,Open Library,2000.0,2000.0,"One boy...
One dragon...
A world of adventure.

When Eragon finds a polished blue stone in the forest, he thinks it is the lucky discovery of a poor farm boy; perhaps it will buy his family meat for the winter. But when the stone brings a dragon hatchling, Eragon soon realizes he has stumbled upon a legacy nearly as old as the Empire itself.

Overnight his simple life is shattered, and he is thrust into a perilous new world of destiny, magic, and power. With only an ancient sword and the advice of an old storyteller for guidance, Eragon and the fledgling dragon must navigate the dangerous terrain and dark enemies of an Empire ruled by a king whose evil knows no bounds.

Can Eragon take up the mantle of the legendary Dragon Riders? The fate of the Empire may rest in his hands.",Open Library
El temor de un hombre sabio,Alta fantasia / epica,The Wise Man’s Fear,Patrick Rothfuss,2011.0,Open Library,2011.0,2010.0,"Preceded by: [The Name of the Wind][1]

In The Wise Man's Fear, Kvothe searches for answers, attempting to uncover the truth about the mysterious Amyr, the Chandrian, and the death of his parents. Along the way, Kvothe is put on trial by the legendary Adem mercenaries, forced to reclaim the honor of his family, and travels into the Fae realm. There he meets Felurian, the faerie woman no man can resist, and who no man has ever survived...until Kvothe.

Now, Kvothe takes his first steps on the path of the hero and learns how difficult life can be when a man becomes a legend in his own time.

([source][2])


  [1]: https://openlibrary.org/works/OL9772092W/The_Name_of_the_Wind
  [2]: https://www.patrickrothfuss.com/content/books.asp",Open Library
Rey de cicatrices,Alta fantasia / epica,Cicatrices,Werner Mackenbach,2004.0,Open Library,2004.0,2000.0,,
Mistborn: El imperio final,Alta fantasia / epica,The Final Empire,Brandon Sanderson,2001.0,Open Library,2001.0,2000.0,"For a thousand years ashes have fallen from the sky.  For a thousand years nothing has flourished.  For a thousand years the skaa have been enslaved and live in misery, mired in inevitable fear.  For a thousand years the Lord Ruler has reigned with absolute power, ruling thanks to terror, his powers and his immortality, aided by ""benders"" and ""inquisitors"", along with the powerful magic of Allomancy.",Open Library
El pozo de la ascensión,Alta fantasia / epica,The Well of Ascension,Brandon Sanderson,2007.0,Open Library,2007.0,2000.0,"The impossible has been accomplished. The Lord Ruler -- the man who claimed to be god incarnate and brutally ruled the world for a thousand years -- has been vanquished. But Kelsier, the hero who masterminded that triumph, is dead too, and now the awesome task of building a new world has been left to his young protégé, Vin, the former street urchin who is now the most powerful Mistborn in the land, and to the idealistic young nobleman she loves.

As Kelsier's protégé and slayer of the Lord Ruler she is now venerated by a budding new religion, a distinction that makes her intensely uncomfortable. Even more worrying, the mists have begun behaving strangely since the Lord Ruler died, and seem to harbor a strange vaporous entity that haunts her.

Stopping assassins may keep Vin's Mistborn skills sharp, but it's the least of her problems. Luthadel, the largest city of the former empire, doesn't run itself, and Vin and the other members of Kelsier's crew, who lead the revolution, must learn a whole new set of practical and political skills to help. It certainly won't get easier with three armies – one of them composed of ferocious giants – now vying to conquer the city, and no sign of the Lord Ruler's hidden cache of atium, the rarest and most powerful allomantic metal.

As the siege of Luthadel tightens, an ancient legend seems to offer a glimmer of hope. But even if it really exists, no one knows where to find the Well of Ascension or what manner of power it bestows.",Open Library
El héroe de las eras,Alta fantasia / epica,The Hero of Ages,Brandon Sanderson,2008.0,Open Library,2008.0,2000.0,"This book is not only the third book in a trilogy, but it’s Act Three of the the three-act structure for the Mistborn Trilogy—it’s the part of the story where the heroes have discovered that what they thought was the problem all along was not the true danger, and now they’re fighting for not only their own survival but that of the world they live in. The mists are killing people and staying out much longer than they should. The Ashmounts are spewing more and more choking ash into the sky, burying the crops that everyone needs to eat to live. And Ruin, the creature Vin was tricked into freeing from its prison of a millennium, is loose to wreak havoc upon the land. Life under the Lord Ruler is starting to look like paradise in comparison.

While the first book in the trilogy turned the standard fantasy story on its head, this volume (perhaps inevitably?) returns in a way to the tropes the first volume was a reaction against. Yet in this case the enemy is not a human or humanlike Dark Lord, but something more like a force of nature—entropy itself given a will and a guiding personality in the form of Ruin.

Ultimately, the book is about how the characters we have grown to love from the previous volumes—Vin, Elend, Sazed, TenSoon, Spook, Marsh, and others—find the courage and faith to fight on in the face of overwhelming odds, just as Kelsier taught them when he plotted the downfall of the Final Empire.",Open Library
El camino de los reyes,Alta fantasia / epica,The Way of Kings,Brandon Sanderson,2010.0,Open Library,2010.0,2010.0,"Widely acclaimed for his work completing Robert Jordan’s Wheel of Time saga, Brandon Sanderson now begins a grand cycle of his own, one every bit as ambitious and immersive.

Roshar is a world of stone and storms. Uncanny tempests of incredible power sweep across the rocky terrain so frequently that they have shaped ecology and civilization alike. Animals hide in shells, trees pull in branches, and grass retracts into the soilless ground. Cities are built only where the topography offers shelter.

It has been centuries since the fall of the ten consecrated orders known as the Knights Radiant, but their Shardblades and Shardplate remain: mystical swords and suits of armor that transform ordinary men into near-invincible warriors. Men trade kingdoms for Shardblades. Wars are fought for them, and won by them.

One such war rages on a ruined landscape called the Shattered Plains. There, Kaladin, who traded his medical apprenticeship for a spear, has been reduced to slavery. In a war that makes no sense, where ten armies fight separately against a single foe, he struggles to save his men and to fathom the leaders who consider them expendable.

Brightlord Dalinar Kholin commands one of those other armies. Like his brother, the late king, he is fascinated by an ancient text called The Way of Kings. Troubled by overpowering visions of ancient times and the Knights Radiant, he has begun to doubt his own sanity.

Across the ocean, an untried young woman named Shallan seeks to train under the eminent scholar and notorious heretic Jasnah Kholin, Dalinar’s niece. Though she genuinely loves learning, Shallan’s motives are less than pure. As she plans a daring theft, her research for Jasnah hints at secrets of the Knights Radiant and the true cause of the war.

The result of more than ten years of planning, writing, and worldbuilding, The Way of Kings is but the opening movement of the Stormlight Archive, a bold masterpiece in the making.

Speak again the ancient oaths,

Life before death.
Strength before weakness.
Journey before destination.

and return to men the Shards they once bore.

The Knights Radiant must stand again.

-From Cover Flap",Open Library
El archivo de las tormentas,Alta fantasia / epica,Wind and Truth,Brandon Sanderson,2024.0,Open Library,2024.0,2020.0,"The long-awaited explosive climax to the first arc of the #1New York Timesbestselling Stormlight Archive―the iconic epic fantasy masterpiece that has sold more than 10 million copies, from acclaimed bestselling author Brandon Sanderson.

Dalinar Kholin challenged the evil god Odium to a contest of champions with the future of Roshar on the line. The Knights Radiant have only ten days to prepare―and the sudden ascension of the crafty and ruthless Taravangian to take Odium’s place has thrown everything into disarray.

Desperate fighting continues simultaneously worldwide―Adolin in Azir, Sigzil and Venli at the Shattered Plains, and Jasnah in Thaylenah. The former assassin, Szeth, must cleanse his homeland of Shinovar from the dark influence of the Unmade. He is accompanied by Kaladin, who faces a new battle helping Szeth fight his own demons . . . and who must do the same for the insane Herald of the Almighty, Ishar.

At the same time, Shallan, Renarin, and Rlain work to unravel the mystery behind the Unmade Ba-Ado-Mishram and her involvement in the enslavement of the singer race and in the ancient Knights Radiant killing their spren. And Dalinar and Navani seek an edge against Odium’s champion that can be found only in the Spiritual Realm, where memory and possibility combine in chaos. The fate of the entire Cosmere hangs in the balance.",Open Library
La rueda del tiempo,Alta fantasia / epica,The Gathering Storm,"Robert Jordan, Brandon Sanderson",2009.0,Open Library,2009.0,2000.0,"Rand al'Thor, the Dragon Reborn, struggles to unite a fractured network of kingdoms and alliances in preparation for the Last Battle. Meanwhile, Egwene al'Vere, the Amyrlin Seat of the rebel Aes Sedai, is being held captive by the White Tower. Knowing the Seanchan attack is imminent, she fights to hold the Aes Sedai together in an epic contest that will prove the mettle of her followers and will decide the future of the White Tower---and possibly the world itself. The first of three novels that will make up ""A Memory of Light"" and mark the conclusion of the Wheel of Time.",Open Library
El priorato del naranjo,Alta fantasia / epica,El priorato del naranjo,"Samantha Shannon, Jorge Rizzo",2019.0,Open Library,2019.0,2010.0,,
Trono de Cristal,Romantasy (fantasia romantica),Throne of Glass,Sarah J. Maas,2012.0,Open Library,2012.0,2010.0,"Lethal. Loyal. Legendary.

Enter the world of Throne of Glass with the first book in the #1 bestselling series by Sarah J. Maas.

In a land without magic, an assassin is summoned to the castle. She has no love for the vicious king who rules from his throne of glass, but she has not come to kill him. She has come to win her freedom. If she defeats twenty-three murderers, thieves, and warriors in a competition, she will be released from prison to serve as the King’s Champion.

Her name is Celaena Sardothien.

The Crown Prince will provoke her. The Captain of the Guard will protect her. And a princess from a faraway country will befriend her. But something rotten dwells in the castle, and it’s there to kill. When her competitors start dying mysteriously, one by one, Celaena’s fight for freedom becomes a fight for survival—and a desperate quest to root out the evil before it destroys her world.",Open Library
Una Corte de Rosas y Espinas,Romantasy (fantasia romantica),A Court of Thorns and Roses,Sarah J. Maas,2013.0,Open Library,2013.0,2010.0,"When nineteen-year-old huntress Feyre kills a wolf in the woods, a terrifying creature arrives to demand retribution. Dragged to a treacherous magical land she knows about only from legends, Feyre discovers that her captor is not truly a beast, but one of the lethal, immortal faeries who once ruled her world.

At least, he's not a beast all the time.

As she adapts to her new home, her feelings for the faerie, Tamlin, transform from icy hostility into a fiery passion that burns through every lie she's been told about the beautiful, dangerous world of the Fae. But something is not right in the faerie lands. An ancient, wicked shadow is growing, and Feyre must find a way to stop it, or doom Tamlin-and his world-forever.",Open Library
Cuarto Ala,Romantasy (fantasia romantica),El Inca Garcilaso de la Vega,Hernán Amat Olazabal,2012.0,Open Library,2012.0,2010.0,,
Una corte de niebla y furia,Romantasy (fantasia romantica),Una corte de niebla y furia,Sarah J. Maas,2014.0,Open Library,2014.0,2010.0,"Feyre has undergone more trials than one human woman can carry in her heart. Though she's now been granted the powers and lifespan of the High Fae, she is haunted by her time Under the Mountain and the terrible deeds she performed to save the lives of Tamlin and his people.

As her marriage to Tamlin approaches, Feyre's hollowness and nightmares consume her. She finds herself split into two different people: one who upholds her bargain with Rhysand, High Lord of the feared Night Court, and one who lives out her life in the Spring Court with Tamlin. While Feyre navigates a dark web of politics, passion, and dazzling power, a greater evil looms. She might just be the key to stopping it, but only if she can harness her harrowing gifts, heal her fractured soul, and decide how she wishes to shape her future-and the future of a world in turmoil.

Bestselling author Sarah J. Maas's masterful storytelling brings this second book in her dazzling, sexy, action-packed series to new heights.",Open Library
Una corte de alas y ruina,Romantasy (fantasia romantica),A Court of Wings and Ruin,Sarah J. Maas,2017.0,Open Library,2017.0,2010.0,"Looming war threatens all Feyre holds dear in the third volume of the #1 New York Times bestselling A Court of Thorns and Roses series.

Feyre has returned to the Spring Court, determined to gather information on Tamlin's manoeuvrings and the invading king threatening to bring Prythian to its knees. But to do so she must play a deadly game of deceit – and one slip may spell doom not only for Feyre, but for her world as well.

As war bears down upon them all, Feyre must decide who to trust amongst the dazzling and lethal High Lords – and hunt for allies in unexpected places.

In this thrilling third book in the #1 New York Times bestselling series from Sarah J. Maas, the earth will be painted red as mighty armies grapple for power over the one thing that could destroy them all.",Open Library
Reina de sombras,Romantasy (fantasia romantica),Queen of Shadows,Sarah J. Maas,2015.0,Open Library,2015.0,2010.0,"Everyone Celaena Sardothien loves has been taken from her. But she's at last returned to the empire-for vengeance, to rescue her once-glorious kingdom, and to confront the shadows of her past...

She has embraced her identity as Aelin Galathynius, Queen of Terrasen. But before she can reclaim her throne, she must fight.

She will fight for her cousin, a warrior prepared to die just to see her again. She will fight for her friend, a young man trapped in an unspeakable prison. And she will fight for her people, enslaved to a brutal king and awaiting their lost queen's triumphant return.

Celaena's epic journey has captured the hearts and imaginations of millions across the globe. This fourth volume will hold readers rapt as Celaena's story builds to a passionate, agonizing crescendo that might just shatter her world.",Open Library
Fourth Wing,Romantasy (fantasia romantica),Fourth Wing,Rebecca Yarros,2023.0,Open Library,2023.0,2020.0,"Twenty-year-old Violet Sorrengail was supposed to enter the Scribe Quadrant, living a quiet life among books and history. Now, the commanding general—also known as her tough-as-talons mother—has ordered Violet to join the hundreds of candidates striving to become the elite of Navarre: dragon riders.

But when you’re smaller than everyone else and your body is brittle, death is only a heartbeat away...because dragons don’t bond to “fragile” humans. They incinerate them.

With fewer dragons willing to bond than cadets, most would kill Violet to better their own chances of success. The rest would kill her just for being her mother’s daughter—like Xaden Riorson, the most powerful and ruthless wingleader in the Riders Quadrant.

She’ll need every edge her wits can give her just to see the next sunrise.

Yet, with every day that passes, the war outside grows more deadly, the kingdom's protective wards are failing, and the death toll continues to rise. Even worse, Violet begins to suspect leadership is hiding a terrible secret.

Friends, enemies, lovers. Everyone at Basgiath War College has an agenda—because once you enter, there are only two ways out: graduate or die.",Open Library
Iron Flame,Romantasy (fantasia romantica),Iron Flame,Rebecca Yarros,2023.0,Open Library,2023.0,2020.0,"“The first year is when some of us lose our lives. The second year is when the rest of us lose our humanity.” —Xaden Riorson

Everyone expected Violet Sorrengail to die during her first year at Basgiath War College—Violet included. But Threshing was only the first impossible test meant to weed out the weak-willed, the unworthy, and the unlucky.

Now the real training begins, and Violet’s already wondering how she’ll get through. It’s not just that it’s grueling and maliciously brutal, or even that it’s designed to stretch the riders’ capacity for pain beyond endurance. It’s the new vice commandant, who’s made it his personal mission to teach Violet exactly how powerless she is–unless she betrays the man she loves.

Although Violet’s body might be weaker and frailer than everyone else’s, she still has her wits—and a will of iron. And leadership is forgetting the most important lesson Basgiath has taught her: Dragon riders make their own rules.

But a determination to survive won’t be enough this year.

Because Violet knows the real secret hidden for centuries at Basgiath War College—and nothing, not even dragon fire, may be enough to save them in the end.",Open Library
Onyx Storm,Romantasy (fantasia romantica),Alas de ónix,Rebecca Yarros,2025.0,Open Library,2025.0,2020.0,"After nearly eighteen months at Basgiath War College, Violet Sorrengail knows there’s no more time for lessons. No more time for uncertainty. Because the battle has truly begun, and with enemies closing in from outside their walls and within their ranks, it’s impossible to know who to trust.

Now Violet must journey beyond the failing Aretian wards to seek allies from unfamiliar lands to stand with Navarre. The trip will test every bit of her wit, luck, and strength, but she will do anything to save what she loves—her dragons, her family, her home, and him.

Even if it means keeping a secret so big, it could destroy everything. They need an army. They need power. They need magic. And they need the one thing only Violet can find—the truth. But a storm is coming...and not everyone can survive its wrath.",Open Library
Powerless,Romantasy (fantasia romantica),Powerless,Lauren Roberts,2023.0,Open Library,2023.0,2020.0,"Only the extraordinary belong in the kingdom of Ilya—the exceptional, the empowered, the Elites.

The powers these Elites have possessed for decades were graciously gifted to them by the Plague, though not all were fortunate enough to both survive the sickness and reap the reward. Those born Ordinary are just that—ordinary. And when the king decreed that all Ordinaries be banished in order to preserve his Elite society, lacking an ability suddenly became a crime—making Paedyn Gray a felon by fate and a thief by necessity.

Surviving in the slums as an Ordinary is no simple task, and Paedyn knows this better than most. Having been trained by her father to be overly observant since she was a child, Paedyn poses as a Psychic in the crowded city, blending in with the Elites as best she can in order to stay alive and out of trouble. Easier said than done.

When Paeydn unsuspectingly saves one of Ilyas princes, she finds herself thrown into the Purging Trials. The brutal competition exists to showcase the Elites’ powers—the very thing Paedyn lacks. If the Trials and the opponents within them don’t kill her, the prince she’s fighting feelings for certainly will if he discovers what she is—completely Ordinary. [Powerless pdf](https://chesserresources.com/doc/powerless-by-lauren-roberts-pdf/)",Open Library
Reckless,Romantasy (fantasia romantica),Reckless,Lauren Roberts,2024.0,Open Library,2024.0,2020.0,"**Paedyn and Kai battle with duty and desire in this highly anticipated second installment in the sizzling and epic romantic fantasy trilogy that’s packed with spicy tension and edge-of-your-seat betrayal.**

The kingdom of Ilya is in turmoil…

After surviving the Purging Trials, Ordinary-born Paedyn Gray has killed the King and kickstarted a Resistance throughout the land. Now she’s running from the one person she had wanted to run to.

Kai Azer is now Ilya’s Enforcer, loyal to his brother Kitt, the new King. He has vowed to find Paedyn and bring her to justice.

Across the deadly Scorches, and deep into the hostile city of Dor, Kai pursues the one person he wishes he didn’t have to. But in a city without Elites, the balance between the hunter and hunted shifts—and the battle between duty and desire is deadly.",Open Library
Divine Rivals,Romantasy (fantasia romantica),Divine Rivals,Rebecca Ross,2023.0,Open Library,2023.0,2020.0,"Eighteen-year-old Iris dreams that one day her writing will make a difference. A war between gods is raging, and she’s landed a prestigious job at the Oath Gazette.

But at home, she’s barely holding it together. Her brother is missing on the frontline. Her mother is lost in a haze of addiction. And each night Iris pours her heart out in letters to her brother.

Letters that will never be answered. Or so she thinks…

Her letters have made their way into the hands of the last person Iris trusts: Roman Kitt, her cold, unforgiving rival at the paper. When he anonymously writes back, they forge a magical connection that will seal their fate forever.",Open Library
Ruthless Vows,Romantasy (fantasia romantica),Ruthless Vows,Rebecca Ross,2023.0,Open Library,2023.0,2020.0,"Iris has returned home bruised and heartbroken from the front, but the war is far from over. Roman is gone, lost behind enemy lines, with no memory of his past, or Iris.

Hoping his memories return, Roman begins to write again – but this time for the enemy. When a strange letter arrives beneath his wardrobe door, he strikes up with its mysterious yet hauntingly familiar author.

Iris and Roman are drawn together by their words once more only for the war to demand the greatest sacrifice: their hearts.",Open Library
Érase una vez un corazón roto,Romantasy (fantasia romantica),Once Upon a Broken Heart,Stephanie Garber,2021.0,Open Library,2021.0,2020.0,"***How far would you go for happily ever after?***

For as long as she can remember, Evangeline Fox has believed in true love and happy endings... until she learns that the love of her life will marry another.

Desperate to stop the wedding and to heal her wounded heart, Evangeline strikes a deal with the charismatic but wicked Prince of Hearts. In exchange for his help, he asks for three kisses, to be given at the time and place of his choosing.

But after Evangeline's first promised kiss, she learns that bargaining with an immortal is a dangerous game―and that the Prince of Hearts wants far more from her than she'd pledged. He has plans for Evangeline, plans that will either end in the greatest happily ever after or the most exquisite tragedy...",Open Library
La balada del príncipe roto,Romantasy (fantasia romantica),,,,,,,,
La vida invisible de Addie LaRue,Romantasy (fantasia romantica),The Invisible Life of Addie LaRue,V. E. Schwab,2015.0,Open Library,2015.0,2010.0,"France, 1714: in a moment of desperation, a young woman makes a Faustian bargain to live forever and is cursed to be forgotten by everyone she meets.

Thus begins the extraordinary life of Addie LaRue, and a dazzling adventure that will play out across centuries and continents, across history and art, as a young woman learns how far she will go to leave her mark on the world.

But everything changes when, after nearly 300 years, Addie stumbles across a young man in a hidden bookstore and he remembers her name.",Open Library
Stardust,Romantasy (fantasia romantica),Stardust,Neil Gaiman,1997.0,Open Library,1997.0,1990.0,"E-book extra: Neil Gaiman's ""Writing and the Imagination.""In the tranquil fields and meadows of long-ago England, there is a small hamlet that has stood on a jut of granite for 600 years. Just to the east stands a high stone wall, for which the village is named. Here, in the hamlet of Wall, young Tristran Thorn has lost his heart to the hauntingly beautiful Victoria Forester. And here, one crisp October eve, Tristran makes his love a promise -- an impetuous vow that will send him through the only breach in the wall, across the pasture ... and into the most exhilarating adventure of his life.",Open Library
Carry On,Romantasy (fantasia romantica),Carry On,Rainbow Rowell,2015.0,Open Library,2015.0,2010.0,"Simon Snow is the worst Chosen One who’s ever been chosen.

That’s what his roommate, Baz, says. And Baz might be evil and a vampire and a complete git, but he’s probably right.

Half the time, Simon can’t even make his wand work, and the other half, he sets something on fire. His mentor’s avoiding him, his girlfriend broke up with him, and there’s a magic-eating monster running around wearing Simon’s face. Baz would be having a field day with all this, if he were here—it’s their last year at the Watford School of Magicks, and Simon’s infuriating nemesis didn’t even bother to show up.",Open Library
Sombra y Hueso,Fantasia oscura / gotica,Shadow and Bone,Leigh Bardugo,2012.0,Open Library,2012.0,2010.0,"Orphaned by the Border Wars, Alina Starkov is taken from obscurity and her only friend, Mal, to become the protegé of the mysterious Darkling, who trains her to join the magical elite in the belief that she is the Sun Summoner, who can destroy the monsters of the Fold.",Open Library
Drácula,Fantasia oscura / gotica,Dracula,Bram Stoker,1897.0,Open Library,1897.0,1890.0,"Na história, um casal e seus amigos são atormentados por Conde Drácula, uma entidade sobrenatural e hematófoga que, presa em uma maldição contagiosa, pretende se mudar de seu recluso castelo na Transilvânia para a efervescente Londres do século XIX. Com a ajuda do professor Van Helsing, o grupo de amigos pretende enfrentar o morto-vivo, mesmo com todos os perigos que a ofensiva trará.",Open Library
Vicious,Fantasia oscura / gotica,Vicious,V. E. Schwab,2013.0,Open Library,2013.0,2010.0,"**A masterful tale of ambition, jealousy, desire, and superpowers.**

Victor and Eli started out as college roommates—brilliant, arrogant, lonely boys who recognized the same sharpness and ambition in each other. In their senior year, a shared research interest in adrenaline, near-death experiences, and seemingly supernatural events reveals an intriguing possibility: that under the right conditions, someone could develop extraordinary abilities. But when their thesis moves from the academic to the experimental, things go horribly wrong.

Ten years later, Victor breaks out of prison, determined to catch up to his old friend (now foe), aided by a young girl whose reserved nature obscures a stunning ability. Meanwhile, Eli is on a mission to eradicate every other super-powered person that he can find—aside from his sidekick, an enigmatic woman with an unbreakable will. Armed with terrible power on both sides, driven by the memory of betrayal and loss, the archnemeses have set a course for revenge—but who will be left alive at the end?

In *Vicious*, V. E. Schwab brings to life a gritty comic-book-style world in vivid prose: a world where gaining superpowers doesn't automatically lead to heroism, and a time when allegiances are called into question.",Open Library
Berserk,Fantasia oscura / gotica,ベルセルク 1,三浦建太郎,1990.0,Open Library,1990.0,1990.0,"Created by Kenturo Miura, Berserk is manga mayhem to the extreme - violent, horrifying, and mercilessly funny - and the wellspring for the internationally popular anime series. Not for the squeamish or the easily offended, Berserk asks for no quarter - and offers none!

His name is Guts, the Black Swordsman, a feared warrior spoken of only in whispers. Bearer of a gigantic sword, an iron hand, and the scars of countless battles and tortures, his flesh is also indelibly marked with The Brand, an unholy symbol that draws the forces of darkness to him and dooms him as their sacrifice. But Guts won't take his fate lying down; he'll cut a crimson swath of carnage through the ranks of the damned - and anyone else foolish enough to oppose him! Accompanied by Puck the Elf, more an annoyance than a companion, Guts relentlessly follows a dark, bloodstained path that leads only to death...or vengeance.",Open Library
The Witcher,Fantasia oscura / gotica,Ostatnie Życzenie,Andrzej Sapkowski,1993.0,Open Library,1993.0,1990.0,"Pozycja, która przedstawia początki historii słynnego Geralta z Rivii. Sięgnij po tę lekturę i zanurz się w świecie, pełnym niebezpiecznych stworzeń, nierzadko napadających na ludzkie osady.

""Ostatnie życzenie"" to jeden ze zbiorów opowiadań z cyklu wiedźmińskiego, który zdobył ogromną popularność nie tylko w Polsce, ale i na całym świecie, między innymi za sprawą gry komputerowej, a następnie dzięki serialowi, wyprodukowanemu przez platformę Netflix.

Główny bohater, Geralt z Rivii, jest wiedźminem, czyli osobą, która w zamian za wynagrodzenie, pozbywa się rozlicznych potworów. Działa według ściśle określonego systemu moralnego, dzieląc wszystko na to, co dobre i na to, co złe, nie uznając natomiast niczego pośrodku. Nie zabija, jeśli nie musi tego robić. Woli stawiać na uroki, które czasem też mogą rozwiązać problem. W trakcie swoich przygód poznaje piękną czarodziejkę, Yennefer, która wzbudza w nim fascynację. Jakie zlecenia czekają na niego w najbliższej przyszłości?",Open Library
La novena casa,Fantasia oscura / gotica,Ninth House,Leigh Bardugo,2019.0,Open Library,2019.0,2010.0,"Galaxy “Alex” Stern is the most unlikely member of Yale’s freshman class. Raised in the Los Angeles hinterlands by a hippie mom, Alex dropped out of school early and into a world of shady drug dealer boyfriends, dead-end jobs, and much, much worse. By age twenty, in fact, she is the sole survivor of a horrific, unsolved multiple homicide. Some might say she’s thrown her life away. But at her hospital bed, Alex is offered a second chance: to attend one of the world’s most elite universities on a full ride. What’s the catch, and why her?

Still searching for answers to this herself, Alex arrives in New Haven tasked by her mysterious benefactors with monitoring the activities of Yale’s secret societies. These eight windowless “tombs” are well-known to be haunts of the future rich and powerful, from high-ranking politicos to Wall Street and Hollywood’s biggest players. But their occult activities are revealed to be more sinister and more extraordinary than any paranoid imagination might conceive.",Open Library
Hell Bent,Fantasia oscura / gotica,Hell Bent,Leigh Bardugo,2023.0,Open Library,2023.0,2020.0,"Find a gateway to the underworld. Steal a soul out of hell. A simple plan, except people who make this particular journey rarely come back. But Galaxy “Alex” Stern is determined to break Darlington out of purgatory—even if it costs her a future at Lethe and at Yale.

Forbidden from attempting a rescue, Alex and Dawes can’t call on the Ninth House for help, so they assemble a team of dubious allies to save the gentleman of Lethe. Together, they will have to navigate a maze of arcane texts and bizarre artifacts to uncover the societies’ most closely guarded secrets, and break every rule doing it. But when faculty members begin to die off, Alex knows these aren’t just accidents. Something deadly is at work in New Haven, and if she is going to survive, she’ll have to reckon with the monsters of her past and a darkness built into the university’s very walls.",Open Library
El océano al final del camino,Fantasia oscura / gotica,The Ocean at the End of the Lane,Neil Gaiman,2013.0,Open Library,2013.0,2010.0,"A middle-aged man returns to his childhood home to attend a funeral. Although the house he lived in is long gone, he is drawn to the farm at the end of the road, where, when he was seven, he encountered a most remarkable girl, Lettie Hempstock, and her mother and grandmother. He hasn't thought of Lettie in decades, and yet as he sits by the pond (a pond that she'd claimed was an ocean) behind the ramshackle old farmhouse, the unremembered past comes flooding back. And it is a past too strange, too frightening, too dangerous to have happened to anyone, let alone a small boy.

Forty years earlier, a man committed suicide in a stolen car at this farm at the end of the road. Like a fuse on a firework, his death lit a touchpaper and resonated in unimaginable ways. The darkness was unleashed, something scary and thoroughly incomprehensible to a little boy. And Lettie—magical, comforting, wise beyond her years—promised to protect him, no matter what.

A groundbreaking work from a master, The Ocean at the End of the Lane is told with a rare understanding of all that makes us human, and shows the power of stories to reveal and shelter us from the darkness inside and out. It is a stirring, terrifying, and elegiac fable as delicate as a butterfly's wing and as menacing as a knife in the dark.",Open Library
Elric de Melniboné,Fantasia oscura / gotica,Elric of Melniboné,Michael Moorcock,1972.0,Open Library,1972.0,1970.0,"**Elric of Melniboné** is a 1972 fantasy novel by **Michael Moorcock**. It is the first original full-length novel to feature **Elric**, the last emperor of the stagnating island civilisation of Melniboné who wields the cursed, soul-drinking sword **Stormbringer**.",Open Library
The Poppy War,Fantasia oscura / gotica,The Poppy War,R. F. Kuang,2018.0,Open Library,2018.0,2010.0,"A brilliantly imaginative talent makes her exciting debut with this epic historical military fantasy, inspired by the bloody history of China’s twentieth century and filled with treachery and magic, in the tradition of Ken Liu’s Grace of Kings and N.K. Jemisin’s Inheritance Trilogy.

When Rin aced the Keju—the Empire-wide test to find the most talented youth to learn at the Academies—it was a shock to everyone: to the test officials, who couldn’t believe a war orphan from Rooster Province could pass without cheating; to Rin’s guardians, who believed they’d finally be able to marry her off and further their criminal enterprise; and to Rin herself, who realized she was finally free of the servitude and despair that had made up her daily existence. That she got into Sinegard—the most elite military school in Nikan—was even more surprising.

But surprises aren’t always good.

Because being a dark-skinned peasant girl from the south is not an easy thing at Sinegard. Targeted from the outset by rival classmates for her color, poverty, and gender, Rin discovers she possesses a lethal, unearthly power—an aptitude for the nearly-mythical art of shamanism. Exploring the depths of her gift with the help of a seemingly insane teacher and psychoactive substances, Rin learns that gods long thought dead are very much alive—and that mastering control over those powers could mean more than just surviving school.

For while the Nikara Empire is at peace, the Federation of Mugen still lurks across a narrow sea. The militarily advanced Federation occupied Nikan for decades after the First Poppy War, and only barely lost the continent in the Second. And while most of the people are complacent to go about their lives, a few are aware that a Third Poppy War is just a spark away . . .

Rin’s shamanic powers may be the only way to save her people. But as she finds out more about the god that has chosen her, the vengeful Phoenix, she fears that winning the war may cost her humanity . . . and that it may already be too late.",Open Library
La guerra de la amapola,Fantasia oscura / gotica,La guerra de la amapola,R. F. Kuang,2023.0,Open Library,2023.0,2020.0,,
Coraline,Fantasia oscura / gotica,Coraline,Neil Gaiman,2001.0,Open Library,2001.0,2000.0,"When Coraline steps through a door to find another house strangely similar to her own (only better), things seem marvelous.

But there's another mother there, and another father, and they want her to stay and be their little girl. They want to change her and never let her go.

Coraline will have to fight with all her wit and courage if she is to save herself and return to her ordinary life.",Open Library
A Darker Shade of Magic,Fantasia oscura / gotica,A Darker Shade of Magic,V. E. Schwab,2015.0,Open Library,2015.0,2010.0,"STEP INTO A UNIVERSE OF DARING ADVENTURE, THRILLING POWER, AND MULTIPLE LONDONS.

Kell is one of the last travelers--magicians with a rare, coveted ability to travel between parallel universes connected by one magic city.

There's Grey London, dirty and boring, without any magic, and with one mad king--George III. Red London, where life and magic are revered--and where Kell was raised alongside Rhy Maresh, the roguish heir to a flourishing empire. White London--a place where people fight to control magic and the magic fights back, draining the city to its very bones. And once upon a time, there was Black London. But no one speaks of that now.

Officially, Kell is the Red Traveler, ambassador of the Maresh Empire, carrying the monthly correspondences between the royals of each London. Unofficially, Kell is a smuggler, servicing people willing to pay for even the smallest glimpses of a world they'll never see. It's a defiant hobby with dangerous consequences, which Kell is now seeing firsthand.

Fleeing into Grey London, Kell runs into Delilah Bard, a cutpurse with lofty aspirations. She first robs him, then saves him from a deadly enemy, and finally forces Kell to spirit  her to another world for a proper adventure.

Now perilous magic is afoot, and treachery lurks at every turn. To save all of the worlds, they'll first need to stay alive.

This description comes from the publisher. *A Darker Shade of Magic* is the first book of the Shades of Magic trilogy.",Open Library
The Locked Tomb,Fantasia oscura / gotica,Into the Mummy's Tomb,"John Richard Stephens, Arthur Edward Pearse Brome Weigall, Louisa May Alcott, Arthur Conan Doyle, Tennessee Williams, H.P. Lovecraft, Howard Carter, A. C. Mace, Agatha Christie, Mark Twain, H. Rider Haggard, Edgar Allan Poe, Ray Bradbury, Elizabeth Peters, Sax Rohmer, Anne Rice, Bram Stoker",2001.0,Open Library,2001.0,2000.0,"Arthur Weigall
Thc Malevolence of Ancient Egyptian Spirits
Louisa May Alcott
Lost in a Pyramid, or The Mummy's Curse
Various Egyptologists
Raiding Mummies' Tombs
Sir Arthur Conan Doyle
The Ring of Thoth
Tennessee Williams
The Vengeance of Nitocris
H. P. Lovecraft
Under thc Pyramids
Howard Carter, with A. C. Mace
Opening King Tutankhamen's Tomb
Agatha Christie
The Adventure of the Egyptian Tomb
An Ancient Egyptian Priest
The Demon-Possessed Princess
Mark Twain
The Majestic Sphinx
Sir H. Rider Haggard
Smith and thc Pharaohs
Edgar Allan Poe
Some Words with a Mummy
Ray Bradbury
Colonel Stonesteel's Genuine Horne-Made
Truly Egyptian Mummy
Rudyard Kipling
Dead Kings (excerpt)
Sir Arthur Conan Doyle
Lot No. 249
Elizabeth Peters
The Locked Tomb Mystery
Sax Rohmer
Thc Death-Ring of Sncfcru
Anne Rice
The Mummy or Ramses the Damned (excerpt)
Bram Stoker
The Jewel of Seven Stars (abridged)",Open Library
Gideon the Ninth,Fantasia oscura / gotica,Gideon the Ninth,Tamsyn Muir,2019.0,Open Library,2019.0,2010.0,"""The Emperor needs necromancers.

The Ninth Necromancer needs a swordswoman.

Gideon has a sword, some dirty magazines, and no more time for undead nonsense.

Tamsyn Muir’s Gideon the Ninth unveils a solar system of swordplay, cut-throat politics, and lesbian necromancers. Her characters leap off the page, as skillfully animated as arcane revenants. The result is a heart-pounding epic science fantasy.

Brought up by unfriendly, ossifying nuns, ancient retainers, and countless skeletons, Gideon is ready to abandon a life of servitude and an afterlife as a reanimated corpse. She packs up her sword, her shoes, and her dirty magazines, and prepares to launch her daring escape. But her childhood nemesis won’t set her free without a service.

Harrowhark Nonagesimus, Reverend Daughter of the Ninth House and bone witch extraordinaire, has been summoned into action. The Emperor has invited the heirs to each of his loyal Houses to a deadly trial of wits and skill. If Harrowhark succeeds she will be become an immortal, all-powerful servant of the Resurrection, but no necromancer can ascend without their cavalier. Without Gideon’s sword, Harrow will fail, and the Ninth House will die.

Of course, some things are better left dead.""",Open Library
Mexican Gothic,Fantasia oscura / gotica,Mexican Gothic,Silvia Moreno-Garcia,2020.0,Open Library,2020.0,2020.0,"An isolated mansion. A chillingly charismatic aristocrat. And a brave socialite drawn to expose their treacherous secrets. . . . From the author of Gods of Jade and Shadow comes “a terrifying twist on classic gothic horror” (Kirkus Reviews) set in glamorous 1950s Mexico.

After receiving a frantic letter from her newly-wed cousin begging for someone to save her from a mysterious doom, Noemí Taboada heads to High Place, a distant house in the Mexican countryside. She’s not sure what she will find—her cousin’s husband, a handsome Englishman, is a stranger, and Noemí knows little about the region.   
 
Noemí is also an unlikely rescuer: She’s a glamorous debutante, and her chic gowns and perfect red lipstick are more suited for cocktail parties than amateur sleuthing. But she’s also tough and smart, with an indomitable will, and she is not afraid: Not of her cousin’s new husband, who is both menacing and alluring; not of his father, the ancient patriarch who seems to be fascinated by Noemí; and not even of the house itself, which begins to invade Noemi’s dreams with visions of blood and doom.
 
Her only ally in this inhospitable abode is the family’s youngest son. Shy and gentle, he seems to want to help Noemí, but might also be hiding dark knowledge of his family’s past. For there are many secrets behind the walls of High Place. The family’s once colossal wealth and faded mining empire kept them from prying eyes, but as Noemí digs deeper she unearths stories of violence and madness. 
 
And Noemí, mesmerized by the terrifying yet seductive world of High Place, may soon find it impossible to ever leave this enigmatic house behind.",Open Library
The Hazel Wood,Fantasia oscura / gotica,The Hazel Wood,Melissa Albert,2017.0,Open Library,2017.0,2010.0,"When the scary, magical world in her grandmother's book of dark feminist fairy tales becomes real, seventeen-year-old Alice, partnered with Ellery, an obsessed fan of the fairy tales, must enter the world to rescue Alice's kidnapped mother.",Open Library
Jonathan Strange y el señor Norrell,Fantasia oscura / gotica,Jonathan Strange and Mr. Norrell,Susanna Clarke,2001.0,Open Library,2001.0,2000.0,"Published in 2004, it is an alternative history set in 19th-century England around the time of the Napoleonic Wars. Its premise is that magic once existed in England and has returned with two men: Gilbert Norrell and Jonathan Strange. Centred on the relationship between these two men, the novel investigates the nature of ""Englishness"" and the boundaries between reason and unreason, Anglo-Saxon and Anglo-Dane, and Northern and Southern English cultural tropes/stereotypes. It has been described as a fantasy novel, an alternative history, and a historical novel. It inverts the Industrial Revolution conception of the North-South divide in England: in this book the North is romantic and magical, rather than rational and concrete.",Open Library
Piranesi,Fantasia oscura / gotica,Piranesi,Susanna Clarke,2020.0,Open Library,2020.0,2020.0,"**From the *New York Times* bestselling author of *Jonathan Strange & Mr. Norrell*, an intoxicating, hypnotic new novel set in a dreamlike alternative reality.**

Piranesi's house is no ordinary building; its rooms are infinite, its corridors endless, its walls are lined with thousands upon thousands of statues, each one different from all the others. Within the labyrinth of halls an ocean is imprisoned; waves thunder up staircases, rooms are flooded in an instant. But Piranesi is not afraid; he understands the tides as he understands the pattern of the labyrinth itself. He lives to explore the house.

There is one other person in the house--a man called The Other, who visits Piranesi twice a week and asks for help with research into A Great and Secret Knowledge. But as Piranesi explores, evidence emerges of another person, and a terrible truth begins to unravel, revealing a world beyond the one Piranesi has always known.

For readers of Neil Gaiman's *The Ocean at the End of the Lane* and fans of Madeline Miller's *Circe*, *Piranesi* introduces an astonishing new world, an infinite labyrinth full of startling images of surreal beauty, haunted by the tides and the clouds.

This description comes from the publisher.",Open Library
Outlander,Romance historico / gotico,Outlander,Diana Gabaldon,1991.0,Open Library,1991.0,1990.0,"Unrivaled storytelling. Unforgettable characters. Rich historical detail. These are the hallmarks of Diana Gabaldon’s work. Her New York Times bestselling Outlander novels have earned the praise of critics and captured the hearts of millions of fans. Here is the story that started it all, introducing two remarkable characters, Claire Beauchamp Randall and Jamie Fraser, in a spellbinding novel of passion and history that combines exhilarating adventure with a love story for the ages.

One of the top ten best-loved novels in America, as seen on PBS’s The Great American Read!

Scottish Highlands, 1945. Claire Randall, a former British combat nurse, is just back from the war and reunited with her husband on a second honeymoon when she walks through a standing stone in one of the ancient circles that dot the British Isles. Suddenly she is a Sassenach—an “outlander”—in a Scotland torn by war and raiding clans in the year of Our Lord . . . 1743.

Claire is catapulted into the intrigues of a world that threatens her life, and may shatter her heart. Marooned amid danger, passion, and violence, Claire learns her only chance of safety lies in Jamie Fraser, a gallant young Scots warrior. What begins in compulsion becomes urgent need, and Claire finds herself torn betw",Open Library
Jane Eyre,Romance historico / gotico,Jane Eyre,Charlotte Brontë,1847.0,Open Library,1847.0,1840.0,"The novel is set somewhere in the north of England. Jane's childhood at Gateshead Hall, where she is emotionally and physically abused by her aunt and cousins; her education at Lowood School, where she acquires friends and role models but also suffers privations and oppression; her time as the governess of Thornfield Hall, where she falls in love with her Byronic employer, Edward Rochester; her time with the Rivers family, during which her earnest but cold clergyman cousin, St John Rivers, proposes to her. Will she or will she not marry him?",Open Library
Un día de diciembre,Romance historico / gotico,Un día de diciembre,Josie Silver,2020.0,Open Library,2020.0,2020.0,,
Cazadores de Sombras: Ciudad de Hueso,Fantasia urbana,Ciudad de hueso. Cazadores de sombras 1,"Cassandra Clare, Gemma Gallart",2013.0,Open Library,2013.0,2010.0,,
The Infernal Devices,Fantasia urbana,Clockwork Angel,Cassandra Clare,2010.0,Open Library,2010.0,2010.0,"When Tessa Gray crosses the ocean to find her brother in Victorian England, something terrifying is waiting for her in London's Downworld. Kidnapped by the mysterious Dark sisters, who are members of a secret organization called the Pandemonium club, Tessa soon learns that she has the power to transform into another person. The Magister, the shadowy figure who runs the club, will stop at nothing to claim Tessa's power for his own. Friendless and hunted, Tessa takes refuge with the Shadowhunters, warriors dedicated to ridding the world of demons. She soon finds herself fascinated by--and torn between--two best friends: James and Will. As Tessa is drawn deep into a plot that threatens to destroy the Shadowhunters, she realizes that she may need to choose between saving her brother and helping her new friends save the world...and that love may be the most dangerous magic of all. [cover]",Open Library
Cazadores de sombras,Fantasia urbana,Cazadores de sombras,"Cassandra Clare, Patricia Nunes Martínez",2013.0,Open Library,2013.0,2010.0,,
Ciudad de hueso,Fantasia urbana,Ciudad de Hueso : Cazadores de sombras,"Cassandra Clare, Gemma Gallart Álvarez",2019.0,Open Library,2019.0,2010.0,,
Seis de cuervos,Fantasia urbana,Six of Crows,Leigh Bardugo,2015.0,Open Library,2015.0,2010.0,"BOOK ONE of the [Six of Crows Duology](https://openlibrary.org/works/OL19758128W/Six_of_Crows_Crooked_Kingdom)

Six of Crows is a fantasy novel written by the Israeli-American author Leigh Bardugo published by Henry Holt and Co. in 2015. The story follows a thieving crew and is primarily set in the city of Ketterdam, loosely inspired by Dutch Republic–era Amsterdam. The plot is told from third-person viewpoints of seven different characters.

The novel is followed by [Crooked Kingdom](https://openlibrary.org/works/OL17597665W) (2016) and is part of the Grishaverse. 

Followed by: [Crooked Kingdom][2]


  [2]: https://openlibrary.org/works/OL17597665W/Crooked_Kingdom",Open Library
Mitología Nórdica,Mitologia (nordica / celta / griega),Norse Mythology,"Neil Gaiman, Anna Llisterri",2016.0,Open Library,2016.0,2010.0,"Neil Gaiman has long been inspired by ancient mythology in creating the fantastical realms of his fiction. Now he turns his attention back to the source, presenting a bravura rendition of the great northern tales.

In Norse Mythology, Gaiman stays true to the myths in envisioning the major Norse pantheon: Odin, the highest of the high, wise, daring, and cunning; Thor, Odin’s son, incredibly strong yet not the wisest of gods; and Loki―son of a giant―blood brother to Odin and a trickster and unsurpassable manipulator.

Gaiman fashions these primeval stories into a novelistic arc that begins with the genesis of the legendary nine worlds and delves into the exploits of deities, dwarfs, and giants. Once, when Thor’s hammer is stolen, Thor must disguise himself as a woman―difficult with his beard and huge appetite―to steal it back. More poignant is the tale in which the blood of Kvasir―the most sagacious of gods―is turned into a mead that infuses drinkers with poetry. The work culminates in Ragnarok, the twilight of the gods and rebirth of a new time and people.

Through Gaiman’s deft and witty prose emerge these gods with their fiercely competitive natures, their susceptibility to being duped and to duping others, and their tendency to let passion ignite their actions, making these long-ago myths breathe pungent life again.",Open Library
La canción de Aquiles,Mitologia (nordica / celta / griega),The Song of Achilles,Madeline Miller,2011.0,Open Library,2011.0,2010.0,This is the story of the seige of Troy from the perspective of Achilles best-friend Patroclus.  Although Patroclus is outcast from his home for disappointing his father he manages to be the only mortal who can keep up with the half-God Archilles.  Even though many will know the facts behind the story the telling is fresh and engaging.,Open Library
Circe,Mitologia (nordica / celta / griega),Circe,Madeline Miller,2018.0,Open Library,2018.0,2010.0,"In the house of Helios, god of the sun and mightiest of the Titans, a daughter is born. But Circe is a strange child--not powerful, like her father, nor viciously alluring like her mother. Turning to the world of mortals for companionship, she discovers that she does possess power--the power of witchcraft, which can transform rivals into monsters and menace the gods themselves.

Threatened, Zeus banishes her to a deserted island, where she hones her occult craft, tames wild beasts and crosses paths with many of the most famous figures in all of mythology, including the Minotaur, Daedalus and his doomed son Icarus, the murderous Medea, and, of course, wily Odysseus.

But there is danger, too, for a woman who stands alone, and Circe unwittingly draws the wrath of both men and gods, ultimately finding herself pitted against one of the most terrifying and vengeful of the Olympians. To protect what she loves most, Circe must summon all her strength and choose, once and for all, whether she belongs with the gods she is born from, or the mortals she has come to love.

With unforgettably vivid characters, mesmerizing language and page-turning suspense, Circe is a triumph of storytelling, an intoxicating epic of family rivalry, palace intrigue, love and loss, as well as a celebration of indomitable female strength in a man's world.
([source][1])


  [1]: http://madelinemiller.com/circe/",Open Library
Percy Jackson,Mitologia (nordica / celta / griega),The Lightning Thief,Rick Riordan,2005.0,Open Library,2005.0,2000.0,"Twelve-year-old Percy Jackson is on the most dangerous quest of his life.  With the help of a satyr and a daughter of Athena, Percy must journey across the United States to catch a thief who has stolen the original weapon of mass destruction—Zeus’ master bolt.  Along the way, he must face a host of mythological enemies determined to stop him.  Most of all, he must come to terms with a father he has never known, and an Oracle that has warned him of betrayal by a friend.",Open Library
El ladrón del rayo,Mitologia (nordica / celta / griega),The Lightning Thief,Rick Riordan,2005.0,Open Library,2005.0,2000.0,"Twelve-year-old Percy Jackson is on the most dangerous quest of his life.  With the help of a satyr and a daughter of Athena, Percy must journey across the United States to catch a thief who has stolen the original weapon of mass destruction—Zeus’ master bolt.  Along the way, he must face a host of mythological enemies determined to stop him.  Most of all, he must come to terms with a father he has never known, and an Oracle that has warned him of betrayal by a friend.",Open Library
Héroes del Olimpo,Mitologia (nordica / celta / griega),The Lost Hero,Rick Riordan,2010.0,Open Library,2010.0,2010.0,"Jason has a problem. He doesn’t remember anything before waking up on a school bus holding hands with a girl. Apparently she’s his girlfriend Piper, his best friend is a kid named Leo, and they’re all students in the Wilderness School, a boarding school for “bad kids.” What he did to end up here, Jason has no idea―except that everything seems very wrong.

Piper has a secret. Her father has been missing for three days, and her vivid nightmares reveal that he’s in terrible danger. Now her boyfriend doesn’t recognize her, and when a freak storm and strange creatures attack during a school field trip, she, Jason, and Leo are whisked away to someplace called Camp Half-Blood. What is going on?

Leo has a way with tools. His new cabin at Camp Half-Blood is filled with them. Seriously, the place beats Wilderness School hands down, with its weapons training, monsters, and fine-looking girls. What’s troubling is the curse everyone keeps talking about, and that a camper’s gone missing. Weirdest of all, his bunkmates insist they are all―including Leo―related to a god.",Open Library
Gods of Jade and Shadow,Mitologia (nordica / celta / griega),Gods of Jade and Shadow,Silvia Moreno-Garcia,2019.0,Open Library,2019.0,2010.0,"**The Mayan god of death sends a young woman on a harrowing, life-changing journey in this one-of-a-kind fairy tale inspired by Mexican folklore.**

The Jazz Age is in full swing, but Casiopea Tun is too busy cleaning the floors of her wealthy grandfather’s house to listen to any fast tunes. Nevertheless, she dreams of a life far from her dusty small town in southern Mexico. A life she can call her own.

Yet this new life seems as distant as the stars, until the day she finds a curious wooden box in her grandfather’s room. She opens it—and accidentally frees the spirit of the Mayan god of death, who requests her help in recovering his throne from his treacherous brother. Failure will mean Casiopea’s demise, but success could make her dreams come true.

In the company of the strangely alluring god and armed with her wits, Casiopea begins an adventure that will take her on a cross-country odyssey from the jungles of Yucatán to the bright lights of Mexico City—and deep into the darkness of the Mayan underworld.",Open Library
El príncipe cruel,Fae Fantasy,The Cruel Prince,Holly Black,2018.0,Open Library,2018.0,2010.0,"**GUARD YOUR MORTAL HEART.**

JUDE WAS SEVEN WHEN HER PARENTS were murdered and she and her two sisters were stolen away to live in the treacherous High Court of Faerie. Ten years later, Jude wants nothing more than to belong there, despite her mortality. But many of the fey despise humans. Especially Prince Cardan, the youngest and wickedest son of the High King.

To win a place at the Court, she must defy him--and face the consequences.

As Jude becomes more deeply embroiled in palace intrigues and deceptions, she discovers her own capacity for tricker and bloodshed. But as betrayal threatens to drown the Courts of Faerie in violence, Jude will need to risk her life in a dangerous alliance to save her sisters, and Faerie itself.

From #1 *New York Times* bestselling author Holly Black comes the first book in a stunning new trilogy filled with twists and enchantment, as one girl learns the meaning of true power when she finds herself caught in a web of royal faerie intrigue.

This description comes from the publisher. *The Cruel Prince* is the first book of the Folk of the Air trilogy.",Open Library
El rey malvado,Fae Fantasy,El rey malvado,"Holly Black, Jaime Valero",2019.0,Open Library,2019.0,2010.0,,
La reina de nada,Fae Fantasy,La reina de nada,Holly Black,2020.0,Open Library,2020.0,2020.0,,
Las crónicas de Narnia,Fantasia clasica / juvenil,The Last Battle,C. S. Lewis,1956.0,Open Library,1956.0,1950.0,"For the first time, an edition of Lewis's classic fantasy fiction packaged specifically for adults. Complementing the look of the author's non-fiction books, and anticipating the forthcoming Narnia feature films, this edition contains an exclusive ""P.S."" section about the history of the book, plus a round-up of the first six titles. The last days of Narnia, and all hope seems lost as lies and treachery interweave to threaten the destruction of everything. As the battle lines are drawn, old friends are summoned back to Narnia, though none can predict the outcome in this magnificent ending to the famous series. On 9 December 2005, Andrew (Shrek) Adamson's live-action film adaptation of The Lion, the Witch and the Wardrobe will be released by Disney, and it is already being hailed as the biggest film franchise of all time, guaranteed to appeal to adults and children across the globe. The second film is already in development. Sporting breathtaking new photographic covers, these new adult editions of the seven Chronicles of Narnia now give everyone an opportunity to experience the adventures in their original form. Re-live your childhood fantasies or discover for the first time what everyone will be talking about by Christmas and savour some of the best-loved stories ever written.",Open Library
La brújula dorada,Fantasia clasica / juvenil,Northern Lights,Philip Pullman,1995.0,Open Library,1995.0,1990.0,"In a landmark epic of fantasy and storytelling, Philip Pullman invites readers into a world as convincing and thoroughly realized as Narnia, Earthsea, or Redwall. Here lives an orphaned ward named Lyra Belacqua, whose carefree life among the scholars at Oxford's Jordan College is shattered by the arrival of two powerful visitors. First, her fearsome uncle, Lord Asriel, appears with evidence of mystery and danger in the far North, including photographs of a mysterious celestial phenomenon called Dust and the dim outline of a city suspended in the Aurora Borealis that he suspects is part of an alternate universe. He leaves Lyra in the care of Mrs. Coulter, an enigmatic scholar and explorer who offers to give Lyra the attention her uncle has long refused her. In this multilayered narrative, however, nothing is as it seems. Lyra sets out for the top of the world in search of her kidnapped playmate, Roger, bearing a rare truth-telling instrument, the compass of the title. All around her children are disappearing—victims of so-called ""Gobblers""—and being used as subjects in terrible experiments that separate humans from their daemons, creatures that reflect each person's inner being. And somehow, both Lord Asriel and Mrs. Coulter are involved.",Open Library
El castillo ambulante,Fantasia clasica / juvenil,Howl's Moving Castle,Diana Wynne Jones,1986.0,Open Library,1986.0,1980.0,"As the oldest daughter, willful, outspoken Sophie knew that her life could lead to nothing but mistakes. When her father dies, her stepmother sends her two sisters out to make their fortunes while Sophie continues to work in the family hattery. As she whispers her thoughts to the hats she trims, the shop begins to grow in popularity, until she offends the Wicked Witch of the Waste. The witch casts a spell turning Sophie into an old woman. Sophie leaves the shop and happens upon the castle of the Wizard Howl. He has a reputation for finding young women and eating their hearts but that doesn't stop Sophie from moving in and turning the lives of the whole castle, including Howl's apprentice and his fire demon, upside down in a battle against the wicked witch and for Sophie's future.",Open Library
Alicia en el País de las Maravillas,Fantasia clasica / juvenil,Alicia en el país de las maravillas,Lewis Carroll,2016.0,Open Library,2016.0,2010.0,,
A través del espejo,Fantasia clasica / juvenil,Through the Looking-Glass,Lewis Carroll,1865.0,Open Library,1865.0,1860.0,"*Through the Looking-Glass, and What Alice Found There* (1871) is a work of children's literature by Lewis Carroll (Charles Lutwidge Dodgson), generally categorized in the fairy tale genre. It is the sequel to *Alice's Adventures in Wonderland* (1865). Although it makes no reference to the events in the earlier book, the themes and settings of *Through the Looking-Glass* make it a kind of mirror image of Wonderland: the first book begins outdoors, in the warm month of May, uses frequent changes in size as a plot device, and draws on the imagery of playing cards; the second opens indoors on a snowy, wintry night exactly six months later, on November 4 (the day before Guy Fawkes Night), uses frequent changes in time and spatial directions as a plot device, and draws on the imagery of chess. In it, there are many mirror themes, including opposites, time running backwards, and so on. ([Wikipedia][1])


  [1]: http://en.wikipedia.org/wiki/Through_the_Looking-Glass",Open Library
Caraval,Fantasia clasica / juvenil,Caraval,Stephanie Garber,2000.0,Open Library,2000.0,2000.0,"A legendary competition.
A mesmerizing romance.
An unbreakable bond
between two sisters.

Scarlett Dragna has never left the tiny island where she and her sister, Tella, live with their powerful, and cruel, father. Now Scarlett’s father has arranged a marriage for her, and Scarlett thinks her dreams of seeing Caraval—the faraway, once-a-year performance where the audience participates in the show—are over.

But this year, Scarlett’s long-dreamt-of invitation finally arrives. With the help of a mysterious sailor, Tella whisks Scarlett away to the show. Only, as soon as they arrive, Tella is kidnapped by Caraval’s mastermind organizer, Legend. It turns out that this season’s Caraval revolves around Tella, and whoever finds her first is the winner.

Scarlett has been told that everything that happens during Caraval is only an elaborate performance. Nevertheless she becomes enmeshed in a game of love, heartbreak, and magic. And whether Caraval is real or not, Scarlett must find Tella before the five nights of the game are over or a dangerous domino effect of consequences will be set off, and her beloved sister will disappear forever.

Welcome, welcome to Caraval . . . beware of getting swept too far away.",Open Library
El circo de la noche,Fantasia clasica / juvenil,The Night Circus,Erin Morgenstern,2011.0,Open Library,2011.0,2010.0,"The circus arrives without warning. No announcements precede it. It is simply there, when yesterday it was not. Within the black-and-white striped canvas tents is an utterly unique experience full of breathtaking amazements. It is called Le Cirque des Rêves, and it is only open at night. But behind the scenes, a fierce competition is underway—a duel between two young magicians, Celia and Marco, who have been trained since childhood expressly for this purpose by their mercurial instructors. Unbeknownst to them, this is a game in which only one can be left standing, and the circus is but the stage for a remarkable battle of imagination and will. Despite themselves, however, Celia and Marco tumble headfirst into love—a deep, magical love that makes the lights flicker and the room grow warm whenever they so much as brush hands. True love or not, the game must play out, and the fates of everyone involved, from the cast of extraordinary circus per formers to the patrons, hang in the balance, suspended as precariously as the daring acrobats overhead. Written in rich, seductive prose, this spell-casting novel is a feast for the senses and the heart. - Publisher.",Open Library
El mar sin estrellas,Fantasia clasica / juvenil,Alice's Adventures in Wonderland,Lewis Carroll,1865.0,Open Library,1865.0,1860.0,"Alice's Adventures in Wonderland (commonly Alice in Wonderland) is an 1865 English children's novel by Lewis Carroll. A young girl named Alice falls through a rabbit hole into a fantasy world of anthropomorphic creatures. It is seen as an example of the literary nonsense genre.

One of the best-known works of Victorian literature, its narrative, structure, characters and imagery have had huge influence on popular culture and literature, especially in the fantasy genre.",Open Library
La primera ley,Grimdark,Last Argument of Kings,Joe Abercrombie,2008.0,Open Library,2008.0,2000.0,"The King of the Union lies on his deathbed, the peasants revolt, and the nobles scramble to steal his crown. No one believes that the shadow of war is about to fall across the heart of the Union. Only the First of the Magi can save the world, but there are risks.",Open Library
Malaz: El libro de los caídos,Grimdark,"Deadhouse Gates (The Malazan Book of the Fallen, Book 2)",Steven Erikson,2000.0,Open Library,2000.0,2000.0,"The second book in Steven Erikson's thrilling epic fantasy series chronicling the ill-fated Malazan Empire.Weakened by events in Darujhistan, the Malazan Empire teeters on the brink of anarchy. In the vast dominion of Seven Cities, in the Holy Desert Raraku, the seer Sha'ik gathers an army around her in preparation for the long-prophesied uprising named the Whirlwind. Unprecedented in its size and savagery, it will embroil in one of the bloodiest conflicts it has ever known: a maelstrom of fanaticism and bloodlust that will shape destinies and give birth to legends... In the Otataral mines, Felisin, youngest daughter of the disgraced House of Paran, dreams of revenge against the sister who sentenced her to a life of slavery. Escape leads her to raraku, where her soul will be reborn and her future made clear. The now-outlawed Bridgeburners, Fiddler and the assassin Kalam, have vowed to return the once god-possessed Apsalar to her homeland, and to confront and kill the Empress Laseen, but events will overtake them too. Meanwhile, Coltaine, the charismatic commander of the Malaz 7th Army, will lead his battered, war-weary troops in a last, valient running battle to save the lives of thirty thousand refugees and, in so doing, secure an illustrious place in the Empire's chequered history. And into this blighted land come two ancient wanderers, Mappo and his half-Jaghut companion Icarium, bearers of a devastating secret that threatens to break free of its chains... Set in a brilliantly-realized world ravaged by anarchy and dark, uncontrollable magic, Deadhouse Gates is the thrilling, brutal second chapter in the Malazan Book of the Fallen. A powerful novel of war, intrigue and betrayal, it confirms Steven Erikson as a storyteller of breathtaking skill, imagination and originality - a new master of epic fantasy.",Open Library
La compañía negra,Grimdark,The Black Company,Glen Cook,1984.0,Open Library,1984.0,1980.0,"Some feel the Lady, newly risen from centuries in thrall, stands between humankind and evil. Some feel she is evil itself. The hard-bitten men of the Black Company take their pay and do what they must, burying their doubts with their dead. Until the prophesy: The White Rose has been reborn, somewhere, to embody good once more. There must be a way for the Black Company to find her... So begins one of the greatest fantasy epics of our age—Glen Cook's Chronicles of the Black Company.",Open Library
Babel,Dark Academia,Babel,R. F. Kuang,2022.0,Open Library,2022.0,2020.0,"From award-winning author R. F. Kuang comes Babel, a thematic response to The Secret History and a tonal retort to Jonathan Strange & Mr. Norrell that grapples with student revolutions, colonial resistance, and the use of language and translation as the dominating tool of the British empire.

Traduttore, traditore: An act of translation is always an act of betrayal.

1828. Robin Swift, orphaned by cholera in Canton, is brought to London by the mysterious Professor Lovell. There, he trains for years in Latin, Ancient Greek, and Chinese, all in preparation for the day he’ll enroll in Oxford University’s prestigious Royal Institute of Translation—also known as Babel.

Babel is the world's center for translation and, more importantly, magic. Silver working—the art of manifesting the meaning lost in translation using enchanted silver bars—has made the British unparalleled in power, as its knowledge serves the Empire’s quest for colonization.

For Robin, Oxford is a utopia dedicated to the pursuit of knowledge. But knowledge obeys power, and as a Chinese boy raised in Britain, Robin realizes serving Babel means betraying his motherland. As his studies progress, Robin finds himself caught between Babel and the shadowy Hermes Society, an organization dedicated to stopping imperial expansion. When Britain pursues an unjust war with China over silver and opium, Robin must decide…

Can powerful institutions be changed from within, or does revolution always require violence?",Open Library
Ninth House,Dark Academia,Ninth House,Leigh Bardugo,2019.0,Open Library,2019.0,2010.0,"Galaxy “Alex” Stern is the most unlikely member of Yale’s freshman class. Raised in the Los Angeles hinterlands by a hippie mom, Alex dropped out of school early and into a world of shady drug dealer boyfriends, dead-end jobs, and much, much worse. By age twenty, in fact, she is the sole survivor of a horrific, unsolved multiple homicide. Some might say she’s thrown her life away. But at her hospital bed, Alex is offered a second chance: to attend one of the world’s most elite universities on a full ride. What’s the catch, and why her?

Still searching for answers to this herself, Alex arrives in New Haven tasked by her mysterious benefactors with monitoring the activities of Yale’s secret societies. These eight windowless “tombs” are well-known to be haunts of the future rich and powerful, from high-ranking politicos to Wall Street and Hollywood’s biggest players. But their occult activities are revealed to be more sinister and more extraordinary than any paranoid imagination might conceive.",Open Library
Entrevista con el vampiro,Gotico clasico / vampiros,Interview With the Vampire,Anne Rice,1672.0,Open Library,1672.0,1670.0,"This is the story of Louis, as told in his own words, of his journey through mortal and immortal life. Louis recounts how he became a vampire at the hands of the radiant and sinister Lestat and how he became indoctrinated, unwillingly, into the vampire way of life. His story ebbs and flows through the streets of New Orleans, defining crucial moments such as his discovery of the exquisite lost young child Claudia, wanting not to hurt but to comfort her with the last breaths of humanity he has inside. Yet, he makes Claudia a vampire, trapping her womanly passion, will, and intelligence inside the body of a small child. Louis and Claudia form a seemingly unbreakable alliance and even ""settle down"" for a while in the opulent French Quarter. Louis remembers Claudia's struggle to understand herself and the hatred they both have for Lestat that sends them halfway across the world to seek others of their kind. Louis and Claudia are desperate to find somewhere they belong, to find others who understand, and someone who knows what and why they are.

Louis and Claudia travel Europe, eventually coming to Paris and the ragingly successful Theatre des Vampires--a theatre of vampires pretending to be mortals pretending to be vampires. Here they meet the magnetic and ethereal Armand, who brings them into a whole society of vampires. But Louis and Claudia find that finding others like themselves provides no easy answers and in fact presents dangers they scarcely imagined.

Originally begun as a short story, the book took off as Anne wrote it, spinning the tragic and triumphant life experiences of a soul. As well as the struggles of its characters, Interview captures the political and social changes of two continents. The novel also introduces Lestat, Anne's most enduring character, a heady mixture of attraction and revulsion. The book, full of lush description, centers on the themes of immortality, change, loss, sexuality, and power.
([source][1])


  [1]: http://annerice.com/Bookshelf-Interview.html",Open Library
El vampiro Lestat,Gotico clasico / vampiros,The Vampire Lestat,Anne Rice,1986.0,Open Library,1986.0,1980.0,"The Vampire Lestat (1985) is a vampire novel by American writer Anne Rice, the second in her Vampire Chronicles, following Interview with the Vampire (1976). The story is told from the point of view of the vampire Lestat de Lioncourt as narrator, while Interview is narrated by Louis de Pointe du Lac. Several events in the two books appear to contradict each other, allowing the reader to decide which version of events they believe to be accurate.",Open Library
Las brujas de Mayfair,Gotico clasico / vampiros,Taltos,Anne Rice,1994.0,Open Library,1994.0,1990.0,"Meet Mr. Ash, quiet-spoken, tall, unfailingly kind - sole survivor of an ancient species, the Taltos - thriving among humankind as he has always done, now the head of a great corporate empire. As the novel opens, he is stunned to learn from an old and mysterious friend that another Taltos has been seen - in the very same Scottish glen where centuries ago, long before the coming of the Romans, Ash ruled his clan.

At once he is propelled into the world of Rowan Mayfair, and into the mysteries of the Mayfair family - the New Orleans dynasty of witches forever besieged by ghosts, spirits, and the dizzying powers of his own species - a family intimately involved with the heritage of the Taltos, a family of unique, brilliant, and troubled souls struggling as they have for centuries to use both science and magic in their battle for greatness, even survival.

At the heart of the novel is the Talamasca, a secular order of psychic scholars, the only organization in existence which may understand Ash, his Taltos past, and the dilemma of the Mayfair witches. The story of the Mayfair family continues, moving from London to Donnelaith, Scotland, to New Orleans, back and forth through time - from the origins of the Taltos and their mythic Lost Land to the moral crises of the present day.",Open Library
Carmilla,Gotico clasico / vampiros,Carmilla,Sheridan Le Fanu,1871.0,Open Library,1871.0,1870.0,"First published as a serial in The Dark Blue (1871–72), *Carmilla* is narrated by a young woman preyed upon by a female vampire named Carmilla, later revealed to be Mircalla, Countess Karnstein (Carmilla is an anagram of Mircalla). The character is a prototypical example of the lesbian vampire, expressing romantic desires toward the protagonist. The novella notably never acknowledges homosexuality as an antagonistic trait, leaving it subtle and morally ambiguous. The story is often anthologised, and has been adapted many times in film and other media.",Open Library
El retrato de Dorian Gray,Gotico clasico / vampiros,The Picture of Dorian Gray,Oscar Wilde,1890.0,Open Library,1890.0,1890.0,"**The Picture of Dorian Gray** is a philosophical novel by Irish writer Oscar Wilde. A shorter novella-length version was published in the July 1890 issue of the American periodical *Lippincott’s Monthly Magazine*. The novel-length version was published in April 1891.

(Source: [Wikipedia](https://en.wikipedia.org/wiki/The_Picture_of_Dorian_Gray))",Open Library
Frankenstein,Gotico clasico / vampiros,"Frankenstein; or, The Modern Prometheus",Mary Shelley,1818.0,Open Library,1818.0,1810.0,"*Frankenstein; or, The Modern Prometheus* is an 1818 novel written by English author Mary Shelley. Frankenstein tells the story of Victor Frankenstein, a young scientist who creates a sapient creature in an unorthodox scientific experiment. Shelley started writing the story when she was 18, and the first edition was published anonymously in London on 1 January 1818, when she was 20. Her name first appeared in the second edition, which was published in Paris in 1821.",Open Library
El castillo de Otranto,Gotico clasico / vampiros,The Castle of Otranto,Horace Walpole,1764.0,Open Library,1764.0,1760.0,"This book is the earliest and most influential of the Gothic novels. First published pseudonymously in 1764, The Castle of Otranto purported to be a translation of an Italian story of the time of the crusades. In it Walpole attempted, as he declared in the Preface to the second edition, ""to blend the two kinds of romance: the ancient and the modern."" He gives us a series of catastrophes, ghostly interventions, revelations of identity, and exciting contests. Crammed with invention, entertainment, terror, and pathos, the novel was an immediate success and Walpole's own favorite among his numerous works. - Back cover.",Open Library
Vampire Academy,Gotico clasico / vampiros,Vampire Academy,"Richelle Mead, Richelle Mead",2007.0,Open Library,2007.0,2000.0,"St. Vladimir's Academy isn't just any boarding school-it's a hidden place where vampires are educated in the ways of magic and half-human teens train to protect them. Rose Hathaway is a Dhampir, a bodyguard for her best friend Lissa, a Moroi Vampire Princess. They've been on the run, but now they're being dragged back to St. Vladimir's-the very place where they're most in danger...Rose and Lissa become enmeshed in forbidden romance, the Academy's ruthless social scene, and unspeakable nighttime rituals. But they must be careful lest the Strigoi-the world's fiercest and most dangerous vampires-make Lissa one of them forever.",Open Library
A Dowry of Blood,Gotico clasico / vampiros,A Dowry of Blood,S. T. Gibson,2021.0,Open Library,2021.0,2020.0,"*This is my last love letter to you, though some would call it a confession. . .*

Saved from the brink of death by a mysterious stranger, Constanta is transformed from a medieval peasant into a bride fit for an undying king. But when Dracula draws a cunning aristocrat and a starving artist into his web of passion and deceit, Constanta realizes that her beloved is capable of terrible things.

Finding comfort in the arms of her rival consorts, she begins to unravel their husband's dark secrets. With the lives of everyone she loves on the line, Constanta will have to choose between her own freedom and her love for her husband. But bonds forged by blood can only be broken by death.",Open Library
Los juegos del hambre,Distopia juvenil,The Hunger Games,Suzanne Collins,2008.0,Open Library,2008.0,2000.0,"The Hunger Games is a 2008 dystopian novel by the American writer Suzanne Collins. It is written in the perspective of 16-year-old Katniss Everdeen, who lives in the future, post-apocalyptic nation of Panem in North America. The Capitol, a highly advanced metropolis, exercises political control over the rest of the nation. The Hunger Games is an annual event in which one boy and one girl aged 12–18 from each of the twelve districts surrounding the Capitol are selected by lottery to compete in a televised battle royale to the death.

The book received critical acclaim from major reviewers and authors. It was praised for its plot and character development. In writing The Hunger Games, Collins drew upon Greek mythology, Roman gladiatorial games, and contemporary reality television for thematic content. The novel won many awards, including the California Young Reader Medal, and was named one of Publishers Weekly's ""Best Books of the Year"" in 2008.

The Hunger Games was first published in hardcover on September 14, 2008, by Scholastic, featuring a cover designed by Tim O'Brien.",Open Library
En llamas,Distopia juvenil,Pedro Páramo,Juan Rulfo,1955.0,Open Library,1955.0,1950.0,"Dentro de su brevedad -determinada por el rigor y la concentración expresiva-, *Pedro Páramo* sintetiza la mayor parte de los temas que han interesado -y afligido- siempre a los mexicanos: ese misterio nacional que el talento de Juan Rulfo ha sabido condensar por medio rural del sur de Jalisco -de Comala en particular, región inscrita ya en la mitología literia universal-; sus personajes muertos que ""evasivos, reticentes, convierten en secreto el aire mismo, y se vuelven elocuentes como consecuencia de callarse.""",Open Library
Sinsajo,Distopia juvenil,Mockingjay,Suzanne Collins,2010.0,Open Library,2010.0,2010.0,The last book in the Hunger Games Series.  This book is filled with excitement and action regarding the ongoing war with the capital.,Open Library
Divergente,Distopia juvenil,Divergent,Veronica Roth,2010.0,Open Library,2010.0,2010.0,"‘Divergent’ is the first in a trilogy of dystopian, YA novels by Veronica Roth. The book is written from Beatrice Prior’s (Tris), point of view and is written in short chapters making it easy to put down and pick up again.

The story is fast paced with full on action throughout. It contains elements of humour and romance, alongside some seriously brutal scenes, especially during Tris’s initiation. There is also quite a few though provoking moments.

This was one of the first YA novels that I read and I found myself hooked right through to the very last word.

The scenes are described in detail giving you a clear picture and making it easy to visualise the on goings in your head.

Tris can be a little moody at times and doubts herself too much, but this only adds to her good nature, fun, determined and strong personality which we see blossom throughout

The ending wasn’t what I expected, thus my need to get the second book, ‘Insurgent’, straight away. I Needed to know what happened next.

I surprisingly found myself enjoying Divergent much more than I first thought I would, and thus my love of YA novels began.

Divergent was made into a movie back in 2014. If you have seen the film but not read the book then you are missing out on vital aspects of the plot and characters, that didn’t appear in the film. I enjoyed the film, just not as much as the book.",Open Library
Maze Runner,Distopia juvenil,The Maze Runner,James Dashner,2009.0,Open Library,2009.0,2000.0,"When Thomas wakes up in the lift, the only thing he can remember is his first name.  His memory is blank.  But he's not alone.  When the lift's doors open, Thomas finds himself surrounded by kids who welcome him to the Glade--a large, open expanse surrounded by stone walls.  Just like Thomas, the Gladers don't know why or how they got to the Glade.  All they know is that every morning the stone doors to the maze that surrounds them have opened.  Every night they've closed tight.  And every 30 days a new boy has been delivered in the lift.  Thomas was expected.  But the next day, a girl is sent up--the first girl to ever arrive in the Glade.  And more surprising yet is the message she delivers.  Thomas might be more important than he could ever guess.  If only he could unlock the dark secrets buried within his mind.  From the Hardcover edition.",Open Library
Ready Player One,Distopia juvenil,Ready Player One,Ernest Cline,2008.0,Open Library,2008.0,2000.0,"In the year 2044. reality is an ugly place. The only time teenage Wade Watts *really* feels alive is when he's jacked into the virtual utopia known as the OASIS. Wade's devoted his life to studying the puzzles hidden within this world's digital confines--puzzles that are based on their creator's obsession with the pop culture of decades past and that promise massive power and fortune to whoever can unlock them. 

But when Wade stumbles upon the first clue, he finds himself beset by players willing to kill to take this ultimate prize. The race is on, and if Wade's going to survive, he'll have to win--and confront the real world he's always been so desperate to escape. (Provided by publisher).",Open Library
Scott Pilgrim,Distopia juvenil,Scott Pilgrim's Precious Little Life,Bryan Lee O'Malley,2004.0,Open Library,2004.0,2000.0,"Scott Pilgrim's life is fantastic. He's 23 years old, in a rock band, between jobs, and dating a cute high school girl. Everything's awesome until a seriously mind-blowing delivery girl named Ramona Flowers enters his life.",Open Library
Las ventajas de ser invisible,Romance juvenil / coming-of-age,Las Ventajas de Ser Invisible,"Stephen Chbosky, Vanesa Perez-Sauquillo",2013.0,Open Library,2013.0,2010.0,,
Heartstopper,Romance juvenil / coming-of-age,"Heartstopper, Volume 1",Alice Oseman,2018.0,Open Library,2018.0,2010.0,"Boy meets boy.
Boys become friends.
Boys fall in love.

Charlie and Nick are at the same school, but they've never met ... until one day when they're made to sit together.
They quickly become friends, and soon Charlie is falling hard for Nick, even though he doesn't think he has a chance.

But love works in surprising ways, and Nick is more interested in Charlie than either of them realise.",Open Library
A todos los chicos de los que me enamoré,Romance juvenil / coming-of-age,A Todos Los Chicos De Los Que Me Enamore,Jenny Han,2013.0,Open Library,2013.0,2010.0,,
Eleanor & Park,Romance juvenil / coming-of-age,Eleanor & Park,Rainbow Rowell,2012.0,Open Library,2012.0,2010.0,"## Two misfits. One extraordinary love. ##


----------
## Eleanor ##
...Red hair, wrong clothes. Standing behind him until he turns his head. Lying beside him until he wakes up. Making everyone else seem drabber and flatter and never good enough... Eleanor.
## Park ##
...He knows she'll love a song before he plays it for her. He laughs at her jokes before she ever gets to the punch line. There's a place on his chest, just below his throat, that makes her want to keep promises... Park. 

----------

Set over the course of one school year, this is the story of two star-crossed sixteen-year-olds -- smart enough to know that first love almost never lasts, but brave and desperate enough to try.",Open Library
Nettle & Bone,Fantasia de cuento de hadas,Nettle & Bone,T. Kingfisher,2022.0,Open Library,2022.0,2020.0,"After years of seeing her sisters suffer at the hands of an abusive prince, Marra—the shy, convent-raised, third-born daughter—has finally realized that no one is coming to their rescue. No one, except for Marra herself.

Seeking help from a powerful gravewitch, Marra is offered the tools to kill a prince—if she can complete three impossible tasks. But, as is the way in tales of princes, witches, and daughters, the impossible is only the beginning.

On her quest, Marra is joined by the gravewitch, a reluctant fairy godmother, a strapping former knight, and a chicken possessed by a demon. Together, the five of them intend to be the hand that closes around the throat of the prince and frees Marra's family and their kingdom from its tyrannous ruler at last.",Open Library
Uprooted,Fantasia de cuento de hadas,Uprooted,Naomi Novik,2015.0,Open Library,2015.0,2010.0,"""Our Dragon doesn't eat the girls he takes, no matter what stories they tell outside our valley. We hear them sometimes, from travelers passing through. They talk as though we were doing human sacrifice, and he were a real dragon. Of course that's not true: he may be a wizard and immortal, but he's still a man, and our fathers would band together and kill him if he wanted to eat one of use every ten years. He protects us against the Wood, and we're grateful, but not that grateful.""",Open Library
Spinning Silver,Fantasia de cuento de hadas,Spinning Silver,Naomi Novik,2018.0,Open Library,2018.0,2010.0,"""A fresh and imaginative retelling of the Rumpelstiltskin fairytale from the bestselling author of Uprooted, called ""a very enjoyable fantasy with the air of a modern classic"" by The New York Times Book Review. Miryem is the daughter and granddaughter of moneylenders, but her father is not a very good one. Free to lend and reluctant to collect, he has left his family on the edge of poverty--until Miryem intercedes. Hardening her heart, she sets out to retrieve what is owed, and soon gains a reputation for being able to turn silver into gold. But when an ill-advised boast brings her to the attention of the cold creatures who haunt the wood, nothing will be the same again. For words have power, and the fate of a kingdom will be forever altered by the challenge she is issued. Channeling the heart of the classic fairy tale, Novik deftly interweaves six distinct narrative voices--each learning valuable lessons about sacrifice, power and love--into a rich, multilayered fantasy that readers will want to return to again and again""--",Open Library
A Deadly Education,Fantasia de cuento de hadas,A Deadly Education,Naomi Novik,2020.0,Open Library,2020.0,2020.0,,
The Bear and the Nightingale,Fantasia de cuento de hadas,The Bear and the Nightingale,Katherine Arden,2017.0,Open Library,2017.0,2010.0,"At the edge of the Russian wilderness, winter lasts most of the year and the snowdrifts grow taller than houses. But Vasilisa doesn't mind—she spends the winter nights huddled around the embers of a fire with her beloved siblings, listening to her nurse's fairy tales. Above all, she loves the chilling story of Frost, the blue-eyed winter demon, who appears in the frigid night to claim unwary souls. Wise Russians fear him, her nurse says, and honor the spirits of house and yard and forest that protect their homes from evil.

After Vasilisa's mother dies, her father goes to Moscow and brings home a new wife. Fiercely devout, city-bred, Vasilisa's new stepmother forbids her family from honoring the household spirits. The family acquiesces, but Vasilisa is frightened, sensing that more hinges upon their rituals than anyone knows.

And indeed, crops begin to fail, evil creatures of the forest creep nearer, and misfortune stalks the village. All the while, Vasilisa's stepmother grows ever harsher in her determination to groom her rebellious stepdaughter for either marriage or confinement in a convent.

As danger circles, Vasilisa must defy even the people she loves and call on dangerous gifts she has long concealed—this, in order to protect her family from a threat that seems to have stepped from her nurse's most frightening tales.

The Bear and the Nightingale is a magical debut novel from a gifted and gorgeous voice. It spins an irresistible spell as it announces the arrival of a singular talent.",Open Library
The Once and Future Witches,Fantasia de cuento de hadas,The Once and Future Witches,Alix E. Harrow,2020.0,Open Library,2020.0,2020.0,"In 1893, there's no such thing as witches. There used to be, in the wild, dark days before the burnings began, but now witching is nothing but tidy charms and nursery rhymes. If the modern woman wants any measure of power, she must find it at the ballot box.

But when the Eastwood sisters―James Juniper, Agnes Amaranth, and Beatrice Belladonna―join the suffragists of New Salem, they begin to pursue the forgotten words and ways that might turn the women's movement into the witch's movement. Stalked by shadows and sickness, hunted by forces who will not suffer a witch to vote―and perhaps not even to live―the sisters will need to delve into the oldest magics, draw new alliances, and heal the bond between them if they want to survive.

There's no such thing as witches. But there will be.

An homage to the indomitable power and persistence of women, The Once and Future Witches reimagines stories of revolution, motherhood, and women's suffrage—the lost ways are calling.",Open Library
The Invisible Life of Addie LaRue,Fantasia de cuento de hadas,The Invisible Life of Addie LaRue,V. E. Schwab,2015.0,Open Library,2015.0,2010.0,"France, 1714: in a moment of desperation, a young woman makes a Faustian bargain to live forever and is cursed to be forgotten by everyone she meets.

Thus begins the extraordinary life of Addie LaRue, and a dazzling adventure that will play out across centuries and continents, across history and art, as a young woman learns how far she will go to leave her mark on the world.

But everything changes when, after nearly 300 years, Addie stumbles across a young man in a hidden bookstore and he remembers her name.",Open Library
La casa en el mar más azul,Cozy Fantasy / sobrenatural,The house in the Cerulean Sea,T. J. Klune,2019.0,Open Library,2019.0,2010.0,"Linus is an uptight caseworker with a heart of gold working for the department in charge of magical youth. When he goes to investigate an orphanage on an island with supposedly dangerous children and an enigmatic leader Arthur, he’s expecting the worst. But it turns out he might be falling in love with Arthur and his charges.",Open Library
Under the Whispering Door,Cozy Fantasy / sobrenatural,Under the Whispering Door,T. J. Klune,2021.0,Open Library,2021.0,2020.0,"**A Man Called Ove meets The Good Place in Under the Whispering Door, a delightful queer love story from TJ Klune, author of the New York Times and USA Today bestseller The House in the Cerulean Sea.**

**Welcome to Charon's Crossing.
The tea is hot, the scones are fresh, and the dead are just passing through.**

When a reaper comes to collect Wallace from his own funeral, Wallace begins to suspect he might be dead.

And when Hugo, the owner of a peculiar tea shop, promises to help him cross over, Wallace decides he’s definitely dead.

But even in death he’s not ready to abandon the life he barely lived, so when Wallace is given one week to cross over, he sets about living a lifetime in seven days.

Hilarious, haunting, and kind, Under the Whispering Door is an uplifting story about a life spent at the office and a death spent building a home.",Open Library
